{
  "date": "2023-06-25",
  "timezone": "Indian/Mauritius",
  "generated": "2026-01-17T16:01:00.980Z",
  "outageCount": 16,
  "outages": [
    {
      "date": "Le dimanche 25 juin 2023 de  14:00:00 à  15:00:00",
      "locality": "ALBION",
      "localitySlug": "albion",
      "streets": "CAMP CREOLE, ALBATROS, CARDINAUX, SOLITAIRE, FLAMINGO, PELICAN",
      "district": "blackriver",
      "from": "2023-06-25T10:00:00.000Z",
      "to": "2023-06-25T11:00:00.000Z",
      "id": "5f3bc3f336cfc963baee564481a6c479"
    },
    {
      "date": "Le dimanche 25 juin 2023 de  08:30:00 à  09:30:00",
      "locality": "ALBION",
      "localitySlug": "albion",
      "streets": "CAMP CREOLE, ALBATROS, CARDINAUX, SOLITAIRE, FLAMINGO, PELICAN",
      "district": "blackriver",
      "from": "2023-06-25T04:30:00.000Z",
      "to": "2023-06-25T05:30:00.000Z",
      "id": "080650a3039f31cdb4f93bbba568d005"
    },
    {
      "date": "Le dimanche 25 juin 2023 de  09:30:00 à  14:00:00",
      "locality": "GRAND BEL AIR",
      "localitySlug": "grand-bel-air",
      "streets": "VRS Grand Bel Air",
      "district": "flacq",
      "from": "2023-06-25T05:30:00.000Z",
      "to": "2023-06-25T10:00:00.000Z",
      "id": "55efd646b40762684ee097be84249ad9"
    },
    {
      "date": "Le dimanche 25 juin 2023 de  14:30:00 à  19:00:00",
      "locality": "POSTE DE FLACQ",
      "localitySlug": "poste-de-flacq",
      "streets": "NHDC POSTE DE FLACQ.",
      "district": "flacq",
      "from": "2023-06-25T10:30:00.000Z",
      "to": "2023-06-25T15:00:00.000Z",
      "id": "709b655886ef596c4afc4fbcfe917a5a"
    },
    {
      "date": "Le dimanche 25 juin 2023 de  08:30:00 à  16:00:00",
      "locality": "ILOT",
      "localitySlug": "ilot",
      "streets": "LES ABONNES DU VILLAGE DE ILOT.",
      "district": "pamplemousses",
      "from": "2023-06-25T04:30:00.000Z",
      "to": "2023-06-25T12:00:00.000Z",
      "id": "7bf0f2bc371eb19e792b107bca88f3e7"
    },
    {
      "date": "Le dimanche 25 juin 2023 de  08:30:00 à  14:30:00",
      "locality": "TROU AUX BICHES",
      "localitySlug": "trou-aux-biches",
      "streets": "MORC ASTITVA TROU AUX BICHES",
      "district": "pamplemousses",
      "from": "2023-06-25T04:30:00.000Z",
      "to": "2023-06-25T10:30:00.000Z",
      "id": "24add2091cca666864edf4bd2fbf15bb"
    },
    {
      "date": "Le dimanche 25 juin 2023 de  09:00:00 à  15:00:00",
      "locality": "ROSE-HILL",
      "localitySlug": "rose-hill",
      "streets": "Ave Boundary, Labourdonnais, Stevenson",
      "district": "plainewilhems",
      "from": "2023-06-25T05:00:00.000Z",
      "to": "2023-06-25T11:00:00.000Z",
      "id": "d4fd36adb3b36db8b01a9f526083ec85"
    },
    {
      "date": "Le dimanche 25 juin 2023 de  08:30:00 à  16:00:00",
      "locality": "PHOENIX",
      "localitySlug": "phoenix",
      "streets": "Zone industrielle et Valentina Road Phoenix",
      "district": "plainewilhems",
      "from": "2023-06-25T04:30:00.000Z",
      "to": "2023-06-25T12:00:00.000Z",
      "id": "6a987647c7daa8122a6a637052b87b52"
    },
    {
      "date": "Le dimanche 25 juin 2023 de  08:15:00 à  16:00:00",
      "locality": "FLOREAL",
      "localitySlug": "floreal",
      "streets": "Les abonnés de Floreal, Cite Mangalkhan habitant les régions et les rues suivantes : Carnegie, Govinden et les ruelles avoisinantes",
      "district": "plainewilhems",
      "from": "2023-06-25T04:15:00.000Z",
      "to": "2023-06-25T12:00:00.000Z",
      "id": "746f99eafa43c80329013ad881a2c976"
    },
    {
      "date": "Le dimanche 25 juin 2023 de  12:00:00 à  16:00:00",
      "locality": "FLOREAL",
      "localitySlug": "floreal",
      "streets": "Les abonnés de Floreal, Cite Mangalkhan habitant les régions et les rues suivantes : Mongomgery, Mahatma Gandhi,  Balzac, Elliot, Orient, Abercombie, Lavoisier, One Way et les ruelles avoisinantes",
      "district": "plainewilhems",
      "from": "2023-06-25T08:00:00.000Z",
      "to": "2023-06-25T12:00:00.000Z",
      "id": "de73deb00624b80283af3ec651d5fe85"
    },
    {
      "date": "Le dimanche 25 juin 2023 de  09:00:00 à  16:00:00",
      "locality": "MONT BLANC",
      "localitySlug": "mont-blanc",
      "streets": "LES ABONNES DU VILLAGE DE MONT BLANC.",
      "district": "plainewilhems",
      "from": "2023-06-25T05:00:00.000Z",
      "to": "2023-06-25T12:00:00.000Z",
      "id": "08ef21ec00fd2beb7d61f5ef16317171"
    },
    {
      "date": "Le dimanche 25 juin 2023 de  11:00:00 à  15:30:00",
      "locality": "GRAND GAUBE",
      "localitySlug": "grand-gaube",
      "streets": "dans les environs de Royal Road, John Kennedy, Camp Madras et Citern Road",
      "district": "rivieredurempart",
      "from": "2023-06-25T07:00:00.000Z",
      "to": "2023-06-25T11:30:00.000Z",
      "id": "25f891a545ebb452dc8157f4f2c7589f"
    },
    {
      "date": "Le dimanche 25 juin 2023 de  08:30:00 à  15:30:00",
      "locality": "MON LOISIR",
      "localitySlug": "mon-loisir",
      "streets": "dans les environs de Morc VRS et Des Jardins",
      "district": "rivieredurempart",
      "from": "2023-06-25T04:30:00.000Z",
      "to": "2023-06-25T11:30:00.000Z",
      "id": "21a9bc40f8817cf05423fbe5c1be59b1"
    },
    {
      "date": "Le dimanche 25 juin 2023 de  08:00:00 à  11:00:00",
      "locality": "GOODLANDS",
      "localitySlug": "goodlands",
      "streets": "dans les environs de Mlle Jeanne, Mme Azor et Morc Petit Village",
      "district": "rivieredurempart",
      "from": "2023-06-25T04:00:00.000Z",
      "to": "2023-06-25T07:00:00.000Z",
      "id": "6024dff91a021aaa907842707a9d6579"
    },
    {
      "date": "Le dimanche 25 juin 2023 de  08:30:00 à  16:00:00",
      "locality": "CAMP DIABLE",
      "localitySlug": "camp-diable",
      "streets": "LES ABONNES DU VILLAGE DE CAMP DIABLE.",
      "district": "savanne",
      "from": "2023-06-25T04:30:00.000Z",
      "to": "2023-06-25T12:00:00.000Z",
      "id": "605ceaf33011eedfa12cb317c5dd4b74"
    },
    {
      "date": "Le dimanche 25 juin 2023 de  09:00:00 à  16:00:00",
      "locality": "CHAMOUNY",
      "localitySlug": "chamouny",
      "streets": "LES ABONNES DU VILLAGE DE MONT BLANC.",
      "district": "savanne",
      "from": "2023-06-25T05:00:00.000Z",
      "to": "2023-06-25T12:00:00.000Z",
      "id": "75e238c35e12279858fdbe4648cefa46"
    }
  ]
}