{
  "date": "2023-05-20",
  "timezone": "Indian/Mauritius",
  "generated": "2026-01-09T17:03:35.182Z",
  "outageCount": 13,
  "outages": [
    {
      "date": "Le samedi 20 mai 2023 de  08:30:00 à  14:00:00",
      "locality": "LA LOUISA",
      "localitySlug": "la-louisa",
      "streets": "Village La Louisa, Village Bois rouge, Beau Plan Camp,Greencoast, Mahogany Shopping Mall,Le Muguet, Mango Village, Grays Bottling Ltd, Swami Dayanand Institue (Universite Des Mascareignes) Et College SSS pamplemousses",
      "district": "pamplemousses",
      "from": "2023-05-20T04:30:00.000Z",
      "to": "2023-05-20T10:00:00.000Z",
      "id": "1ca4e955c705a9d71d9b1657ccf42131"
    },
    {
      "date": "Le samedi 20 mai 2023 de  06:30:00 à  14:00:00",
      "locality": "LA LOUISA",
      "localitySlug": "la-louisa",
      "streets": "Village La Louisa, Village Bois rouge, Beau Plan Camp,Greencoast, Mahogany Shopping Mall,Le Muguet, Mango Village, Grays Bottling Ltd, Swami Dayanand Institue (Universite Des Mascareignes) Et College SSS pamplemousses",
      "district": "pamplemousses",
      "from": "2023-05-20T02:30:00.000Z",
      "to": "2023-05-20T10:00:00.000Z",
      "id": "299991b8b771b625ba6d8752a230e19c"
    },
    {
      "date": "Le samedi 20 mai 2023 de  08:30:00 à  15:00:00",
      "locality": "PHOENIX",
      "localitySlug": "phoenix",
      "streets": "une partie de Palmerstone Road, Cité Palmerstone",
      "district": "plainewilhems",
      "from": "2023-05-20T04:30:00.000Z",
      "to": "2023-05-20T11:00:00.000Z",
      "id": "6476b6735bf4799eee3eab6b9897f0d4"
    },
    {
      "date": "Le samedi 20 mai 2023 de  08:30:00 à  16:00:00",
      "locality": "QUATRE-BORNES",
      "localitySlug": "quatre-bornes",
      "streets": "En partie Morcellement Ah Yen",
      "district": "plainewilhems",
      "from": "2023-05-20T04:30:00.000Z",
      "to": "2023-05-20T12:00:00.000Z",
      "id": "3480f5e698b3778055bf3b1e2d7be0f0"
    },
    {
      "date": "Le samedi 20 mai 2023 de  08:30:00 à  16:00:00",
      "locality": "BEAU BASSIN",
      "localitySlug": "beau-bassin",
      "streets": "Beachwear, J & B Contracting, Topprint et les environs",
      "district": "plainewilhems",
      "from": "2023-05-20T04:30:00.000Z",
      "to": "2023-05-20T12:00:00.000Z",
      "id": "7dcd4c04c5e4b2118761e3cfc5099e7d"
    },
    {
      "date": "Le samedi 20 mai 2023 de  08:30:00 à  16:00:00",
      "locality": "MARE GRAVIER",
      "localitySlug": "mare-gravier",
      "streets": "Dookun Lane, Asterix St, Castafiore St et Tournesol",
      "district": "plainewilhems",
      "from": "2023-05-20T04:30:00.000Z",
      "to": "2023-05-20T12:00:00.000Z",
      "id": "434b755746aff581046321bf5a24e170"
    },
    {
      "date": "Le samedi 20 mai 2023 de  08:30:00 à  15:30:00",
      "locality": "SAINT FRANCOIS",
      "localitySlug": "saint-francois",
      "streets": "une partie du village de St François",
      "district": "portlouis",
      "from": "2023-05-20T04:30:00.000Z",
      "to": "2023-05-20T11:30:00.000Z",
      "id": "9e5d0afeb999836414742dca7f723d7b"
    },
    {
      "date": "Le samedi 20 mai 2023 de  08:30:00 à  14:00:00",
      "locality": "PETIT VERGER P AUX SABLES",
      "localitySlug": "petit-verger-p-aux-sables",
      "streets": "DANS LES ENVIRONS DE AVENUE LA FAYETTE ET UNE PARTIE DE AVENUE PEUPLIERS",
      "district": "portlouis",
      "from": "2023-05-20T04:30:00.000Z",
      "to": "2023-05-20T10:00:00.000Z",
      "id": "3877331d9f9ab6bbfb7f4b61ee8e3b44"
    },
    {
      "date": "Le samedi 20 mai 2023 de  08:30:00 à  15:30:00",
      "locality": "GRAND GAUBE",
      "localitySlug": "grand-gaube",
      "streets": "une partie du village de Grand Gaube",
      "district": "rivieredurempart",
      "from": "2023-05-20T04:30:00.000Z",
      "to": "2023-05-20T11:30:00.000Z",
      "id": "87877cf30601f8046e20b8135b2b2a7d"
    },
    {
      "date": "Le samedi 20 mai 2023 de  08:30:00 à  15:30:00",
      "locality": "CALODYNE",
      "localitySlug": "calodyne",
      "streets": "le village de Calodyne",
      "district": "rivieredurempart",
      "from": "2023-05-20T04:30:00.000Z",
      "to": "2023-05-20T11:30:00.000Z",
      "id": "97e5f0c39d331701d4df838dee9f91b7"
    },
    {
      "date": "Le samedi 20 mai 2023 de  08:30:00 à  15:30:00",
      "locality": "ANSE LA RAIE",
      "localitySlug": "anse-la-raie",
      "streets": "Le village DAnse La Raie",
      "district": "rivieredurempart",
      "from": "2023-05-20T04:30:00.000Z",
      "to": "2023-05-20T11:30:00.000Z",
      "id": "32a4a5649e269098dd0531bdb5818cae"
    },
    {
      "date": "Le samedi 20 mai 2023 de  08:30:00 à  15:30:00",
      "locality": "CAP MALHEUREUX",
      "localitySlug": "cap-malheureux",
      "streets": "le village de Cap Malheureux",
      "district": "rivieredurempart",
      "from": "2023-05-20T04:30:00.000Z",
      "to": "2023-05-20T11:30:00.000Z",
      "id": "418f87b11eac96a5858641a4438bd369"
    },
    {
      "date": "Le samedi 20 mai 2023 de  08:30:00 à  15:00:00",
      "locality": "RODRIGUES",
      "localitySlug": "rodrigues",
      "streets": "SONGES-PORT SUD EST-MOUROUK-MONTAGNE CHERIE",
      "district": "rodrigues",
      "from": "2023-05-20T04:30:00.000Z",
      "to": "2023-05-20T11:00:00.000Z",
      "id": "535503505e78b2416f470bb0baa22f56"
    }
  ]
}