{
  "date": "2023-05-21",
  "timezone": "Indian/Mauritius",
  "generated": "2026-02-04T08:06:44.541Z",
  "outageCount": 19,
  "outages": [
    {
      "date": "Le dimanche 21 mai 2023 de  12:00:00 à  14:30:00",
      "locality": "FLIC-EN-FLAC",
      "localitySlug": "flic-en-flac",
      "streets": "MORC DE CHAZAL- BEACH APPARTMENT",
      "district": "blackriver",
      "from": "2023-05-21T08:00:00.000Z",
      "to": "2023-05-21T10:30:00.000Z",
      "id": "502e79b4080b96284fff713c16c534d1"
    },
    {
      "date": "Le dimanche 21 mai 2023 de  08:30:00 à  11:00:00",
      "locality": "FLIC-EN-FLAC",
      "localitySlug": "flic-en-flac",
      "streets": "AVE CARRIERE- WOLMAR APPARTMENT ET MORC DE CHAZAL- APPARTMENT MOUKIT",
      "district": "blackriver",
      "from": "2023-05-21T04:30:00.000Z",
      "to": "2023-05-21T07:00:00.000Z",
      "id": "3bd3c9e324e8950c5cb0b3a9dc10a436"
    },
    {
      "date": "Le dimanche 21 mai 2023 de  08:30:00 à  16:00:00",
      "locality": "ALBION",
      "localitySlug": "albion",
      "streets": "Morc Raffray, Ave Ouragan, Ave Victory, Ave St Geran, Ave Black Empire, Ave Bounty, Ave Albatross, Ave Dahlia, Ave Tulipes et les environs",
      "district": "blackriver",
      "from": "2023-05-21T04:30:00.000Z",
      "to": "2023-05-21T12:00:00.000Z",
      "id": "a56f85ef2755cca366e383eedf541c89"
    },
    {
      "date": "Le dimanche 21 mai 2023 de  08:15:00 à  16:00:00",
      "locality": "MONT IDA",
      "localitySlug": "mont-ida",
      "streets": "En partie du village de Mont Ida et dans les environs de Morcellement Sangar et Morcellement Joomye",
      "district": "flacq",
      "from": "2023-05-21T04:15:00.000Z",
      "to": "2023-05-21T12:00:00.000Z",
      "id": "3dd576a0928b40f20031377a2e4053fb"
    },
    {
      "date": "Le dimanche 21 mai 2023 de  08:30:00 à  17:00:00",
      "locality": "MAHEBOURG",
      "localitySlug": "mahebourg",
      "streets": "Mahebourg habitant dans le périmètre et les rues suivantes: Chemin Grove, Amigo Street, Licoris Street, Allée Geude, Tombeau Street, Ramnarain Street, Gopalla Lane, Gopeela Lane, Shivala Lane, Impasse Notre Dame,Supermarché Kong, une partie de Allée Geude, Dollar Lane, Karan Lane, Gopalla Lane, Ville Neuve et une partie de la Route Royale Mahebourg",
      "district": "grandport",
      "from": "2023-05-21T04:30:00.000Z",
      "to": "2023-05-21T13:00:00.000Z",
      "id": "999ad5d2113bdceef5bfe5e2ff307a72"
    },
    {
      "date": "Le dimanche 21 mai 2023 de  09:30:00 à  14:00:00",
      "locality": "VILLENOIRE",
      "localitySlug": "villenoire",
      "streets": "Ville Noire habitant dans le périmètre et les rues suivantes: Boulangerie Road, Saint Martin Street, Bazaar Street, Bambous Street, Rafael Street, Aigrettes Street, Reben Street",
      "district": "grandport",
      "from": "2023-05-21T05:30:00.000Z",
      "to": "2023-05-21T10:00:00.000Z",
      "id": "fdfebaf9488a2dff246f06f6bcc3768b"
    },
    {
      "date": "Le dimanche 21 mai 2023 de  08:30:00 à  15:00:00",
      "locality": "MARE D-ALBERT",
      "localitySlug": "mare-d-albert",
      "streets": "Mare D’Albert habitant dans le périmètre et les rues suivantes: Railway Road, Morcellement Le Verger et Filling Station Vivo Gros Bois",
      "district": "grandport",
      "from": "2023-05-21T04:30:00.000Z",
      "to": "2023-05-21T11:00:00.000Z",
      "id": "990b13edbc6a5c54536b46be60948a56"
    },
    {
      "date": "Le dimanche 21 mai 2023 de  08:15:00 à  16:00:00",
      "locality": "COTE D-OR",
      "localitySlug": "cote-d-or",
      "streets": "Côte d’Or Village, Cite Côte d’Or, Morcellement Les Amies, Morcellement VRS Côte d’Or",
      "district": "moka",
      "from": "2023-05-21T04:15:00.000Z",
      "to": "2023-05-21T12:00:00.000Z",
      "id": "c3690b586a59967a5966fe0835abacf5"
    },
    {
      "date": "Le dimanche 21 mai 2023 de  08:30:00 à  17:30:00",
      "locality": "VUILLEMIN Q.MILITAIRE",
      "localitySlug": "vuillemin-qmilitaire",
      "streets": "Les abonnés du village de Vuillemin",
      "district": "moka",
      "from": "2023-05-21T04:30:00.000Z",
      "to": "2023-05-21T13:30:00.000Z",
      "id": "0d0dc74831bc06425df67b8ceea151b5"
    },
    {
      "date": "Le dimanche 21 mai 2023 de  08:30:00 à  15:00:00",
      "locality": "TOMBEAU BAY",
      "localitySlug": "tombeau-bay",
      "streets": "DANS LES ENVIRONS DE LA RUE OURSIN ET PONT BRUNIQUEL",
      "district": "pamplemousses",
      "from": "2023-05-21T04:30:00.000Z",
      "to": "2023-05-21T11:00:00.000Z",
      "id": "0db70b38a3d9b2f734823e0eec5c6699"
    },
    {
      "date": "Le dimanche 21 mai 2023 de  14:00:00 à  15:00:00",
      "locality": "QUATRE-BORNES",
      "localitySlug": "quatre-bornes",
      "streets": "Ave Boundary, Conte de Lisle, Dr Ferriere, Hitchcock, Muslun Lane, Mardaymootoo et Hooseny Pizza",
      "district": "plainewilhems",
      "from": "2023-05-21T10:00:00.000Z",
      "to": "2023-05-21T11:00:00.000Z",
      "id": "555ae890701f5fe6ee644b5c25efe7b8"
    },
    {
      "date": "Le dimanche 21 mai 2023 de  09:00:00 à  15:00:00",
      "locality": "QUATRE-BORNES",
      "localitySlug": "quatre-bornes",
      "streets": "En partie Ave Boundary, Labourdonnais, Dr Bour",
      "district": "plainewilhems",
      "from": "2023-05-21T05:00:00.000Z",
      "to": "2023-05-21T11:00:00.000Z",
      "id": "4813fe4ce70a61ea0addff672ca4ff50"
    },
    {
      "date": "Le dimanche 21 mai 2023 de  12:00:00 à  15:00:00",
      "locality": "QUATRE-BORNES",
      "localitySlug": "quatre-bornes",
      "streets": "Morcellement Ebene",
      "district": "plainewilhems",
      "from": "2023-05-21T08:00:00.000Z",
      "to": "2023-05-21T11:00:00.000Z",
      "id": "8a1f2a590546d9635e73187a7451e7dd"
    },
    {
      "date": "Le dimanche 21 mai 2023 de  08:30:00 à  15:30:00",
      "locality": "GOODLANDS",
      "localitySlug": "goodlands",
      "streets": "dans les environs de St Antoine, Beau Plateau et Royal Road Goodlands",
      "district": "rivieredurempart",
      "from": "2023-05-21T04:30:00.000Z",
      "to": "2023-05-21T11:30:00.000Z",
      "id": "6814e7820f3e6fa48fea233c221b0852"
    },
    {
      "date": "Le dimanche 21 mai 2023 de  08:30:00 à  15:30:00",
      "locality": "ESPERANCE TREBUCHET",
      "localitySlug": "esperance-trebuchet",
      "streets": "le village dEsperance Trébuchet",
      "district": "rivieredurempart",
      "from": "2023-05-21T04:30:00.000Z",
      "to": "2023-05-21T11:30:00.000Z",
      "id": "5b3ebb8760d3204e5a09e389c5588355"
    },
    {
      "date": "Le dimanche 21 mai 2023 de  08:30:00 à  15:30:00",
      "locality": "COTTAGE",
      "localitySlug": "cottage",
      "streets": "le village de Cottage",
      "district": "rivieredurempart",
      "from": "2023-05-21T04:30:00.000Z",
      "to": "2023-05-21T11:30:00.000Z",
      "id": "c5bd8714db8c5837a43ebdc79586892e"
    },
    {
      "date": "Le dimanche 21 mai 2023 de  08:30:00 à  15:30:00",
      "locality": "LABOURDONNAIS",
      "localitySlug": "labourdonnais",
      "streets": "le village de Labourdonnais",
      "district": "rivieredurempart",
      "from": "2023-05-21T04:30:00.000Z",
      "to": "2023-05-21T11:30:00.000Z",
      "id": "5166a16674d7b110f4b090b5bf1afa5e"
    },
    {
      "date": "Le dimanche 21 mai 2023 de  09:00:00 à  16:00:00",
      "locality": "SOUILLAC",
      "localitySlug": "souillac",
      "streets": "Morcellement Gris Gris, Domaine Gris Gris et le village de Souillac",
      "district": "savanne",
      "from": "2023-05-21T05:00:00.000Z",
      "to": "2023-05-21T12:00:00.000Z",
      "id": "c7617d77b945db94e665e42547727804"
    },
    {
      "date": "Le dimanche 21 mai 2023 de  08:30:00 à  16:00:00",
      "locality": "CAMP DIABLE",
      "localitySlug": "camp-diable",
      "streets": "Les villages de Camp Diable et Britannia",
      "district": "savanne",
      "from": "2023-05-21T04:30:00.000Z",
      "to": "2023-05-21T12:00:00.000Z",
      "id": "b1cd911e26fab3eaa0269c1890056d6c"
    }
  ]
}