{
  "date": "2023-06-11",
  "timezone": "Indian/Mauritius",
  "generated": "2026-01-21T18:10:06.308Z",
  "outageCount": 16,
  "outages": [
    {
      "date": "Le dimanche 11 juin 2023 de  08:30:00 à  16:30:00",
      "locality": "FLIC-EN-FLAC",
      "localitySlug": "flic-en-flac",
      "streets": "AVE DES NENUPHARS, LODAY LANE, FLIC EN FLAC ROAD, PASADENA VILLAGE, RESIDENCES DES PEUPLIERS, RESIDENCE GOLD COAST, AVE DES VERGERS, AVE DES DESIRABLES ET AVE DES BERNACHES",
      "district": "blackriver",
      "from": "2023-06-11T04:30:00.000Z",
      "to": "2023-06-11T12:30:00.000Z",
      "id": "695e6e475b5cb62248b653c67c1c026e"
    },
    {
      "date": "Le dimanche 11 juin 2023 de  09:00:00 à  11:00:00",
      "locality": "PETITE RIVIERE",
      "localitySlug": "petite-riviere",
      "streets": "DANS LES ENVIRONS DE LA JOLIETTE ET UNE PARTIE DE LA ROUTE ROYAL",
      "district": "blackriver",
      "from": "2023-06-11T05:00:00.000Z",
      "to": "2023-06-11T07:00:00.000Z",
      "id": "d542657657b516348511cbb85c1111af"
    },
    {
      "date": "Le dimanche 11 juin 2023 de  08:15:00 à  17:00:00",
      "locality": "RICHEMARE",
      "localitySlug": "richemare",
      "streets": "RICHEMARE DANS LES ENVIRONS DE CEMETERY ROAD ET SHIVALA ROAD, ARGY LA BOUTIQUE COCO ET ISIDORE ROSE.",
      "district": "flacq",
      "from": "2023-06-11T04:15:00.000Z",
      "to": "2023-06-11T13:00:00.000Z",
      "id": "d69d9b5f217e24e357651f8c5c692a98"
    },
    {
      "date": "Le dimanche 11 juin 2023 de  09:30:00 à  14:00:00",
      "locality": "VILLENOIRE",
      "localitySlug": "villenoire",
      "streets": "Ville Noire habitant dans le périmètre et les rues suivantes: CHA Ville Noire, Chemin La Grotte, Chemin vers Riche Eau, une partie de la Route Royale Ville Noire et les régions avoisinantes",
      "district": "grandport",
      "from": "2023-06-11T05:30:00.000Z",
      "to": "2023-06-11T10:00:00.000Z",
      "id": "b165f812dcc45f79c813718373a966c2"
    },
    {
      "date": "Le dimanche 11 juin 2023 de  08:30:00 à  17:00:00",
      "locality": "DEUX BRAS- NEW GROVE",
      "localitySlug": "deux-bras-new-grove",
      "streets": "Deux Bras et La Rosa habitant dans le périmètre et les rues suivantes : Morcellement Deux Bras, Deux Bras Village et Morcellement La Rosa Mare D’Albert",
      "district": "grandport",
      "from": "2023-06-11T04:30:00.000Z",
      "to": "2023-06-11T13:00:00.000Z",
      "id": "25be465ed3a08ca701f707c7146cdff3"
    },
    {
      "date": "Le dimanche 11 juin 2023 de  08:30:00 à  16:00:00",
      "locality": "MORC SAINT ANDRE",
      "localitySlug": "morc-saint-andre",
      "streets": "Région de Morcellement St André, Chemin Dr Manilall, une partie de Ramgoolam Road, de Chundunsingh Lane et de kalimaye Road",
      "district": "pamplemousses",
      "from": "2023-06-11T04:30:00.000Z",
      "to": "2023-06-11T12:00:00.000Z",
      "id": "45f352f34b14c3482d713ad6b030ae98"
    },
    {
      "date": "Le dimanche 11 juin 2023 de  08:30:00 à  15:00:00",
      "locality": "RICHE TERRE",
      "localitySlug": "riche-terre",
      "streets": "DANS LES ENVIRONSDE RICHE TERRE ROAD, DIEU DONE 1,2,3,SUSHIL LANE, SHIVALA ROAD, ROMA LANE, ST MICHEL ROAD  ET SCHOOL LANE",
      "district": "pamplemousses",
      "from": "2023-06-11T04:30:00.000Z",
      "to": "2023-06-11T11:00:00.000Z",
      "id": "40d42826efd46c7206016f53e6ce89d0"
    },
    {
      "date": "Le dimanche 11 juin 2023 de  08:30:00 à  16:30:00",
      "locality": "FOREST SIDE",
      "localitySlug": "forest-side",
      "streets": "Les abonnés de Forest-Side habitant les régions et les rues suivantes: La Brasserie, Morcellement Ramalingum, Morcellement Rogers, partie de Cite Joachim, partie de Gustave Collin, Impasse Chandraya, Résidence La Colombe, Résidence Jasmin, Cite Atlee,  et les ruelles avoisinantes",
      "district": "plainewilhems",
      "from": "2023-06-11T04:30:00.000Z",
      "to": "2023-06-11T12:30:00.000Z",
      "id": "6d5d9538a591c40e869b7f618ca6d47b"
    },
    {
      "date": "Le dimanche 11 juin 2023 de  08:15:00 à  16:30:00",
      "locality": "HENRIETTA",
      "localitySlug": "henrietta",
      "streets": "HENRIETTA AND GLEN PARK: NHDC Camp Mapou, une partie de Camp-Roches, Bhagat lane, une partie de Chemin Dévergues, une partie de Camp Fidèles",
      "district": "plainewilhems",
      "from": "2023-06-11T04:15:00.000Z",
      "to": "2023-06-11T12:30:00.000Z",
      "id": "0163bab2bde07f728e775974998dda91"
    },
    {
      "date": "Le dimanche 11 juin 2023 de  12:00:00 à  16:30:00",
      "locality": "GLEN PARK",
      "localitySlug": "glen-park",
      "streets": "GLENN PARK AND HENRIETTA: Camp Mumbai Nos. 1, 2, 3 et 4, Desvergues Road, Morcellement Malakoff, Rempart Road, Morcellement Edoo, Perrier Road, Railway Road, La Marie Road, NHDC Glen Park, Carreau Songe,  Morcellement  Galliot,  Nathoo Lane, une partie de Camp Roches, NHDC Camp Mapou",
      "district": "plainewilhems",
      "from": "2023-06-11T08:00:00.000Z",
      "to": "2023-06-11T12:30:00.000Z",
      "id": "a1c73bfc072fe6c10d20e1f17c295873"
    },
    {
      "date": "Le dimanche 11 juin 2023 de  09:00:00 à  16:00:00",
      "locality": "QUATRE-BORNES",
      "localitySlug": "quatre-bornes",
      "streets": "CHA BASSIN, AVE RAMDHONEE, MANICK, SCHOOL LANE, PAIN PAYSAN, PALMA SHAKTI, LA SOURCE, LA LOUISE ET EN PARTIE RTE PALMA ET BASSIN",
      "district": "plainewilhems",
      "from": "2023-06-11T05:00:00.000Z",
      "to": "2023-06-11T12:00:00.000Z",
      "id": "31ad44da53be87e8a0799995e0f2b389"
    },
    {
      "date": "Le dimanche 11 juin 2023 de  08:30:00 à  15:00:00",
      "locality": "LE HOCHET",
      "localitySlug": "le-hochet",
      "streets": "DANS LES ENVIRONS D UDHIN LANE",
      "district": "portlouis",
      "from": "2023-06-11T04:30:00.000Z",
      "to": "2023-06-11T11:00:00.000Z",
      "id": "7bf3c4fd0927dcc5db9d58b5b1e0df24"
    },
    {
      "date": "Le dimanche 11 juin 2023 de  10:00:00 à  14:00:00",
      "locality": "GRAND BAY",
      "localitySlug": "grand-bay",
      "streets": "dans les environs de Raquette road",
      "district": "rivieredurempart",
      "from": "2023-06-11T06:00:00.000Z",
      "to": "2023-06-11T10:00:00.000Z",
      "id": "c6dba184d4246fb74c7c509cd10150e7"
    },
    {
      "date": "Le dimanche 11 juin 2023 de  08:30:00 à  16:00:00",
      "locality": "LA FLORA",
      "localitySlug": "la-flora",
      "streets": "Le Village de Beau Climat",
      "district": "savanne",
      "from": "2023-06-11T04:30:00.000Z",
      "to": "2023-06-11T12:00:00.000Z",
      "id": "0f3da2dcbd973d2e824f57587a8a9a1b"
    },
    {
      "date": "Le dimanche 11 juin 2023 de  10:00:00 à  14:00:00",
      "locality": "POINTE AUX CANONNIERS",
      "localitySlug": "pointe-aux-canonniers",
      "streets": "dans les environs de Royal road et Coastal road",
      "district": "rodrigues",
      "from": "2023-06-11T06:00:00.000Z",
      "to": "2023-06-11T10:00:00.000Z",
      "id": "43c332d05c8cdcc721b5b12de01f75e7"
    },
    {
      "date": "Le dimanche 11 juin 2023 de  15:30:00 à  16:30:00",
      "locality": "POINTE AUX CANONNIERS",
      "localitySlug": "pointe-aux-canonniers",
      "streets": "POINTE AUX CANNONIERS",
      "district": "rodrigues",
      "from": "2023-06-11T11:30:00.000Z",
      "to": "2023-06-11T12:30:00.000Z",
      "id": "536f9774a0e0488517f791f154ded4db"
    }
  ]
}