{
  "date": "2023-08-20",
  "timezone": "Indian/Mauritius",
  "generated": "2026-02-03T16:13:41.749Z",
  "outageCount": 10,
  "outages": [
    {
      "date": "Le dimanche 20 août 2023 de  08:30:00 à  16:00:00",
      "locality": "TROIS BOUTIQUES UNION VALE",
      "localitySlug": "trois-boutiques-union-vale",
      "streets": "Morcellement Pitchen, Ayodhya Lane, Bombay Lane, Eucalyptus Road, Telegu Temple Road, CHA 1 & CHA 2 et la Route Royale Trois Boutique",
      "district": "grandport",
      "from": "2023-08-20T04:30:00.000Z",
      "to": "2023-08-20T12:00:00.000Z",
      "id": "72212b05985518e32113e31c63415fc1"
    },
    {
      "date": "Le dimanche 20 août 2023 de  08:30:00 à  14:30:00",
      "locality": "TERRE ROUGE",
      "localitySlug": "terre-rouge",
      "streets": "Route Royale T.Rouge , Basalt Lane, KJW Lane, Copain Lane, Winners T.Rouge, Dreamprice T.Rouge et les alentours",
      "district": "pamplemousses",
      "from": "2023-08-20T04:30:00.000Z",
      "to": "2023-08-20T10:30:00.000Z",
      "id": "5c47c3ff4980caccc9d35e0e9cb529ad"
    },
    {
      "date": "Le dimanche 20 août 2023 de  08:30:00 à  14:30:00",
      "locality": "ARSENAL",
      "localitySlug": "arsenal",
      "streets": "Arsenal Area, Emtel Arsenal, Malakoff Rd Arsenal, Filling Shell Arsenal, Evaco Arsenal, Balaclava Rd",
      "district": "pamplemousses",
      "from": "2023-08-20T04:30:00.000Z",
      "to": "2023-08-20T10:30:00.000Z",
      "id": "4e710a2f2582115913f1bc687b3d6f4e"
    },
    {
      "date": "Le dimanche 20 août 2023 de  08:30:00 à  16:00:00",
      "locality": "LA MARIE",
      "localitySlug": "la-marie",
      "streets": "Route Royal de La Marie, Cyprus, Forest, Berthaud, Kebla, Morcellement Saddul",
      "district": "plainewilhems",
      "from": "2023-08-20T04:30:00.000Z",
      "to": "2023-08-20T12:00:00.000Z",
      "id": "3b56ba7bbfe974106c8ec4fffda429ed"
    },
    {
      "date": "Le dimanche 20 août 2023 de  08:15:00 à  16:00:00",
      "locality": "BONNE TERRE",
      "localitySlug": "bonne-terre",
      "streets": "une partie de Avenue Remy Ollier, une partie de Seetohul Lane, Tegally Lane, Oogarah Lane, Impasse Laurier, Dayal Lane, Ramphul Lane, Seegum Lane, Impasse Palisandre, Unjore Lane, une partie de Sayed Hossen Road, une partie de Solferino No. 1, No. 2, No. 3, et No. 4, une partie de Mon Desir Vacoas, Morcellement Fleuriot, Takooree Lane, Gopee Lane, Kistoo Lane",
      "district": "plainewilhems",
      "from": "2023-08-20T04:15:00.000Z",
      "to": "2023-08-20T12:00:00.000Z",
      "id": "64310711620c201e1c210950cbb5a066"
    },
    {
      "date": "Le dimanche 20 août 2023 de  08:15:00 à  16:00:00",
      "locality": "CARREAU LALIANE",
      "localitySlug": "carreau-laliane",
      "streets": "une partie de Avenue Remy Ollier, une partie de Seetohul Lane, Tegally Lane, Oogarah Lane, Impasse Laurier, Dayal Lane, Ramphul Lane, Seegum Lane, Impasse Palisandre, Unjore Lane, une partie de Sayed Hossen Road, une partie de Solferino No. 1, No. 2, No. 3, et No. 4, une partie de Mon Desir Vacoas, Morcellement Fleuriot, Takooree Lane, Gopee Lane, Kistoo Lane",
      "district": "plainewilhems",
      "from": "2023-08-20T04:15:00.000Z",
      "to": "2023-08-20T12:00:00.000Z",
      "id": "1878530ec74fa95aaaf340b99b26d394"
    },
    {
      "date": "Le dimanche 20 août 2023 de  08:30:00 à  16:00:00",
      "locality": "QUATRE-BORNES",
      "localitySlug": "quatre-bornes",
      "streets": "Berthaud et Northern Boundary",
      "district": "plainewilhems",
      "from": "2023-08-20T04:30:00.000Z",
      "to": "2023-08-20T12:00:00.000Z",
      "id": "bd1ecc7d2c6925a9b709f226163ba2e7"
    },
    {
      "date": "Le dimanche 20 août 2023 de  08:30:00 à  16:00:00",
      "locality": "BEAU BASSIN",
      "localitySlug": "beau-bassin",
      "streets": "Res. Barkly, Marcel Gabon, Prison RYC, MOA et Gym de Beau-Bassin",
      "district": "plainewilhems",
      "from": "2023-08-20T04:30:00.000Z",
      "to": "2023-08-20T12:00:00.000Z",
      "id": "d3cad926bd5fcd06c0d90f1da0269aca"
    },
    {
      "date": "Le dimanche 20 août 2023 de  08:30:00 à  16:00:00",
      "locality": "RIVIERE DES ANGUILLES",
      "localitySlug": "riviere-des-anguilles",
      "streets": "Le village de Senneville",
      "district": "savanne",
      "from": "2023-08-20T04:30:00.000Z",
      "to": "2023-08-20T12:00:00.000Z",
      "id": "d26f6c4e7f10816a465caad05bab3a56"
    },
    {
      "date": "Le dimanche 20 août 2023 de  08:30:00 à  16:00:00",
      "locality": "RIVIERE DES GALETS",
      "localitySlug": "riviere-des-galets",
      "streets": "Camp Charlot, Riviere Des Galets et Beau Champ",
      "district": "savanne",
      "from": "2023-08-20T04:30:00.000Z",
      "to": "2023-08-20T12:00:00.000Z",
      "id": "95d98d9fc542e90d3ea3097fac7ed273"
    }
  ]
}