{
  "date": "2024-05-05",
  "timezone": "Indian/Mauritius",
  "generated": "2026-02-15T18:02:20.442Z",
  "outageCount": 12,
  "outages": [
    {
      "date": "Le dimanche 5 mai 2024 de  08:30:00 à  15:00:00",
      "locality": "BLUE BAY",
      "localitySlug": "blue-bay",
      "streets": "COASTAL RD BLUE BAY",
      "district": "grandport",
      "from": "2024-05-05T04:30:00.000Z",
      "to": "2024-05-05T11:00:00.000Z",
      "id": "ba80603471728c9b9d1ae2f439c3a0f3"
    },
    {
      "date": "Le dimanche 5 mai 2024 de  08:30:00 à  12:00:00",
      "locality": "COTE D-OR",
      "localitySlug": "cote-d-or",
      "streets": "MNORCELLEMENT SLDC COTE DOR",
      "district": "moka",
      "from": "2024-05-05T04:30:00.000Z",
      "to": "2024-05-05T08:00:00.000Z",
      "id": "0775206bfda080b377ca25029d6980cb"
    },
    {
      "date": "Le dimanche 5 mai 2024 de  08:30:00 à  16:00:00",
      "locality": "L-ESPERANCE Q.MILITAIRE",
      "localitySlug": "l-esperance-qmilitaire",
      "streets": "le village de L Esperence - Q.Militaire",
      "district": "moka",
      "from": "2024-05-05T04:30:00.000Z",
      "to": "2024-05-05T12:00:00.000Z",
      "id": "7f5c3606c0aee3adca3ae4303cbee355"
    },
    {
      "date": "Le dimanche 5 mai 2024 de  07:00:00 à  16:00:00",
      "locality": "LONG MOUNTAIN",
      "localitySlug": "long-mountain",
      "streets": "MONTAGNE LONGUE, CAMP LA BOUE ET LES ENVIRONS",
      "district": "pamplemousses",
      "from": "2024-05-05T03:00:00.000Z",
      "to": "2024-05-05T12:00:00.000Z",
      "id": "50ec0680f77e9b021f5aa35c5da6c65d"
    },
    {
      "date": "Le dimanche 5 mai 2024 de  08:30:00 à  16:00:00",
      "locality": "BELLE TERRE",
      "localitySlug": "belle-terre",
      "streets": "BELLE-TERRE",
      "district": "plainewilhems",
      "from": "2024-05-05T04:30:00.000Z",
      "to": "2024-05-05T12:00:00.000Z",
      "id": "3a861ce51eb59af53d8714caf911a57b"
    },
    {
      "date": "Le dimanche 5 mai 2024 de  08:30:00 à  16:00:00",
      "locality": "HIGHLANDS",
      "localitySlug": "highlands",
      "streets": "Highlands Staff Quarters, Une partie de Highlands Branch Road",
      "district": "plainewilhems",
      "from": "2024-05-05T04:30:00.000Z",
      "to": "2024-05-05T12:00:00.000Z",
      "id": "53a5936af4d4563b2ee1d5ee4f105c23"
    },
    {
      "date": "Le dimanche 5 mai 2024 de  09:00:00 à  16:00:00",
      "locality": "QUATRE-BORNES",
      "localitySlug": "quatre-bornes",
      "streets": "Res. Victoria et Osman Ave",
      "district": "plainewilhems",
      "from": "2024-05-05T05:00:00.000Z",
      "to": "2024-05-05T12:00:00.000Z",
      "id": "533924d52794e1121410ea94d94a3212"
    },
    {
      "date": "Le dimanche 5 mai 2024 de  08:30:00 à  16:00:00",
      "locality": "QUATRE-BORNES",
      "localitySlug": "quatre-bornes",
      "streets": "Ave Cecille Hall, Ave Buswell, Les Champires, Park Lane, Hydepark et les environs",
      "district": "plainewilhems",
      "from": "2024-05-05T04:30:00.000Z",
      "to": "2024-05-05T12:00:00.000Z",
      "id": "649f30298fda1df9170b611708cbf9db"
    },
    {
      "date": "Le dimanche 5 mai 2024 de  08:30:00 à  16:30:00",
      "locality": "PORT-LOUIS",
      "localitySlug": "port-louis",
      "streets": "DANS LES ENVIRONS DES RUES MAGON, MCB, MADRAS, CALCUTTA, GHOON, HASSEN HOSSEN,DR GOOMANY, PAUL ET VIRGINIE, LENEPVEU, SIR EDGAR LAURENT, ET CITY CLINIC",
      "district": "portlouis",
      "from": "2024-05-05T04:30:00.000Z",
      "to": "2024-05-05T12:30:00.000Z",
      "id": "f9a07b15d5ca04ff9e8eb95c333e3a52"
    },
    {
      "date": "Le dimanche 5 mai 2024 de  08:00:00 à  10:00:00",
      "locality": "CASSIS",
      "localitySlug": "cassis",
      "streets": "RTE MENAGERIE CASSIS",
      "district": "portlouis",
      "from": "2024-05-05T04:00:00.000Z",
      "to": "2024-05-05T06:00:00.000Z",
      "id": "72009d22f0f79c67f15e6fdee21d1704"
    },
    {
      "date": "Le dimanche 5 mai 2024 de  08:30:00 à  15:00:00",
      "locality": "RIVIERE DES GALETS",
      "localitySlug": "riviere-des-galets",
      "streets": "Camp Charlot, Riviere Des Galets et Beau Champ",
      "district": "savanne",
      "from": "2024-05-05T04:30:00.000Z",
      "to": "2024-05-05T11:00:00.000Z",
      "id": "38cefe0e379c439283bd90c7efa94363"
    },
    {
      "date": "Le dimanche 5 mai 2024 de  08:30:00 à  16:00:00",
      "locality": "RIVIERE DES ANGUILLES",
      "localitySlug": "riviere-des-anguilles",
      "streets": "Le village de Riviere des Anguilles",
      "district": "savanne",
      "from": "2024-05-05T04:30:00.000Z",
      "to": "2024-05-05T12:00:00.000Z",
      "id": "d4b8ec1b28458dcdb47ca8e3949b3f38"
    }
  ]
}