{
  "date": "2024-12-08",
  "timezone": "Indian/Mauritius",
  "generated": "2026-01-08T13:14:03.249Z",
  "outageCount": 18,
  "outages": [
    {
      "date": "Le dimanche 8 décembre 2024 de  08:30:00 à  15:30:00",
      "locality": "CASCAVEL",
      "localitySlug": "cascavel",
      "streets": "Xavier Village, Morc VRS Cascavelle, Baobab Lane, Cascavelle Branch Road, Temple Road, Ave des Manguiers et CWA Palmyre",
      "district": "blackriver",
      "from": "2024-12-08T04:30:00.000Z",
      "to": "2024-12-08T11:30:00.000Z",
      "id": "3680d473a77b4a308fe7ba5d82d8f4e5"
    },
    {
      "date": "Le dimanche 8 décembre 2024 de  14:00:00 à  15:00:00",
      "locality": "CAMP DE MASQUE PAVE",
      "localitySlug": "camp-de-masque-pave",
      "streets": "Camp de Masque Pave, Petite Cabanne, Camp Sonah et Unite",
      "district": "flacq",
      "from": "2024-12-08T10:00:00.000Z",
      "to": "2024-12-08T11:00:00.000Z",
      "id": "f80e9ea2e8614273d36ecedc4f90ea83"
    },
    {
      "date": "Le dimanche 8 décembre 2024 de  08:15:00 à  09:15:00",
      "locality": "CAMP DE MASQUE PAVE",
      "localitySlug": "camp-de-masque-pave",
      "streets": "Camp de Masque Pave, Petite Cabanne, Camp Sonah et Unite",
      "district": "flacq",
      "from": "2024-12-08T04:15:00.000Z",
      "to": "2024-12-08T05:15:00.000Z",
      "id": "a9782836c7cba90103a356fc3a082287"
    },
    {
      "date": "Le dimanche 8 décembre 2024 de  09:00:00 à  16:00:00",
      "locality": "MONTAGNE BLANCHE",
      "localitySlug": "montagne-blanche",
      "streets": "Village de montagne Blanche, Sans Souci et une partie de Petit Paquet Road",
      "district": "moka",
      "from": "2024-12-08T05:00:00.000Z",
      "to": "2024-12-08T12:00:00.000Z",
      "id": "5e26da1cb09a823747c7dcb488a343fd"
    },
    {
      "date": "Le dimanche 8 décembre 2024 de  08:30:00 à  15:30:00",
      "locality": "SAINT PIERRE",
      "localitySlug": "saint-pierre",
      "streets": "Royal Road St Pierre, Le Cocotte, Le Facine Construction, Tropic Knits et en partie Zone Industrial St Pierre",
      "district": "moka",
      "from": "2024-12-08T04:30:00.000Z",
      "to": "2024-12-08T11:30:00.000Z",
      "id": "517c6f55a55b4fd111c0b0c58f7fe1a5"
    },
    {
      "date": "Le dimanche 8 décembre 2024 de  15:30:00 à  16:30:00",
      "locality": "MORC SAINT ANDRE",
      "localitySlug": "morc-saint-andre",
      "streets": "MORC. ST ANDRE",
      "district": "pamplemousses",
      "from": "2024-12-08T11:30:00.000Z",
      "to": "2024-12-08T12:30:00.000Z",
      "id": "53f2baa84aacea8fcd0c676e0a0a8b81"
    },
    {
      "date": "Le dimanche 8 décembre 2024 de  08:30:00 à  09:30:00",
      "locality": "MORC SAINT ANDRE",
      "localitySlug": "morc-saint-andre",
      "streets": "ROYAL ROAD MORC. ST ANDRE",
      "district": "pamplemousses",
      "from": "2024-12-08T04:30:00.000Z",
      "to": "2024-12-08T05:30:00.000Z",
      "id": "730d9eb9731c05a9c5048ade9c7bc351"
    },
    {
      "date": "Le dimanche 8 décembre 2024 de  08:30:00 à  17:00:00",
      "locality": "PHOENIX",
      "localitySlug": "phoenix",
      "streets": "Morc Engrais Cathan, Morc Giquel,  Morc Ramanah, Baza Lane, Peerthy Lane, partie de Camp Fouqueraux Branch Road, partie de Pruyag Lane, partie de Constantin Lane, partie de Galea  Road",
      "district": "plainewilhems",
      "from": "2024-12-08T04:30:00.000Z",
      "to": "2024-12-08T13:00:00.000Z",
      "id": "04cbaa71474ee43928b71ba1ed75b48b"
    },
    {
      "date": "Le dimanche 8 décembre 2024 de  08:30:00 à  17:00:00",
      "locality": "CASTEL VACOAS",
      "localitySlug": "castel-vacoas",
      "streets": "Morc Engrais Cathan, Morc Giquel,  Morc Ramanah, Baza Lane, Peerthy Lane, partie de Camp Fouqueraux Branch Road, partie de Pruyag Lane, partie de Constantin Lane, partie de Galea  Road",
      "district": "plainewilhems",
      "from": "2024-12-08T04:30:00.000Z",
      "to": "2024-12-08T13:00:00.000Z",
      "id": "42887c688c72402c982f41595c2bd5f9"
    },
    {
      "date": "Le dimanche 8 décembre 2024 de  08:30:00 à  15:30:00",
      "locality": "BEAU BASSIN",
      "localitySlug": "beau-bassin",
      "streets": "Res. Barkly, Herchenroder, Piscine Serge Alfred, Judo Complex, PSSA, Marcel Gabon, Agriculture Barkly, Prison Beau-Bass et les environs",
      "district": "plainewilhems",
      "from": "2024-12-08T04:30:00.000Z",
      "to": "2024-12-08T11:30:00.000Z",
      "id": "32e048264dd07d675e6a4185543f5266"
    },
    {
      "date": "Le dimanche 8 décembre 2024 de  09:00:00 à  14:30:00",
      "locality": "POINTE AUX SABLES",
      "localitySlug": "pointe-aux-sables",
      "streets": "LES ABONNES DE MORC REY PTE AUX SABLES HABITANT DANS LES ENVIRONS DES RUES GOLDEN, CACTUS, BOSQUET, COQUELUCHES, TECOMA, TROCHETTIA, MORC NG SUI WAH, MORC DAWOOD, MORC LES PRINTEMPS ET UNE PARTIE DE LA ROUTE COTIERE",
      "district": "portlouis",
      "from": "2024-12-08T05:00:00.000Z",
      "to": "2024-12-08T10:30:00.000Z",
      "id": "beac03ec5808e84f8653329a7d9d08f9"
    },
    {
      "date": "Le dimanche 8 décembre 2024 de  11:00:00 à  12:00:00",
      "locality": "SAINTE CROIX",
      "localitySlug": "sainte-croix",
      "streets": "DANS LES ENVIRONS DE MORC LA VALLEE ET DES RUES PIETON PERE LAVAL, CAPITAINE PONTRE ET LE CORNU",
      "district": "portlouis",
      "from": "2024-12-08T07:00:00.000Z",
      "to": "2024-12-08T08:00:00.000Z",
      "id": "978f473f005535c24b5da347bafb91a4"
    },
    {
      "date": "Le dimanche 8 décembre 2024 de  09:00:00 à  10:00:00",
      "locality": "GOODLANDS",
      "localitySlug": "goodlands",
      "streets": "ROCHES TERRE, GRAND GAUBE ET GOODLANDS",
      "district": "rivieredurempart",
      "from": "2024-12-08T05:00:00.000Z",
      "to": "2024-12-08T06:00:00.000Z",
      "id": "55027a9a132eac3e61f8901cc00e6f03"
    },
    {
      "date": "Le dimanche 8 décembre 2024 de  09:00:00 à  10:30:00",
      "locality": "REUNION MAUREL",
      "localitySlug": "reunion-maurel",
      "streets": "PART OF REUNION MAUREL",
      "district": "rivieredurempart",
      "from": "2024-12-08T05:00:00.000Z",
      "to": "2024-12-08T06:30:00.000Z",
      "id": "265072abd137f9e791aa72dd6acb9bff"
    },
    {
      "date": "Le dimanche 8 décembre 2024 de  12:30:00 à  13:00:00",
      "locality": "GOODLANDS",
      "localitySlug": "goodlands",
      "streets": "ROCHES TERRE, GRAND GAUBE, GOODLANDS, MAPOU LECLEZIO, MELVILLE",
      "district": "rivieredurempart",
      "from": "2024-12-08T08:30:00.000Z",
      "to": "2024-12-08T09:00:00.000Z",
      "id": "8d99c06dad6cea5ec6582202190af761"
    },
    {
      "date": "Le dimanche 8 décembre 2024 de  21:00:00 à  00:30:00",
      "locality": "PETIT RAFFRAY",
      "localitySlug": "petit-raffray",
      "streets": "ROYAL ROAD PETIT RAFFRAY",
      "district": "rivieredurempart",
      "from": "2024-12-08T17:00:00.000Z",
      "to": "2024-12-07T20:30:00.000Z",
      "id": "fd0ae46d01a519eb8686b70e3a005679"
    },
    {
      "date": "Le dimanche 8 décembre 2024 de  09:00:00 à  15:00:00",
      "locality": "SOUILLAC",
      "localitySlug": "souillac",
      "streets": "Morcellement Beluga Souillac",
      "district": "savanne",
      "from": "2024-12-08T05:00:00.000Z",
      "to": "2024-12-08T11:00:00.000Z",
      "id": "09161c53f3d7f75c899f0366133edb97"
    },
    {
      "date": "Le dimanche 8 décembre 2024 de  10:00:00 à  12:00:00",
      "locality": "RIVIERE DES GALETS",
      "localitySlug": "riviere-des-galets",
      "streets": "RIVIERE DES GALETS",
      "district": "savanne",
      "from": "2024-12-08T06:00:00.000Z",
      "to": "2024-12-08T08:00:00.000Z",
      "id": "d1dd7f5bae1965e4ff69c16a4913e1f3"
    }
  ]
}