{
  "date": "2024-10-19",
  "timezone": "Indian/Mauritius",
  "generated": "2026-01-17T11:01:00.390Z",
  "outageCount": 11,
  "outages": [
    {
      "date": "Le samedi 19 octobre 2024 de  08:30:00 à  14:30:00",
      "locality": "PETITE RIVIERE",
      "localitySlug": "petite-riviere",
      "streets": "DANS LES ENVIRONS DE ALBION ROAD, MORC RAWAT, MORC RAMDANEE, NHDC GROS CAILLOUX, NHDC VETIVER ET LOBIN LANE",
      "district": "blackriver",
      "from": "2024-10-19T04:30:00.000Z",
      "to": "2024-10-19T10:30:00.000Z",
      "id": "2082932bf34aee6ba4512f754fc0ea16"
    },
    {
      "date": "Le samedi 19 octobre 2024 de  12:00:00 à  14:00:00",
      "locality": "CREVE COEUR",
      "localitySlug": "creve-coeur",
      "streets": "MAIN ROAD, RIVALLAND ROAD AND SURROUNDINGS.",
      "district": "pamplemousses",
      "from": "2024-10-19T08:00:00.000Z",
      "to": "2024-10-19T10:00:00.000Z",
      "id": "0083b5b5c1bd82afa97a683dae599500"
    },
    {
      "date": "Le samedi 19 octobre 2024 de  21:00:00 à  23:30:00",
      "locality": "MON GOUT",
      "localitySlug": "mon-gout",
      "streets": "MON GOUT",
      "district": "pamplemousses",
      "from": "2024-10-19T17:00:00.000Z",
      "to": "2024-10-19T19:30:00.000Z",
      "id": "a3f7727e52f02596e9e5428508f6e828"
    },
    {
      "date": "Le samedi 19 octobre 2024 de  08:30:00 à  16:00:00",
      "locality": "CASTEL VACOAS",
      "localitySlug": "castel-vacoas",
      "streets": "Partie de Camp Fouqueraux Road, Partie de Mootin Lane, Baza Lane, Perthy Lane, Partie de Galea No. 1",
      "district": "plainewilhems",
      "from": "2024-10-19T04:30:00.000Z",
      "to": "2024-10-19T12:00:00.000Z",
      "id": "31af2ad3d652185ffef874c4b26a0a03"
    },
    {
      "date": "Le samedi 19 octobre 2024 de  08:30:00 à  16:00:00",
      "locality": "HIGHLANDS",
      "localitySlug": "highlands",
      "streets": "Boundary Road, Phael Road, Nadess Road, Appartement NHDC, Morcellement Lonhro, Cite Cinquante, Morcellement VRS No 2  Belle Terre, une partie de Tout Court Road",
      "district": "plainewilhems",
      "from": "2024-10-19T04:30:00.000Z",
      "to": "2024-10-19T12:00:00.000Z",
      "id": "0cd6843fa67e594cc38fdf3203090e70"
    },
    {
      "date": "Le samedi 19 octobre 2024 de  09:00:00 à  14:00:00",
      "locality": "CAMP YOLOFF",
      "localitySlug": "camp-yoloff",
      "streets": "DANS LES ENVIRONS DES RUES PERIMBE, VELORE, MUNICIPALITY ET YOLOFF",
      "district": "portlouis",
      "from": "2024-10-19T05:00:00.000Z",
      "to": "2024-10-19T10:00:00.000Z",
      "id": "d545f2587f1f5f5b65c74f500f5bd6e2"
    },
    {
      "date": "Le samedi 19 octobre 2024 de  20:45:00 à  22:00:00",
      "locality": "VALLEE PITOT",
      "localitySlug": "vallee-pitot",
      "streets": "VALLEE PITOT",
      "district": "portlouis",
      "from": "2024-10-19T16:45:00.000Z",
      "to": "2024-10-19T18:00:00.000Z",
      "id": "ffa27667f48f0ddab02ae61438ad6797"
    },
    {
      "date": "Le samedi 19 octobre 2024 de  08:30:00 à  15:00:00",
      "locality": "ROCHE TERRE",
      "localitySlug": "roche-terre",
      "streets": "ROCHE TERRE, DANS LES ENVIRONS DE LA RUE ROYAL, FLEUR DES ALYS, RUE RESERVOIR ET RUE MUNGUR",
      "district": "rivieredurempart",
      "from": "2024-10-19T04:30:00.000Z",
      "to": "2024-10-19T11:00:00.000Z",
      "id": "fd6d079fb78db3c2d34630edfb0dacd5"
    },
    {
      "date": "Le samedi 19 octobre 2024 de  08:30:00 à  15:00:00",
      "locality": "GOODLANDS",
      "localitySlug": "goodlands",
      "streets": "GOODLANDS, DANS LES ENVIRONS CITE ST CLAIR, DREAM PRICE, RUE RAJIV GANDHI, RUE SENTOZA, RUE TEMPLE",
      "district": "rivieredurempart",
      "from": "2024-10-19T04:30:00.000Z",
      "to": "2024-10-19T11:00:00.000Z",
      "id": "7764665244cac0defbf789a5235f6010"
    },
    {
      "date": "Le samedi 19 octobre 2024 de  08:30:00 à  16:00:00",
      "locality": "BENARES",
      "localitySlug": "benares",
      "streets": "Benares",
      "district": "savanne",
      "from": "2024-10-19T04:30:00.000Z",
      "to": "2024-10-19T12:00:00.000Z",
      "id": "86b968065418c9ff8f6bf2738aa002fb"
    },
    {
      "date": "Le samedi 19 octobre 2024 de  08:30:00 à  15:00:00",
      "locality": "RODRIGUES",
      "localitySlug": "rodrigues",
      "streets": "CAMP PINTADE-MONTAGNE PLATE-GRANDE LA FOURCH CORAILLE",
      "district": "rodrigues",
      "from": "2024-10-19T04:30:00.000Z",
      "to": "2024-10-19T11:00:00.000Z",
      "id": "5550164811fdeb4e874850afb970f63a"
    }
  ]
}