{
  "date": "2025-09-07",
  "timezone": "Indian/Mauritius",
  "generated": "2025-12-30T19:07:15.525Z",
  "outageCount": 9,
  "outages": [
    {
      "date": "Le dimanche 7 septembre 2025 de  08:45:00 à  16:00:00",
      "locality": "BELLE MARE",
      "localitySlug": "belle-mare",
      "streets": "Belle Mare dans le périmètre de Hotel Residence jusqu’au Hotel Ambre.",
      "district": "flacq",
      "from": "2025-09-07T04:45:00.000Z",
      "to": "2025-09-07T12:00:00.000Z",
      "id": "b0d93ecdf60e1660d724c7a124573f8c"
    },
    {
      "date": "Le dimanche 7 septembre 2025 de  08:30:00 à  16:00:00",
      "locality": "PETIT SABLE",
      "localitySlug": "petit-sable",
      "streets": "Anse Jonchée, Terre Cassée, Bambous Virieux et Petit Sable",
      "district": "grandport",
      "from": "2025-09-07T04:30:00.000Z",
      "to": "2025-09-07T12:00:00.000Z",
      "id": "d62f07598214a8f42a9b86344f1fc1bd"
    },
    {
      "date": "Le dimanche 7 septembre 2025 de  09:00:00 à  16:00:00",
      "locality": "MONTAGNE BLANCHE",
      "localitySlug": "montagne-blanche",
      "streets": "dans les périmètres de Market Road, St Joseph Road, NHDC Montagne Blanche, Montagne Blanche Bel Air Road, Shivala Road, Petit Paquet Road, La Forge Lane, Old Railway Road, Boulanger Road, Tancrel Road, Charbon Road, Sans Souci Road et les ruelles avoisinantes",
      "district": "moka",
      "from": "2025-09-07T05:00:00.000Z",
      "to": "2025-09-07T12:00:00.000Z",
      "id": "002ab1b411169e409a9e045032cb57f2"
    },
    {
      "date": "Le dimanche 7 septembre 2025 de  14:00:00 à  15:30:00",
      "locality": "MONTAGNE BLANCHE",
      "localitySlug": "montagne-blanche",
      "streets": "dans les environs duvillage de Melrose et Petit Paquet",
      "district": "moka",
      "from": "2025-09-07T10:00:00.000Z",
      "to": "2025-09-07T11:30:00.000Z",
      "id": "a145c4492f6bc52317e248234b20f0af"
    },
    {
      "date": "Le dimanche 7 septembre 2025 de  08:30:00 à  15:00:00",
      "locality": "MOKA",
      "localitySlug": "moka",
      "streets": "Chemin Leclezio, Chemin Mount Ory et en partie Agriculture Marketing Board",
      "district": "moka",
      "from": "2025-09-07T04:30:00.000Z",
      "to": "2025-09-07T11:00:00.000Z",
      "id": "4991dd739de35089bdfb63ea79bbd78e"
    },
    {
      "date": "Le dimanche 7 septembre 2025 de  08:30:00 à  15:00:00",
      "locality": "TROU AUX BICHES",
      "localitySlug": "trou-aux-biches",
      "streets": "POINTE AUX BICHES",
      "district": "pamplemousses",
      "from": "2025-09-07T04:30:00.000Z",
      "to": "2025-09-07T11:00:00.000Z",
      "id": "57d8498e56f8fa6a0a682bcd2be8817e"
    },
    {
      "date": "Le dimanche 7 septembre 2025 de  08:30:00 à  15:30:00",
      "locality": "PORT-LOUIS",
      "localitySlug": "port-louis",
      "streets": "DANS LES ENVIRONS DES RUES PAUL ET VIRGINIE, SIR EDGAR LAURENT, MADRAS, NYON, CALCUTTA, LENEPVEU ET DR HASSEN SAKIR",
      "district": "portlouis",
      "from": "2025-09-07T04:30:00.000Z",
      "to": "2025-09-07T11:30:00.000Z",
      "id": "e299524224d898d1e6223b8d736877b6"
    },
    {
      "date": "Le dimanche 7 septembre 2025 de  09:00:00 à  15:00:00",
      "locality": "CAMP DIABLE",
      "localitySlug": "camp-diable",
      "streets": "Le village de Camp Diable",
      "district": "savanne",
      "from": "2025-09-07T05:00:00.000Z",
      "to": "2025-09-07T11:00:00.000Z",
      "id": "6cbbaabbb9ec665d57c629f2a8362da4"
    },
    {
      "date": "Le dimanche 7 septembre 2025 de  09:00:00 à  15:00:00",
      "locality": "RIAMBEL",
      "localitySlug": "riambel",
      "streets": "villages de Surinam Riambel, Morcellement Dunputh, Cent Lis Sur Mer, Morcellement Omnicane et Pomponette Riambel",
      "district": "savanne",
      "from": "2025-09-07T05:00:00.000Z",
      "to": "2025-09-07T11:00:00.000Z",
      "id": "7a8c4f02a3b1e21bd389ea621583f273"
    }
  ]
}