{
  "date": "2026-02-21",
  "timezone": "Indian/Mauritius",
  "generated": "2026-02-20T17:10:39.781Z",
  "outageCount": 9,
  "outages": [
    {
      "date": "Le samedi 21 février 2026 de  08:30:00 à  15:30:00",
      "locality": "FLIC-EN-FLAC",
      "localitySlug": "flic-en-flac",
      "streets": "MORC ANNA - AVE MOULIN CASSE, AVE DES TRUITES, AVE DES MARLINS, AVE DES MEROUS, AVE DES MARSOUINS, AVE DES CAPITAINES, AVE SUNSET ET AVE SOUFFLEUR",
      "district": "blackriver",
      "from": "2026-02-21T04:30:00.000Z",
      "to": "2026-02-21T11:30:00.000Z",
      "id": "0ae5edb1669dc7c7ad9f6416379a2d0e"
    },
    {
      "date": "Le samedi 21 février 2026 de  08:30:00 à  15:30:00",
      "locality": "PETIT VERGER SAINT PIERRE",
      "localitySlug": "petit-verger-saint-pierre",
      "streets": "PETIT VERGER BRANCH RD, NICHOLAS RD,HAPPINESS RD, MADHOO LANE, CAPRICE LANE, GENTILLY BRANCH RD, MORC RAMNARAIN ET LES ENVIRONS",
      "district": "moka",
      "from": "2026-02-21T04:30:00.000Z",
      "to": "2026-02-21T11:30:00.000Z",
      "id": "f05cc1588f9645cd239c4cda759af38b"
    },
    {
      "date": "Le samedi 21 février 2026 de  08:30:00 à  15:00:00",
      "locality": "TRIOLET",
      "localitySlug": "triolet",
      "streets": "Mahatma Gandhi road",
      "district": "pamplemousses",
      "from": "2026-02-21T04:30:00.000Z",
      "to": "2026-02-21T11:00:00.000Z",
      "id": "ef3fc3c3774e09a06244f2082e64bfe6"
    },
    {
      "date": "Le samedi 21 février 2026 de  09:00:00 à  15:00:00",
      "locality": "QUATRE-BORNES",
      "localitySlug": "quatre-bornes",
      "streets": "St Jean, Nightingale et en partie Ave Draper",
      "district": "plainewilhems",
      "from": "2026-02-21T05:00:00.000Z",
      "to": "2026-02-21T11:00:00.000Z",
      "id": "c5747772bc304079e17190fb0709e218"
    },
    {
      "date": "Le samedi 21 février 2026 de  08:30:00 à  15:30:00",
      "locality": "SAINTE CROIX",
      "localitySlug": "sainte-croix",
      "streets": "DANS LES ENVIRONS DE MORC LA VALLEE, PIETON PERE LAVAL ET LE CORNU",
      "district": "portlouis",
      "from": "2026-02-21T04:30:00.000Z",
      "to": "2026-02-21T11:30:00.000Z",
      "id": "0a04c086e8761408640c22caa97dcfe9"
    },
    {
      "date": "Le samedi 21 février 2026 de  08:30:00 à  15:30:00",
      "locality": "VALLEE DES PRETRES",
      "localitySlug": "vallee-des-pretres",
      "streets": "DANS LES ENVIRONS DE NHDC VALLEE DES PRETRES, NHDC CHA ET UNE PARTIE DE CARO LALO",
      "district": "portlouis",
      "from": "2026-02-21T04:30:00.000Z",
      "to": "2026-02-21T11:30:00.000Z",
      "id": "85539a258ff610dfd454376539ed5b70"
    },
    {
      "date": "Le samedi 21 février 2026 de  08:30:00 à  15:30:00",
      "locality": "MELVIILE",
      "localitySlug": "melviile",
      "streets": "ENTIERE REGION DE MELVILLE",
      "district": "rivieredurempart",
      "from": "2026-02-21T04:30:00.000Z",
      "to": "2026-02-21T11:30:00.000Z",
      "id": "c0b2853b45073884f92c776612a9a519"
    },
    {
      "date": "Le samedi 21 février 2026 de  08:30:00 à  15:30:00",
      "locality": "ROCHE TERRE",
      "localitySlug": "roche-terre",
      "streets": "BATOOLALL ROAD, LA TOUR ROAD ET SHIVALA ROAD, ROCHE TERRE",
      "district": "rivieredurempart",
      "from": "2026-02-21T04:30:00.000Z",
      "to": "2026-02-21T11:30:00.000Z",
      "id": "cbe66e8e393ca0abf6b28032d7b88007"
    },
    {
      "date": "Le samedi 21 février 2026 de  08:30:00 à  15:30:00",
      "locality": "GRAND GAUBE",
      "localitySlug": "grand-gaube",
      "streets": "ENTIERE REGION DE GRAND GAUBE",
      "district": "rivieredurempart",
      "from": "2026-02-21T04:30:00.000Z",
      "to": "2026-02-21T11:30:00.000Z",
      "id": "cd40c125e635f5b063c08c5af03e092e"
    }
  ]
}