{"today":[{"date":"Le samedi 15 mars 2025 de  09:00:00 à  16:00:00","locality":"COTE D-OR","streets":"NSLD Côte d’Or, VRS Côte d’Or, Morcellement Lonrho Cote d’Or","district":"moka","from":"2025-03-15T05:00:00.000Z","to":"2025-03-15T12:00:00.000Z","id":"16966fdb0af862ee13b27f9e44ecc710"},{"date":"Le samedi 15 mars 2025 de  09:00:00 à  16:00:00","locality":"COTE D-OR","streets":"NSLD Côte d’Or, VRS Côte d’Or, Morcellement Lonrho Cote d’Or","district":"moka","from":"2025-03-15T05:00:00.000Z","to":"2025-03-15T12:00:00.000Z","id":"16966fdb0af862ee13b27f9e44ecc710"},{"date":"Le samedi 15 mars 2025 de  09:35:00 à  11:45:00","locality":"TERRE ROUGE","streets":"Morc Tara","district":"pamplemousses","from":"2025-03-15T05:35:00.000Z","to":"2025-03-15T07:45:00.000Z","id":"367dacf6acd10d96107e0c055e6377b4"},{"date":"Le samedi 15 mars 2025 de  08:15:00 à  15:30:00","locality":"RICHE TERRE","streets":"DANS LES ENVIRONS DE LA ZONE INDUSTRIEL DE JIN FEI","district":"pamplemousses","from":"2025-03-15T04:15:00.000Z","to":"2025-03-15T11:30:00.000Z","id":"d117b25ade415e30b25f09f1881f4f2d"},{"date":"Le samedi 15 mars 2025 de  08:30:00 à  16:00:00","locality":"QUATRE-BORNES","streets":"MORC PELLEGRIN, TRIANON ET LES ENVIRONS","district":"plainewilhems","from":"2025-03-15T04:30:00.000Z","to":"2025-03-15T12:00:00.000Z","id":"8cc0401974a291ff830e27ff25e6f283"}],"future":[{"date":"Le dimanche 16 mars 2025 de  08:30:00 à  15:30:00","locality":"PETITE RIVIERE","streets":"DANS LES ENVIRONS DE LA ZONE INDUSTRIEL DE LA JOLIETTE","district":"blackriver","from":"2025-03-16T04:30:00.000Z","to":"2025-03-16T11:30:00.000Z","id":"6c01885a55ebb87a565534d59a66242a"},{"date":"Le dimanche 16 mars 2025 de  08:30:00 à  12:00:00","locality":"SEBASTOPOL","streets":"dans les périmètres et rues suivantes : Seetaram road, Eagle road et Kewal road","district":"flacq","from":"2025-03-16T04:30:00.000Z","to":"2025-03-16T08:00:00.000Z","id":"4dfb8a0fb05fad17be0c402b5774536f"},{"date":"Le dimanche 16 mars 2025 de  08:30:00 à  15:00:00","locality":"SAINT PIERRE","streets":"CAUDAN SECURITY, CHEMIN LA POLICE, TROPIC KNITS, LES COCOTTES ET LES ENVIRONS","district":"moka","from":"2025-03-16T04:30:00.000Z","to":"2025-03-16T11:00:00.000Z","id":"8fd96f7a8cfdd053f9fa3c88513c55c9"},{"date":"Le dimanche 16 mars 2025 de  08:30:00 à  16:00:00","locality":"QUARTIER MILITAIRE","streets":"dans les périmètres et rues suivantes : Sewoosungkur road, Route Royale et Bonne Veine road","district":"moka","from":"2025-03-16T04:30:00.000Z","to":"2025-03-16T12:00:00.000Z","id":"efebed6f036fd4603c38f65b4a132ba3"},{"date":"Le dimanche 16 mars 2025 de  08:15:00 à  15:30:00","locality":"RICHE TERRE","streets":"DANS LES ENVIRONS DE LA ZONE INDUSTRIEL DE JIN FEI","district":"pamplemousses","from":"2025-03-16T04:15:00.000Z","to":"2025-03-16T11:30:00.000Z","id":"c10ced5c7ac8f0668e51a6f287162dc4"},{"date":"Le dimanche 16 mars 2025 de  08:30:00 à  17:00:00","locality":"QUATRE-BORNES","streets":"AVE BAISSAC, AVE SURCOUF, EN PARTIE ROUTE ROYALE ET LES ENVIRONS","district":"plainewilhems","from":"2025-03-16T04:30:00.000Z","to":"2025-03-16T13:00:00.000Z","id":"1649dfa755540c1774b04183f41ec789"},{"date":"Le dimanche 16 mars 2025 de  11:00:00 à  14:00:00","locality":"QUATRE-BORNES","streets":"MORC COLLIN, GAVILLE HOUSE, RESIDENCE CORPS DE GARDES, EN PARTIE AVE VICTORIA, FARQUHAR ET LES ENVIRONS","district":"plainewilhems","from":"2025-03-16T07:00:00.000Z","to":"2025-03-16T10:00:00.000Z","id":"d8ee148c9b61ecacbd4487aa74fef4b3"},{"date":"Le dimanche 16 mars 2025 de  08:00:00 à  16:00:00","locality":"EAU COULEE","streets":"dans les périmètres et rues suivantes : Hazareesingh lane,  Nabee et une partie du Route Royale","district":"plainewilhems","from":"2025-03-16T04:00:00.000Z","to":"2025-03-16T12:00:00.000Z","id":"226e9b5482aee2b38f6407ff2f27b853"},{"date":"Le dimanche 16 mars 2025 de  13:00:00 à  16:00:00","locality":"EAU COULEE","streets":"dans les périmètres et rues suivantes : Camp Rouillard, Cape Town, Ramdin st. Rovers lane, Toofany lane, TFP et une partie du Route royale","district":"plainewilhems","from":"2025-03-16T09:00:00.000Z","to":"2025-03-16T12:00:00.000Z","id":"eb484b0de05bcb9028c03a630b5f1ff5"},{"date":"Le dimanche 16 mars 2025 de  08:30:00 à  16:00:00","locality":"VACOAS","streets":"Morcellement Highrise, une partie de Side In Road, Route Grassy, Emmanuel Anquetil Street, Marday Lane, Paul Chastau Avenue, Nicholson Road, une partie de St Paul Road, une partie de John Kenndy Avenue, Impasse Coombes, Campbell Lane","district":"plainewilhems","from":"2025-03-16T04:30:00.000Z","to":"2025-03-16T12:00:00.000Z","id":"b6c1c5606571c3353f82d6328a3d7b4c"},{"date":"Le dimanche 16 mars 2025 de  08:30:00 à  16:00:00","locality":"SAINT FRANCOIS","streets":"WHOLE AREA OF ST FRANCOIS","district":"portlouis","from":"2025-03-16T04:30:00.000Z","to":"2025-03-16T12:00:00.000Z","id":"2984c40fba31aa2f70dc06770c84dac4"},{"date":"Le dimanche 16 mars 2025 de  08:30:00 à  15:30:00","locality":"CASSIS","streets":"DANS LES ENVIRONS DE NATIONAL TRANSPORT AUTHORITY","district":"portlouis","from":"2025-03-16T04:30:00.000Z","to":"2025-03-16T11:30:00.000Z","id":"d660c4e29ab09ede3ea7dd8502f3ab72"},{"date":"Le dimanche 16 mars 2025 de  08:30:00 à  16:00:00","locality":"GRAND GAUBE","streets":"RUE COSTALES GRAND GAUBE, BUTTE A LHERBE","district":"rivieredurempart","from":"2025-03-16T04:30:00.000Z","to":"2025-03-16T12:00:00.000Z","id":"ff10238929ec2391c1d199b637565ca9"},{"date":"Le dimanche 16 mars 2025 de  08:30:00 à  16:00:00","locality":"CALODYNE","streets":"CALODYNE","district":"rivieredurempart","from":"2025-03-16T04:30:00.000Z","to":"2025-03-16T12:00:00.000Z","id":"0d50815a448dcca655c93751457053ce"},{"date":"Le dimanche 16 mars 2025 de  08:30:00 à  16:00:00","locality":"ANSE LA RAIE","streets":"ANSE LA RAIE","district":"rivieredurempart","from":"2025-03-16T04:30:00.000Z","to":"2025-03-16T12:00:00.000Z","id":"7a5120d6ace12f2e75e80b486c22bf45"},{"date":"Le lundi 17 mars 2025 de  08:30:00 à  17:00:00","locality":"SAINT AUBIN","streets":"Saint Aubin – Morc. La Digue Saint Aubin","district":"savanne","from":"2025-03-17T04:30:00.000Z","to":"2025-03-17T13:00:00.000Z","id":"ea71267b5e4397126cd7861cba3f9dc9"},{"date":"Le dimanche 16 mars 2025 de  08:30:00 à  15:00:00","locality":"CHAMOUNY","streets":"Chamouny, Camp Fany, Camp Goolbar, Camp Lilas, Rama Road et Mont Carmel","district":"savanne","from":"2025-03-16T04:30:00.000Z","to":"2025-03-16T11:00:00.000Z","id":"95e91642954ef1d80d57d19e99f32700"}]}