{
  "slug": "amaury",
  "name": "AMAURY",
  "district": "rivieredurempart",
  "generated": "2025-12-31T06:01:48.893Z",
  "outageCount": 23,
  "firstOutage": "2022-06-30",
  "lastOutage": "2025-12-30",
  "outages": [
    {
      "date": "Le mardi 30 décembre 2025 de  00:30:00 à  10:00:00",
      "streets": "Temple Road",
      "from": "2025-12-29T20:30:00.000Z",
      "to": "2025-12-29T06:00:00.000Z",
      "id": "8c689cc6e9be8b0d9e3034c59dd259b2"
    },
    {
      "date": "Le jeudi 27 novembre 2025 de  09:30:00 à  15:00:00",
      "streets": "MORC BEAU CLIMAT, CAMP FOUGERE ET LES ALENTOURS",
      "from": "2025-11-27T05:30:00.000Z",
      "to": "2025-11-27T11:00:00.000Z",
      "id": "8c779bb90fe0d947bf8af6a45bf99eac"
    },
    {
      "date": "Le mardi 23 septembre 2025 de  18:30:00 à  22:00:00",
      "streets": "SHANTINIKETAN,PATSALA ROAD AMAURY",
      "from": "2025-09-23T14:30:00.000Z",
      "to": "2025-09-23T18:00:00.000Z",
      "id": "d7902b2d2fe95ccd8e5c7df52fa8c98c"
    },
    {
      "date": "Le jeudi 19 juin 2025 de  18:00:00 à  22:30:00",
      "streets": "WHOLE VILLAGE",
      "from": "2025-06-19T14:00:00.000Z",
      "to": "2025-06-19T18:30:00.000Z",
      "id": "fd9fc0c6816bdb6ba14d71f4273e375d"
    },
    {
      "date": "Le lundi 31 mars 2025 de  07:00:00 à  13:00:00",
      "streets": "CEMETERY ROAD AMAURY",
      "from": "2025-03-31T03:00:00.000Z",
      "to": "2025-03-31T09:00:00.000Z",
      "id": "692f77a1f71a78cf29cec8105a1edccc"
    },
    {
      "date": "Le samedi 22 mars 2025 de  09:20:00 à  12:30:00",
      "streets": "BEAU CLIMAT AMAURY",
      "from": "2025-03-22T05:20:00.000Z",
      "to": "2025-03-22T08:30:00.000Z",
      "id": "bab23d01e63e81a8f9bb75e9742911af"
    },
    {
      "date": "Le vendredi 21 mars 2025 de  07:00:00 à  17:00:00",
      "streets": "BEAU CLIMAT AMAURY",
      "from": "2025-03-21T03:00:00.000Z",
      "to": "2025-03-21T13:00:00.000Z",
      "id": "4bd9d50e3bcb6a24293ccd0aca8c44cf"
    },
    {
      "date": "Le lundi 17 mars 2025 de  10:30:00 à  14:00:00",
      "streets": "MORC BEAU CLIMAT, PART OF BOIS ZAKO",
      "from": "2025-03-17T06:30:00.000Z",
      "to": "2025-03-17T10:00:00.000Z",
      "id": "82bf3cc04162d81f4cbca4198b864a2a"
    },
    {
      "date": "Le samedi 15 mars 2025 de  08:30:00 à  14:30:00",
      "streets": "BEAU CLIMAT AMAURY",
      "from": "2025-03-15T04:30:00.000Z",
      "to": "2025-03-15T10:30:00.000Z",
      "id": "11608fd1d23d4742b2cbe52288990856"
    },
    {
      "date": "Le dimanche 17 novembre 2024 de  08:30:00 à  15:00:00",
      "streets": "AMAURY VILLAGE",
      "from": "2024-11-17T04:30:00.000Z",
      "to": "2024-11-17T11:00:00.000Z",
      "id": "85c1473c1050a59e6e7986cbee40b609"
    },
    {
      "date": "Le dimanche 22 septembre 2024 de  08:30:00 à  15:30:00",
      "streets": "AMAURY VILLAGE",
      "from": "2024-09-22T04:30:00.000Z",
      "to": "2024-09-22T11:30:00.000Z",
      "id": "c7de3874d97f31edd79e863af638e7d8"
    },
    {
      "date": "Le samedi 8 juin 2024 de  08:30:00 à  14:30:00",
      "streets": "LE VILLAGE DE AMAURY",
      "from": "2024-06-08T04:30:00.000Z",
      "to": "2024-06-08T10:30:00.000Z",
      "id": "11c4ac0bfbb296adb436679293936ccd"
    },
    {
      "date": "Le lundi 6 mai 2024 de  15:15:00 à  17:15:00",
      "streets": "ROUTE ROYALE, CHEMIN SHIVALA ET LES ENVIRONS.",
      "from": "2024-05-06T11:15:00.000Z",
      "to": "2024-05-06T13:15:00.000Z",
      "id": "bf8d8563148f3a094bb66647f6e5c138"
    },
    {
      "date": "Le dimanche 18 février 2024 de  08:30:00 à  15:30:00",
      "streets": "le village DAmaury",
      "from": "2024-02-18T04:30:00.000Z",
      "to": "2024-02-18T11:30:00.000Z",
      "id": "1eaf9f40b636b2520ade8af729379eee"
    },
    {
      "date": "Le samedi 3 février 2024 de  11:35:00 à  15:00:00",
      "streets": "AMAURY",
      "from": "2024-02-03T07:35:00.000Z",
      "to": "2024-02-03T11:00:00.000Z",
      "id": "bcb22727b4fbf9a2b0613402e54ea4dd"
    },
    {
      "date": "Le mardi 21 novembre 2023 de  18:30:00 à  00:00:00",
      "streets": "ASHOKA LANEAMAURY",
      "from": "2023-11-21T14:30:00.000Z",
      "to": "2023-11-20T20:00:00.000Z",
      "id": "8f0a5533634f699d8016e91c9a306a5c"
    },
    {
      "date": "Le lundi 16 octobre 2023 de  09:30:00 à  13:00:00",
      "streets": "dans les environs de Magasin Trustworthy",
      "from": "2023-10-16T05:30:00.000Z",
      "to": "2023-10-16T09:00:00.000Z",
      "id": "acdc776421c3bda825d2f427858836e3"
    },
    {
      "date": "Le dimanche 14 mai 2023 de  08:00:00 à  15:30:00",
      "streets": "DANS LES ENVIRONS DE MORC BEAU CLIMAT ET CAMP FOUGER",
      "from": "2023-05-14T04:00:00.000Z",
      "to": "2023-05-14T11:30:00.000Z",
      "id": "16e34116cf70e8b426153f2827fe02d8"
    },
    {
      "date": "Le dimanche 7 mai 2023 de  08:00:00 à  15:30:00",
      "streets": "Le Village DAmaury",
      "from": "2023-05-07T04:00:00.000Z",
      "to": "2023-05-07T11:30:00.000Z",
      "id": "14579c401200b9511a2307a486ed611d"
    },
    {
      "date": "Le vendredi 16 décembre 2022 de  09:30:00 à  13:00:00",
      "streets": "NEAR SCHOOL",
      "from": "2022-12-16T05:30:00.000Z",
      "to": "2022-12-16T09:00:00.000Z",
      "id": "052b6bf1e4f78ec134a4ae1e3f628bb3"
    },
    {
      "date": "Le dimanche 7 août 2022 de  08:30:00 à  15:30:00",
      "streets": "Amaury et Mon Loisir",
      "from": "2022-08-07T04:30:00.000Z",
      "to": "2022-08-07T11:30:00.000Z",
      "id": "7de7aef61c74ab820a8d168f6848833c"
    },
    {
      "date": "Le vendredi 22 juillet 2022 de  09:00:00 à  15:00:00",
      "streets": "CITE AMAURY",
      "from": "2022-07-22T05:00:00.000Z",
      "to": "2022-07-22T11:00:00.000Z",
      "id": "388795899417d25ecfef4dfeae011392"
    },
    {
      "date": "Le jeudi 30 juin 2022 de  12:45:00 à  15:00:00",
      "streets": "Temple Rd Amaury",
      "from": "2022-06-30T08:45:00.000Z",
      "to": "2022-06-30T11:00:00.000Z",
      "id": "2240e97cfc1263bb8efeae6de9c91ef0"
    }
  ]
}