{
  "slug": "camp-diable",
  "name": "CAMP DIABLE",
  "district": "savanne",
  "generated": "2026-01-01T11:00:58.542Z",
  "outageCount": 24,
  "firstOutage": "2022-03-27",
  "lastOutage": "2025-12-31",
  "outages": [
    {
      "date": "Le mercredi 31 décembre 2025 de  13:45:00 à  15:00:00",
      "streets": "PART OF CAMP DIABLE",
      "from": "2025-12-31T09:45:00.000Z",
      "to": "2025-12-31T11:00:00.000Z",
      "id": "472e4bb7a41c55a42b910f2943260a60"
    },
    {
      "date": "Le mardi 30 décembre 2025 de  15:50:00 à  17:50:00",
      "streets": "ENL",
      "from": "2025-12-30T11:50:00.000Z",
      "to": "2025-12-30T13:50:00.000Z",
      "id": "48314052d12bad710ac225037e27a0fe"
    },
    {
      "date": "Le mardi 16 décembre 2025 de  09:00:00 à  15:00:00",
      "streets": "Camp Diable habitant dans le périmètre et les rues suivantes: Shivala Road, Mosque Road, Chapelle Road, Karamuth Road et la Route Royale Camp Diable",
      "from": "2025-12-16T05:00:00.000Z",
      "to": "2025-12-16T11:00:00.000Z",
      "id": "9de43bebe415a5bb072418c816aca5dd"
    },
    {
      "date": "Le jeudi 27 novembre 2025 de  16:57:00 à  21:00:00",
      "streets": "CAMP DIABLE",
      "from": "2025-11-27T12:57:00.000Z",
      "to": "2025-11-27T17:00:00.000Z",
      "id": "c3c5ec1c74614f0914ccaab0cf822ea2"
    },
    {
      "date": "Le dimanche 7 septembre 2025 de  09:00:00 à  15:00:00",
      "streets": "Le village de Camp Diable",
      "from": "2025-09-07T05:00:00.000Z",
      "to": "2025-09-07T11:00:00.000Z",
      "id": "6cbbaabbb9ec665d57c629f2a8362da4"
    },
    {
      "date": "Le dimanche 12 janvier 2025 de  08:30:00 à  16:00:00",
      "streets": "NHDC, EDC, Ilot, une partie de la Route Royale, Chemin Mosquee, Chemin Shivala, Chemin La Chapelle, Morc VRS, et les environs",
      "from": "2025-01-12T04:30:00.000Z",
      "to": "2025-01-12T12:00:00.000Z",
      "id": "77ee547883179e43fc0c5977159d3b05"
    },
    {
      "date": "Le vendredi 9 août 2024 de  09:25:00 à  11:00:00",
      "streets": "RICHE BOIS VILLAGE",
      "from": "2024-08-09T05:25:00.000Z",
      "to": "2024-08-09T07:00:00.000Z",
      "id": "fc32edfebd09524089839a8369fcce45"
    },
    {
      "date": "Le dimanche 21 juillet 2024 de  08:30:00 à  15:00:00",
      "streets": "Camp Diable, Morcellement Savannah et Colmar",
      "from": "2024-07-21T04:30:00.000Z",
      "to": "2024-07-21T11:00:00.000Z",
      "id": "ab73bffa7466874155abcc8871262432"
    },
    {
      "date": "Le dimanche 2 juin 2024 de  08:30:00 à  15:00:00",
      "streets": "Camp Diable",
      "from": "2024-06-02T04:30:00.000Z",
      "to": "2024-06-02T11:00:00.000Z",
      "id": "8dffef020d1abd2b0421e4f66c16f17e"
    },
    {
      "date": "Le dimanche 19 novembre 2023 de  08:30:00 à  16:00:00",
      "streets": "Le village de Camp Diable et Britannia",
      "from": "2023-11-19T04:30:00.000Z",
      "to": "2023-11-19T12:00:00.000Z",
      "id": "01dc21dc45d897ee3193c8329fb2c4af"
    },
    {
      "date": "Le mardi 7 novembre 2023 de  10:30:00 à  11:30:00",
      "streets": "CAMP DIABLE",
      "from": "2023-11-07T06:30:00.000Z",
      "to": "2023-11-07T07:30:00.000Z",
      "id": "be25017e09be2a9119aa4bdf14e675f6"
    },
    {
      "date": "Le vendredi 28 juillet 2023 de  20:30:00 à  23:30:00",
      "streets": "R DES ANGUILLES,TYACK,CP DIABLE, SAVANNAH,LA SOURDINE,ST AUBIN,R DU POSTE,BRITANNIAH",
      "from": "2023-07-28T16:30:00.000Z",
      "to": "2023-07-28T19:30:00.000Z",
      "id": "9925d8ee449c4159f6da79a2b4678a15"
    },
    {
      "date": "Le dimanche 16 juillet 2023 de  08:30:00 à  16:00:00",
      "streets": "Le Village de Camp Diable, Colmar et Ilot",
      "from": "2023-07-16T04:30:00.000Z",
      "to": "2023-07-16T12:00:00.000Z",
      "id": "5cb9e295ca706a6ea178afcfc2d042a1"
    },
    {
      "date": "Le dimanche 25 juin 2023 de  08:30:00 à  16:00:00",
      "streets": "LES ABONNES DU VILLAGE DE CAMP DIABLE.",
      "from": "2023-06-25T04:30:00.000Z",
      "to": "2023-06-25T12:00:00.000Z",
      "id": "605ceaf33011eedfa12cb317c5dd4b74"
    },
    {
      "date": "Le vendredi 2 juin 2023 de  10:15:00 à  11:15:00",
      "streets": "LES ABONNES DE CAMP DIABLE",
      "from": "2023-06-02T06:15:00.000Z",
      "to": "2023-06-02T07:15:00.000Z",
      "id": "927a747b0c6ae2dca2d16807634dd61e"
    },
    {
      "date": "Le dimanche 21 mai 2023 de  08:30:00 à  16:00:00",
      "streets": "Les villages de Camp Diable et Britannia",
      "from": "2023-05-21T04:30:00.000Z",
      "to": "2023-05-21T12:00:00.000Z",
      "id": "b1cd911e26fab3eaa0269c1890056d6c"
    },
    {
      "date": "Le dimanche 14 mai 2023 de  09:00:00 à  16:00:00",
      "streets": "Le Village de Camp Diable et de Morcellement Savannah",
      "from": "2023-05-14T05:00:00.000Z",
      "to": "2023-05-14T12:00:00.000Z",
      "id": "8c7492f924e42a900c0e6e43e4134e43"
    },
    {
      "date": "Le mardi 28 février 2023 de  09:00:00 à  15:00:00",
      "streets": "Le village De Camp Diable",
      "from": "2023-02-28T05:00:00.000Z",
      "to": "2023-02-28T11:00:00.000Z",
      "id": "0fe5d4735bc66e50ca1140710c007a13"
    },
    {
      "date": "Le dimanche 20 novembre 2022 de  08:45:00 à  15:00:00",
      "streets": "CAMP DIABLE",
      "from": "2022-11-20T04:45:00.000Z",
      "to": "2022-11-20T11:00:00.000Z",
      "id": "fcccfd34b40f55843a1b501b988584ed"
    },
    {
      "date": "Le dimanche 28 août 2022 de  08:30:00 à  15:00:00",
      "streets": "Camp Diable, Bamboo Road, Ilot et Colmar",
      "from": "2022-08-28T04:30:00.000Z",
      "to": "2022-08-28T11:00:00.000Z",
      "id": "c7cd3fa9985982031a3d0b434add4e1e"
    },
    {
      "date": "Le vendredi 10 juin 2022 de  09:00:00 à  14:00:00",
      "streets": "CHEMIN VILLAGE HALL CAMP DIABLE",
      "from": "2022-06-10T05:00:00.000Z",
      "to": "2022-06-10T10:00:00.000Z",
      "id": "38f42e2669224f0a738022b899fd4a04"
    },
    {
      "date": "Le jeudi 2 juin 2022 de  11:00:00 à  17:00:00",
      "streets": "riche bois,volley pitch camp diable village",
      "from": "2022-06-02T07:00:00.000Z",
      "to": "2022-06-02T13:00:00.000Z",
      "id": "9e1f14c97e035b33709254d7f1fc33e1"
    },
    {
      "date": "Le dimanche 15 mai 2022 de  09:00:00 à  15:00:00",
      "streets": "Le village de Bamboo Camp Diable, Ilot et Colmar",
      "from": "2022-05-15T05:00:00.000Z",
      "to": "2022-05-15T11:00:00.000Z",
      "id": "690e84b484d166f9ff0d203cf0ce294a"
    },
    {
      "date": "Le dimanche 27 mars 2022 de  09:00:00 à  14:00:00",
      "streets": "CAMP DIABLE + PART OF MON CHOISY",
      "from": "2022-03-27T05:00:00.000Z",
      "to": "2022-03-27T10:00:00.000Z",
      "id": "97015d084c2969c0ace8f2c71afb0541"
    }
  ]
}