{
  "slug": "cascavel",
  "name": "CASCAVEL",
  "district": "blackriver",
  "generated": "2025-12-31T16:01:15.422Z",
  "outageCount": 40,
  "firstOutage": "2022-05-19",
  "lastOutage": "2025-12-01",
  "outages": [
    {
      "date": "Le lundi 1 décembre 2025 de  08:30:00 à  16:00:00",
      "streets": "ALLEE DES MANGUIERS, TEMPLE ROAD, AVE CORALIA, MAPOU LANE, PHILIPPE LANE, BOUGAINVILLE LANE ET ORIENTAL FOOD LTD",
      "from": "2025-12-01T04:30:00.000Z",
      "to": "2025-12-01T12:00:00.000Z",
      "id": "34e0d903c26eb51bf5832a36336e5978"
    },
    {
      "date": "Le vendredi 17 octobre 2025 de  08:30:00 à  16:00:00",
      "streets": "FLIC EN FLAC ROAD ET CWA PALMYRE CASCAVELLE",
      "from": "2025-10-17T04:30:00.000Z",
      "to": "2025-10-17T12:00:00.000Z",
      "id": "001c0427c5f42496a8c537465bfbc289"
    },
    {
      "date": "Le mardi 23 septembre 2025 de  08:30:00 à  15:30:00",
      "streets": "XAVIER VILLAGE, MORC BLUE PRINT ET UNE PARTIE DE CASCAVELLE BRANCH ROAD",
      "from": "2025-09-23T04:30:00.000Z",
      "to": "2025-09-23T11:30:00.000Z",
      "id": "000969f395993a3f3066ebc0a576e020"
    },
    {
      "date": "Le mercredi 17 septembre 2025 de  09:00:00 à  16:30:00",
      "streets": "CAMP CREOLES",
      "from": "2025-09-17T05:00:00.000Z",
      "to": "2025-09-17T12:30:00.000Z",
      "id": "275402d2008d68a10e0e943484cb4cad"
    },
    {
      "date": "Le samedi 6 septembre 2025 de  08:30:00 à  14:00:00",
      "streets": "AVE CARDINAL MORC VRS 2 -XAVIER RD-BOUGAINVILLIER RD CACAVELLE",
      "from": "2025-09-06T04:30:00.000Z",
      "to": "2025-09-06T10:00:00.000Z",
      "id": "2efb435af0f04a9dc716d18e1b6d5942"
    },
    {
      "date": "Le jeudi 28 août 2025 de  09:00:00 à  10:00:00",
      "streets": "XAVIER CASCAVEL",
      "from": "2025-08-28T05:00:00.000Z",
      "to": "2025-08-28T06:00:00.000Z",
      "id": "e8f8d8e48cc9df2bfdb998c0abafa7dd"
    },
    {
      "date": "Le jeudi 7 août 2025 de  16:45:00 à  20:00:00",
      "streets": "cascavel,beau songe",
      "from": "2025-08-07T12:45:00.000Z",
      "to": "2025-08-07T16:00:00.000Z",
      "id": "f5cb2d4ffeab9a2c8dc30824e754fd76"
    },
    {
      "date": "Le mercredi 2 juillet 2025 de  08:25:00 à  13:00:00",
      "streets": "MORC XAVIER AVE ORCHIDEE ET LES ALENTOURS",
      "from": "2025-07-02T04:25:00.000Z",
      "to": "2025-07-02T09:00:00.000Z",
      "id": "c108d315683868c4be52d574c8ae4caa"
    },
    {
      "date": "Le mardi 18 mars 2025 de  09:50:00 à  14:30:00",
      "streets": "CAMP CREOLE, CAMP MADRAS AND SURROUNDINGS",
      "from": "2025-03-18T05:50:00.000Z",
      "to": "2025-03-18T10:30:00.000Z",
      "id": "9e6f9fa2542c660a6c21d2f1a51df7ac"
    },
    {
      "date": "Le mardi 18 mars 2025 de  09:20:00 à  14:00:00",
      "streets": "CASELA, SAFARI WORLD, MEDINE LTD, PUMP CAMP LA BOUE",
      "from": "2025-03-18T05:20:00.000Z",
      "to": "2025-03-18T10:00:00.000Z",
      "id": "ba558eb7f6dc3723f463c265fa099dcc"
    },
    {
      "date": "Le dimanche 2 février 2025 de  08:30:00 à  15:30:00",
      "streets": "Xavier Village, Cascavelle Village, Morc VRS Cascavelle, Cavalia, Casela Discovery et une partie de Cascavelle Branch Road",
      "from": "2025-02-02T04:30:00.000Z",
      "to": "2025-02-02T11:30:00.000Z",
      "id": "2cbc1822676f137e106d66d5f0d59247"
    },
    {
      "date": "Le jeudi 30 janvier 2025 de  08:30:00 à  15:30:00",
      "streets": "Casela Pandia Kids, Alpin Coaster, Big Cat, Pivot Bassin Fleur et Wolmar Salle de Fête",
      "from": "2025-01-30T04:30:00.000Z",
      "to": "2025-01-30T11:30:00.000Z",
      "id": "88b144f204679e595f83cce2ce63e98b"
    },
    {
      "date": "Le samedi 25 janvier 2025 de  08:30:00 à  16:30:00",
      "streets": "Casela Pandia Kids, Alpin Coaster, Big Cat, Pivot Bassin Fleur et Wolmar Salle de Fête",
      "from": "2025-01-25T04:30:00.000Z",
      "to": "2025-01-25T12:30:00.000Z",
      "id": "8de1f4bcc2e4a57d799eea5293ee919b"
    },
    {
      "date": "Le mercredi 22 janvier 2025 de  08:30:00 à  16:30:00",
      "streets": "Casela Pandia Kids, Alpin Coaster, Big Cat, Pivot Bassin Fleur et wolmar Salle de Fete",
      "from": "2025-01-22T04:30:00.000Z",
      "to": "2025-01-22T12:30:00.000Z",
      "id": "d7c5b378c47e58d89e03460fd1d6e441"
    },
    {
      "date": "Le dimanche 8 décembre 2024 de  08:30:00 à  15:30:00",
      "streets": "Xavier Village, Morc VRS Cascavelle, Baobab Lane, Cascavelle Branch Road, Temple Road, Ave des Manguiers et CWA Palmyre",
      "from": "2024-12-08T04:30:00.000Z",
      "to": "2024-12-08T11:30:00.000Z",
      "id": "3680d473a77b4a308fe7ba5d82d8f4e5"
    },
    {
      "date": "Le mercredi 4 septembre 2024 de  09:00:00 à  12:00:00",
      "streets": "VILLAGE CASCAVEL-CASELA",
      "from": "2024-09-04T05:00:00.000Z",
      "to": "2024-09-04T08:00:00.000Z",
      "id": "ab486645e7cb82e1bf1fa7b2b3884e7b"
    },
    {
      "date": "Le mardi 3 septembre 2024 de  08:30:00 à  15:30:00",
      "streets": "XAVIER VILLAGE, MORC VRS XAVIER, BAOBAB LANE, CASCAVELLE BRANCH ROAD, CWA PALMYRE ET PIVOT BOULTERRE",
      "from": "2024-09-03T04:30:00.000Z",
      "to": "2024-09-03T11:30:00.000Z",
      "id": "7282aa2267d59cb73198d6d68a7f1f1a"
    },
    {
      "date": "Le mercredi 14 août 2024 de  09:15:00 à  15:00:00",
      "streets": "CASCAVEL, SPARK MEDINE, OCEAN SIDE ET THE GROOVE",
      "from": "2024-08-14T05:15:00.000Z",
      "to": "2024-08-14T11:00:00.000Z",
      "id": "5cc72613ad35994260877dce6f74a057"
    },
    {
      "date": "Le mardi 16 juillet 2024 de  13:00:00 à  14:30:00",
      "streets": "XAVIER VILLAGE, MORC VRS XAVIER, BAOBAB LANE, CASCAVELLE BRANCH ROAD, CWA PALMYRE ET PIVOT BOULTERRE",
      "from": "2024-07-16T09:00:00.000Z",
      "to": "2024-07-16T10:30:00.000Z",
      "id": "211f4bb8ae51c475ff9c6c07b55ef88c"
    },
    {
      "date": "Le dimanche 9 juin 2024 de  08:30:00 à  15:30:00",
      "streets": "Casela, Cascavelle Branch Road, Allée des Manguiers, Temple Road, Cascavelle Village, Cactus Lane et Morc VRS Cascavelle",
      "from": "2024-06-09T04:30:00.000Z",
      "to": "2024-06-09T11:30:00.000Z",
      "id": "f59b1580279a7f2fcfe58acc40ac504e"
    },
    {
      "date": "Le lundi 22 avril 2024 de  10:20:00 à  14:00:00",
      "streets": "LES ABONEES DE SPARK ET THE GROOVE",
      "from": "2024-04-22T06:20:00.000Z",
      "to": "2024-04-22T10:00:00.000Z",
      "id": "2eb603fc508a1f5133b26088500a101b"
    },
    {
      "date": "Le samedi 6 avril 2024 de  08:30:00 à  15:30:00",
      "streets": "XAVIER VILLAGE, MORC VRS XAVIER, BAOBAB LANE, CASCAVELLE BRANCH ROAD, CWA PALMYRE ET PIVOT BOULETERRE",
      "from": "2024-04-06T04:30:00.000Z",
      "to": "2024-04-06T11:30:00.000Z",
      "id": "b71f2c6358223e8cf3d5af928d35369c"
    },
    {
      "date": "Le dimanche 17 mars 2024 de  07:35:00 à  10:35:00",
      "streets": "CAMP CREOLE CASCAVELLE",
      "from": "2024-03-17T03:35:00.000Z",
      "to": "2024-03-17T06:35:00.000Z",
      "id": "a0d266f2829bb339968052e71a682923"
    },
    {
      "date": "Le mardi 12 mars 2024 de  16:40:00 à  19:45:00",
      "streets": "CASCAVEL",
      "from": "2024-03-12T12:40:00.000Z",
      "to": "2024-03-12T15:45:00.000Z",
      "id": "984d7ed6a1f8d16c69bb234459842bd6"
    },
    {
      "date": "Le samedi 2 mars 2024 de  08:30:00 à  16:30:00",
      "streets": "XAVIER VILLAGE, MORC VRS XAVIER, BAOBAB LANE, CASCAVELLE BRANCH ROAD, CWA PALMYRE ET PIVOT BOULTERRE",
      "from": "2024-03-02T04:30:00.000Z",
      "to": "2024-03-02T12:30:00.000Z",
      "id": "87d13548524bf7a4ac5329f211780de7"
    },
    {
      "date": "Le dimanche 19 novembre 2023 de  12:30:00 à  14:00:00",
      "streets": "MORC VRS, ALLEES DES MANGUIERS, TEMPLE ROAD ET CASCAVELLE BRANCH ROAD",
      "from": "2023-11-19T08:30:00.000Z",
      "to": "2023-11-19T10:00:00.000Z",
      "id": "6907eb433ac854b01f6657edcf816d84"
    },
    {
      "date": "Le dimanche 19 novembre 2023 de  11:00:00 à  13:00:00",
      "streets": "MORC VRS, ALLEES DES MANGUIERS, TEMPLE ROAD ET CASCAVELLE BRANCH ROAD",
      "from": "2023-11-19T07:00:00.000Z",
      "to": "2023-11-19T09:00:00.000Z",
      "id": "a49bd33f1d1608b44be5afa8ee000a07"
    },
    {
      "date": "Le jeudi 19 octobre 2023 de  15:30:00 à  19:00:00",
      "streets": "CWA CASCAVELLE, WEST COAST INTERNATIONAL SCHOOL ET SPARC SPORTS COMPLEX",
      "from": "2023-10-19T11:30:00.000Z",
      "to": "2023-10-19T15:00:00.000Z",
      "id": "60aa680c99f37df196f9c1bcc8f8bbc0"
    },
    {
      "date": "Le samedi 7 octobre 2023 de  08:30:00 à  16:30:00",
      "streets": "CWA CASCAVELLE, WEST COAST INTERNATIONAL SCHOOL ET SPARC SPORTS COMPLEX",
      "from": "2023-10-07T04:30:00.000Z",
      "to": "2023-10-07T12:30:00.000Z",
      "id": "4a1aa9d2b9095bdefe5c0da0774f959d"
    },
    {
      "date": "Le vendredi 28 juillet 2023 de  09:00:00 à  16:00:00",
      "streets": "WHOLE REGION",
      "from": "2023-07-28T05:00:00.000Z",
      "to": "2023-07-28T12:00:00.000Z",
      "id": "98ec3f97164888e18ea77ceb074e790f"
    },
    {
      "date": "Le jeudi 15 juin 2023 de  09:00:00 à  14:30:00",
      "streets": "ROYAL ROAD XAVIER, MORC VRS XAVIER, BAOBAB LANE, CASCAVELLE BRANCH ROAD ET CASCAVELLE GOVERNMENT SCHOOL",
      "from": "2023-06-15T05:00:00.000Z",
      "to": "2023-06-15T10:30:00.000Z",
      "id": "f5cde16d5814e2dbe14931ccda08d17c"
    },
    {
      "date": "Le jeudi 8 juin 2023 de  08:30:00 à  17:30:00",
      "streets": "XAVIER VILLAGE, MORC VRS XAVIER, BAOBAB LANE, CASCAVELLE BRANCH ROAD, CWA PALMYRE ET PIVOT BOULTERRE",
      "from": "2023-06-08T04:30:00.000Z",
      "to": "2023-06-08T13:30:00.000Z",
      "id": "3666db1c912360338a827f2f6f5f3f51"
    },
    {
      "date": "Le lundi 29 mai 2023 de  18:15:00 à  19:30:00",
      "streets": "BAOBAB LANE,ALLAMANDA LANE",
      "from": "2023-05-29T14:15:00.000Z",
      "to": "2023-05-29T15:30:00.000Z",
      "id": "7b609500cbdb8205f4ffeca6af35240b"
    },
    {
      "date": "Le jeudi 18 mai 2023 de  12:00:00 à  14:30:00",
      "streets": "CAMP CREOLE- AVE MAPOU, PHILIP LANE ET AVE BOUGAINVILLIER",
      "from": "2023-05-18T08:00:00.000Z",
      "to": "2023-05-18T10:30:00.000Z",
      "id": "7f13b60754c878af2e070115d7f99e21"
    },
    {
      "date": "Le jeudi 18 mai 2023 de  08:30:00 à  11:00:00",
      "streets": "XAVIER- AVE ALAMANDA, AVE BAOBAB ET CASCAVELLE VILLAGE- TEMPLE ROAD ET AVE MANGUIERS",
      "from": "2023-05-18T04:30:00.000Z",
      "to": "2023-05-18T07:00:00.000Z",
      "id": "4b4d561aa5c56957304dbdf98c0dce3f"
    },
    {
      "date": "Le dimanche 19 mars 2023 de  08:30:00 à  16:30:00",
      "streets": "XAVIER, CASCAVELLE VILLAGE, CLARENCE, CASELA, BASSIN FLEUR, CAMPEMENT DE WOLMAR ET BIODIA",
      "from": "2023-03-19T04:30:00.000Z",
      "to": "2023-03-19T12:30:00.000Z",
      "id": "451f636c689290d0739f245a21b2d1ae"
    },
    {
      "date": "Le samedi 15 octobre 2022 de  08:30:00 à  16:30:00",
      "streets": "CWA Cascavelle,West Coast International School et Sparc Sports Complex",
      "from": "2022-10-15T04:30:00.000Z",
      "to": "2022-10-15T12:30:00.000Z",
      "id": "3be73f4426d9ec24b0547d9d932fe88b"
    },
    {
      "date": "Le samedi 8 octobre 2022 de  08:30:00 à  16:30:00",
      "streets": "CWA Cascavelle, West Coast International School et Sparc Sports Complex",
      "from": "2022-10-08T04:30:00.000Z",
      "to": "2022-10-08T12:30:00.000Z",
      "id": "a13d5cfddd2b9c109afb58ba6a46e834"
    },
    {
      "date": "Le dimanche 3 juillet 2022 de  08:30:00 à  16:30:00",
      "streets": "BLACK RIVER RD XAVIER, CLARENCE, CASELA, BASSIN FLEUR, CAMPEMENT DE WOLMAR ET BIODIA",
      "from": "2022-07-03T04:30:00.000Z",
      "to": "2022-07-03T12:30:00.000Z",
      "id": "0f148a11ce94e9d677d9fe3c8c1c5327"
    },
    {
      "date": "Le jeudi 19 mai 2022 de  08:30:00 à  15:30:00",
      "streets": "SAFARI CASELA",
      "from": "2022-05-19T04:30:00.000Z",
      "to": "2022-05-19T11:30:00.000Z",
      "id": "085d1fd389239b309c5ce3cfb13a1b6e"
    }
  ]
}