{
  "slug": "chamouny",
  "name": "CHAMOUNY",
  "district": "savanne",
  "generated": "2026-01-17T15:00:55.121Z",
  "outageCount": 20,
  "firstOutage": "2022-07-24",
  "lastOutage": "2026-01-19",
  "outages": [
    {
      "date": "Le lundi 19 janvier 2026 de  09:00:00 à  15:30:00",
      "streets": "Mont Blanc Chamouny",
      "from": "2026-01-19T05:00:00.000Z",
      "to": "2026-01-19T11:30:00.000Z",
      "id": "8059d6510ff1156b326d7137439baacb"
    },
    {
      "date": "Le jeudi 15 janvier 2026 de  09:00:00 à  15:30:00",
      "streets": "Mont Blanc Chamouny",
      "from": "2026-01-15T05:00:00.000Z",
      "to": "2026-01-15T11:30:00.000Z",
      "id": "8699a7c586825a41072629d20eeff33c"
    },
    {
      "date": "Le dimanche 16 mars 2025 de  08:30:00 à  15:00:00",
      "streets": "Chamouny, Camp Fany, Camp Goolbar, Camp Lilas, Rama Road et Mont Carmel",
      "from": "2025-03-16T04:30:00.000Z",
      "to": "2025-03-16T11:00:00.000Z",
      "id": "95e91642954ef1d80d57d19e99f32700"
    },
    {
      "date": "Le mercredi 5 février 2025 de  08:30:00 à  18:00:00",
      "streets": "Chamouny, Camp Fany, Camp Goolbar, Camp Lilas et Rama Road",
      "from": "2025-02-05T04:30:00.000Z",
      "to": "2025-02-05T14:00:00.000Z",
      "id": "94e550508218c7bd248893192fb1891d"
    },
    {
      "date": "Le vendredi 24 janvier 2025 de  08:30:00 à  16:00:00",
      "streets": "Camp Fany, Camp Goolbar et Rama Road",
      "from": "2025-01-24T04:30:00.000Z",
      "to": "2025-01-24T12:00:00.000Z",
      "id": "112e87b32d4a241e75dc8edbf9497752"
    },
    {
      "date": "Le dimanche 15 décembre 2024 de  08:30:00 à  15:00:00",
      "streets": "Camp Goolbar Chamouny",
      "from": "2024-12-15T04:30:00.000Z",
      "to": "2024-12-15T11:00:00.000Z",
      "id": "c79de299d65673c54fee0252f5a8893f"
    },
    {
      "date": "Le dimanche 27 octobre 2024 de  09:00:00 à  15:00:00",
      "streets": "Chamouny, Camp Fany, Camp Goolbar et Camp Lilas",
      "from": "2024-10-27T05:00:00.000Z",
      "to": "2024-10-27T11:00:00.000Z",
      "id": "7b1d85eaf933a563c4562e90d0ef2ea8"
    },
    {
      "date": "Le mardi 8 octobre 2024 de  09:00:00 à  15:00:00",
      "streets": "Mont Blanc",
      "from": "2024-10-08T05:00:00.000Z",
      "to": "2024-10-08T11:00:00.000Z",
      "id": "e2a7ea7803f86c0d3587f8ee46fae6df"
    },
    {
      "date": "Le dimanche 11 août 2024 de  09:00:00 à  15:00:00",
      "streets": "Le Village de Chamouny",
      "from": "2024-08-11T05:00:00.000Z",
      "to": "2024-08-11T11:00:00.000Z",
      "id": "3274aed0733ec9538299dad8b7864d63"
    },
    {
      "date": "Le vendredi 19 juillet 2024 de  10:30:00 à  12:30:00",
      "streets": "KHEDOO LANE, AYAMANDHIR ST AND SURROUNDINGS",
      "from": "2024-07-19T06:30:00.000Z",
      "to": "2024-07-19T08:30:00.000Z",
      "id": "897d90723f222db172da0e3f449d4a51"
    },
    {
      "date": "Le dimanche 25 février 2024 de  08:30:00 à  16:00:00",
      "streets": "Chamouny",
      "from": "2024-02-25T04:30:00.000Z",
      "to": "2024-02-25T12:00:00.000Z",
      "id": "ce0b3f5cfd6a8d2b75f37f4460484da8"
    },
    {
      "date": "Le jeudi 14 décembre 2023 de  09:00:00 à  15:00:00",
      "streets": "Camp Fanny et Camp Goolbar",
      "from": "2023-12-14T05:00:00.000Z",
      "to": "2023-12-14T11:00:00.000Z",
      "id": "b09c212211d047f593c213498467748f"
    },
    {
      "date": "Le dimanche 10 décembre 2023 de  09:00:00 à  15:00:00",
      "streets": "Camp Fany et Camp Goolbar",
      "from": "2023-12-10T05:00:00.000Z",
      "to": "2023-12-10T11:00:00.000Z",
      "id": "6f96c366d8b4c981bf3dcb462fbeef4c"
    },
    {
      "date": "Le dimanche 25 juin 2023 de  09:00:00 à  16:00:00",
      "streets": "LES ABONNES DU VILLAGE DE MONT BLANC.",
      "from": "2023-06-25T05:00:00.000Z",
      "to": "2023-06-25T12:00:00.000Z",
      "id": "75e238c35e12279858fdbe4648cefa46"
    },
    {
      "date": "Le dimanche 18 juin 2023 de  09:00:00 à  16:00:00",
      "streets": "Chamouny, Camp Lilas, Camp Fany et Camp Goolbar",
      "from": "2023-06-18T05:00:00.000Z",
      "to": "2023-06-18T12:00:00.000Z",
      "id": "13b04a3197b07652f236f632231b688b"
    },
    {
      "date": "Le lundi 24 avril 2023 de  15:00:00 à  16:00:00",
      "streets": "CAMP BOULVARD/CHAMOUNY",
      "from": "2023-04-24T11:00:00.000Z",
      "to": "2023-04-24T12:00:00.000Z",
      "id": "1b79e9e4bd79e3f1fcd47cd41964e1bb"
    },
    {
      "date": "Le vendredi 24 février 2023 de  09:00:00 à  15:00:00",
      "streets": "Tamil Temple Road et School Road",
      "from": "2023-02-24T05:00:00.000Z",
      "to": "2023-02-24T11:00:00.000Z",
      "id": "b6f0232eefb1f8600144ad6ec3685aa6"
    },
    {
      "date": "Le vendredi 13 janvier 2023 de  09:00:00 à  15:00:00",
      "streets": "Le village de Chamouny",
      "from": "2023-01-13T05:00:00.000Z",
      "to": "2023-01-13T11:00:00.000Z",
      "id": "b9e05e0dba53a08d121d1da97f8022e0"
    },
    {
      "date": "Le jeudi 8 septembre 2022 de  09:00:00 à  14:00:00",
      "streets": "Le village de Chamouny, Rama Road et Camp Fany",
      "from": "2022-09-08T05:00:00.000Z",
      "to": "2022-09-08T10:00:00.000Z",
      "id": "d0133264fce6bc780d06d4e009ba4df6"
    },
    {
      "date": "Le dimanche 24 juillet 2022 de  09:00:00 à  14:00:00",
      "streets": "Chamouny, Rama Road, Camp Goolbar, Camp Fany, Camp Lilas et Mont Carmel",
      "from": "2022-07-24T05:00:00.000Z",
      "to": "2022-07-24T10:00:00.000Z",
      "id": "ec0587aabb5a01131d5140060012833c"
    }
  ]
}