{
  "slug": "chamarel",
  "name": "CHAMAREL",
  "district": "blackriver",
  "generated": "2026-02-04T07:14:52.260Z",
  "outageCount": 35,
  "firstOutage": "2022-03-24",
  "lastOutage": "2026-01-15",
  "outages": [
    {
      "date": "Le jeudi 15 janvier 2026 de  10:00:00 à  15:00:00",
      "streets": "REGION CHAMAREL",
      "from": "2026-01-15T06:00:00.000Z",
      "to": "2026-01-15T11:00:00.000Z",
      "id": "335d71ccdbdd8ba0cea4128fab6031eb"
    },
    {
      "date": "Le lundi 29 décembre 2025 de  09:15:00 à  12:00:00",
      "streets": "AVENUE ROULEAU ET JACKIE LENOIR",
      "from": "2025-12-29T05:15:00.000Z",
      "to": "2025-12-29T08:00:00.000Z",
      "id": "6d0faa2385a21dbecb7a2439e9c8b3ec"
    },
    {
      "date": "Le vendredi 26 décembre 2025 de  09:00:00 à  11:00:00",
      "streets": "LA VILLE LEON CHAMAREL",
      "from": "2025-12-26T05:00:00.000Z",
      "to": "2025-12-26T07:00:00.000Z",
      "id": "bf424bd188e77cfbde3e291169d47192"
    },
    {
      "date": "Le mercredi 12 novembre 2025 de  12:15:00 à  13:45:00",
      "streets": "Chamarel,Le Morne,Case Noyale,La Gaulette,Cotteau Raffin,Riviere Noire",
      "from": "2025-11-12T08:15:00.000Z",
      "to": "2025-11-12T09:45:00.000Z",
      "id": "55ba4b57bb594e1d9ff74ff2aeb3d6a2"
    },
    {
      "date": "Le lundi 10 novembre 2025 de  21:00:00 à  00:00:00",
      "streets": "DESIRE RD-ROYAL RD CHAMAREL",
      "from": "2025-11-10T17:00:00.000Z",
      "to": "2025-11-09T20:00:00.000Z",
      "id": "0124f419bea6a818e67ac17c6d246f74"
    },
    {
      "date": "Le dimanche 26 octobre 2025 de  00:00:00 à  14:00:00",
      "streets": "CHAMAREL",
      "from": "2025-10-25T20:00:00.000Z",
      "to": "2025-10-25T10:00:00.000Z",
      "id": "bfedc88eb035926d5937d89958cf1ec6"
    },
    {
      "date": "Le mercredi 1 octobre 2025 de  09:00:00 à  14:00:00",
      "streets": "PART OF CHAMAREL",
      "from": "2025-10-01T05:00:00.000Z",
      "to": "2025-10-01T10:00:00.000Z",
      "id": "bfab434f8165a199a9bcc01c21702bb3"
    },
    {
      "date": "Le vendredi 26 septembre 2025 de  09:00:00 à  16:30:00",
      "streets": "CHAMAREL",
      "from": "2025-09-26T05:00:00.000Z",
      "to": "2025-09-26T12:30:00.000Z",
      "id": "e634047d2f5de4883ff0c197b79c7237"
    },
    {
      "date": "Le mercredi 5 mars 2025 de  08:30:00 à  16:30:00",
      "streets": "CHAMAREL",
      "from": "2025-03-05T04:30:00.000Z",
      "to": "2025-03-05T12:30:00.000Z",
      "id": "30ce5f693c6fe946ae87cd7e721b69e6"
    },
    {
      "date": "Le vendredi 28 février 2025 de  05:30:00 à  14:00:00",
      "streets": "CHAMAREL",
      "from": "2025-02-28T01:30:00.000Z",
      "to": "2025-02-28T10:00:00.000Z",
      "id": "24221a4541c39ae0451a4dd19a9f3f3d"
    },
    {
      "date": "Le jeudi 6 février 2025 de  17:20:00 à  18:30:00",
      "streets": "CHAMAREL",
      "from": "2025-02-06T13:20:00.000Z",
      "to": "2025-02-06T14:30:00.000Z",
      "id": "2fee2e61a27d6f1b967d6b0e279190a8"
    },
    {
      "date": "Le mercredi 15 janvier 2025 de  08:30:00 à  16:30:00",
      "streets": "Chamarel Village, La Villeon Chamarel, Baie du Cap Rd                   Chamarel et Plaine Champaigne Rd Chamarel",
      "from": "2025-01-15T04:30:00.000Z",
      "to": "2025-01-15T12:30:00.000Z",
      "id": "6b15e8c9394ba553dbf00b217fe86d8a"
    },
    {
      "date": "Le lundi 13 janvier 2025 de  09:00:00 à  14:00:00",
      "streets": "CHAMAREL",
      "from": "2025-01-13T05:00:00.000Z",
      "to": "2025-01-13T10:00:00.000Z",
      "id": "649aea30c10135d9869fbffce27edbff"
    },
    {
      "date": "Le mercredi 11 décembre 2024 de  08:30:00 à  16:30:00",
      "streets": "",
      "from": "2024-12-11T04:30:00.000Z",
      "to": "2024-12-11T12:30:00.000Z",
      "id": "4011693370d960f73e80e077d90cb334"
    },
    {
      "date": "Le mardi 3 décembre 2024 de  08:30:00 à  16:30:00",
      "streets": "CHAMAREL",
      "from": "2024-12-03T04:30:00.000Z",
      "to": "2024-12-03T12:30:00.000Z",
      "id": "51b3ddb8c2f5d9e269a7da92895d59be"
    },
    {
      "date": "Le mardi 12 novembre 2024 de  08:30:00 à  16:30:00",
      "streets": "WHOLE VILLAGE",
      "from": "2024-11-12T04:30:00.000Z",
      "to": "2024-11-12T12:30:00.000Z",
      "id": "f4c082aa84aa29f7c4d5ebe2d10d134c"
    },
    {
      "date": "Le mardi 1 octobre 2024 de  08:50:00 à  12:00:00",
      "streets": "CHAMAREL",
      "from": "2024-10-01T04:50:00.000Z",
      "to": "2024-10-01T08:00:00.000Z",
      "id": "3b993e74a7cec09e492a51c68192b3e4"
    },
    {
      "date": "Le samedi 28 septembre 2024 de  09:00:00 à  10:30:00",
      "streets": "REGION CHAMAREL",
      "from": "2024-09-28T05:00:00.000Z",
      "to": "2024-09-28T06:30:00.000Z",
      "id": "964c9fc2b813df16f37b39721ffdd424"
    },
    {
      "date": "Le mardi 20 août 2024 de  09:45:00 à  15:00:00",
      "streets": "CHAMAREL",
      "from": "2024-08-20T05:45:00.000Z",
      "to": "2024-08-20T11:00:00.000Z",
      "id": "82c3ec014e26a2a086c13778037a95a0"
    },
    {
      "date": "Le mardi 21 mai 2024 de  10:00:00 à  14:00:00",
      "streets": "CHAMAREL",
      "from": "2024-05-21T06:00:00.000Z",
      "to": "2024-05-21T10:00:00.000Z",
      "id": "c4a7f6d8f29080f66ff7f0a6ed93e355"
    },
    {
      "date": "Le dimanche 21 janvier 2024 de  12:45:00 à  13:45:00",
      "streets": "CHAMAREL",
      "from": "2024-01-21T08:45:00.000Z",
      "to": "2024-01-21T09:45:00.000Z",
      "id": "f7aa7a2a50d46cf1fc5fb655f89f16b0"
    },
    {
      "date": "Le jeudi 4 janvier 2024 de  09:00:00 à  14:00:00",
      "streets": "CHAMAREL",
      "from": "2024-01-04T05:00:00.000Z",
      "to": "2024-01-04T10:00:00.000Z",
      "id": "1934b3515efdc0e455b314b5176d3232"
    },
    {
      "date": "Le lundi 18 décembre 2023 de  09:00:00 à  11:00:00",
      "streets": "CHAMAREL",
      "from": "2023-12-18T05:00:00.000Z",
      "to": "2023-12-18T07:00:00.000Z",
      "id": "84f399071c8ae7b7fff5771f4e50a9c0"
    },
    {
      "date": "Le samedi 2 décembre 2023 de  09:30:00 à  12:30:00",
      "streets": "VARANGUE SUR MORNE",
      "from": "2023-12-02T05:30:00.000Z",
      "to": "2023-12-02T08:30:00.000Z",
      "id": "7f49dc03ef229ea0633fbe8220023817"
    },
    {
      "date": "Le mercredi 22 novembre 2023 de  08:30:00 à  16:30:00",
      "streets": "CHAMAREL",
      "from": "2023-11-22T04:30:00.000Z",
      "to": "2023-11-22T12:30:00.000Z",
      "id": "9ba1e94d907641de21ea0ab3c68adb97"
    },
    {
      "date": "Le jeudi 21 septembre 2023 de  09:00:00 à  13:00:00",
      "streets": "LA VILLE LEON CHAMAREL",
      "from": "2023-09-21T05:00:00.000Z",
      "to": "2023-09-21T09:00:00.000Z",
      "id": "c424ac2e4fa262c04fd2195079235d12"
    },
    {
      "date": "Le jeudi 16 février 2023 de  08:30:00 à  16:30:00",
      "streets": "LAVILLEON, TERRE 7 COULEUR ET EBONY FOREST",
      "from": "2023-02-16T04:30:00.000Z",
      "to": "2023-02-16T12:30:00.000Z",
      "id": "c2cb4dc4ec41f31b200f87b60f3c1cce"
    },
    {
      "date": "Le jeudi 19 janvier 2023 de  09:00:00 à  13:00:00",
      "streets": "CHAMAREL",
      "from": "2023-01-19T05:00:00.000Z",
      "to": "2023-01-19T09:00:00.000Z",
      "id": "d5f68a5e27ddba11c6bcdc706334d873"
    },
    {
      "date": "Le mercredi 30 novembre 2022 de  08:30:00 à  16:30:00",
      "streets": "Chamarel",
      "from": "2022-11-30T04:30:00.000Z",
      "to": "2022-11-30T12:30:00.000Z",
      "id": "2936ccd8e87becb7f29e4b238cc3a937"
    },
    {
      "date": "Le vendredi 21 octobre 2022 de  08:30:00 à  16:30:00",
      "streets": "",
      "from": "2022-10-21T04:30:00.000Z",
      "to": "2022-10-21T12:30:00.000Z",
      "id": "72351bf877dc83c748dcba618a0ae061"
    },
    {
      "date": "Le mercredi 5 octobre 2022 de  08:30:00 à  16:30:00",
      "streets": "Chamarel",
      "from": "2022-10-05T04:30:00.000Z",
      "to": "2022-10-05T12:30:00.000Z",
      "id": "8c5c8a83f65042159ecb29d6ddaf6921"
    },
    {
      "date": "Le mardi 12 juillet 2022 de  08:30:00 à  16:30:00",
      "streets": "CHAMAREL",
      "from": "2022-07-12T04:30:00.000Z",
      "to": "2022-07-12T12:30:00.000Z",
      "id": "1596096be5ab60b6706db8baaf4aa1a3"
    },
    {
      "date": "Le mercredi 25 mai 2022 de  08:30:00 à  14:30:00",
      "streets": "CHAMAREL",
      "from": "2022-05-25T04:30:00.000Z",
      "to": "2022-05-25T10:30:00.000Z",
      "id": "b8a1773df72c3da75f5fda234fc7b445"
    },
    {
      "date": "Le mercredi 30 mars 2022 de  08:30:00 à  18:00:00",
      "streets": "ROUTE ROYALE CHAMAREL, BAIE DU CAP ROAD, PLAINE CHAMPAGNE ROAD, PITON ROAD, LAVILLEON ET LA TERRE SEPT COULEURS",
      "from": "2022-03-30T04:30:00.000Z",
      "to": "2022-03-30T14:00:00.000Z",
      "id": "6eff73838f95e5e216a26263a0640431"
    },
    {
      "date": "Le jeudi 24 mars 2022 de  08:30:00 à  18:00:00",
      "streets": "ROUTE ROYALE CHAMAREL, BAIE DU CAP ROAD, PLAINE CHAMPAGNE ROAD, PITON ROAD, LAVILLEON ET LA TERRE SEPT COULEURS",
      "from": "2022-03-24T04:30:00.000Z",
      "to": "2022-03-24T14:00:00.000Z",
      "id": "9fcb4bac9aaa61c826bca41d99adf5e0"
    }
  ]
}