{
  "slug": "esperance-trebuchet",
  "name": "ESPERANCE TREBUCHET",
  "district": "rivieredurempart",
  "generated": "2026-01-15T17:07:41.944Z",
  "outageCount": 23,
  "firstOutage": "2022-03-14",
  "lastOutage": "2025-12-14",
  "outages": [
    {
      "date": "Le dimanche 14 décembre 2025 de  08:30:00 à  13:00:00",
      "streets": "MME BARBE, ANAND ROAD, RAJA ROAD, SCHOOL ROAD AND DIAGONAL ROAD, LESPERANCE TREBUCHET- OFFICER IN CHARGE STO RUSMAULLY FOR GOODLANDS SECTION",
      "from": "2025-12-14T04:30:00.000Z",
      "to": "2025-12-14T09:00:00.000Z",
      "id": "2b051ba70afb608ce55f43a13acdb232"
    },
    {
      "date": "Le mardi 14 octobre 2025 de  08:30:00 à  16:00:00",
      "streets": "ESPERANCE TREBUCHET AND CWA PUMPING ESPERANCE TREBUCHET",
      "from": "2025-10-14T04:30:00.000Z",
      "to": "2025-10-14T12:00:00.000Z",
      "id": "d3ae06a9adea7d205722d91df5957173"
    },
    {
      "date": "Le mercredi 8 octobre 2025 de  08:30:00 à  16:30:00",
      "streets": "ENTIERE REGION DE LESPERANCE TREBUCHET, NSLD LESPERANCE TREBUCHET, CWA LESPERANCE TREBUCHET ET CWA ST ANTOINE",
      "from": "2025-10-08T04:30:00.000Z",
      "to": "2025-10-08T12:30:00.000Z",
      "id": "94bd1db6436662d48760fb53bb392af1"
    },
    {
      "date": "Le jeudi 17 juillet 2025 de  12:45:00 à  14:00:00",
      "streets": "ESPERANCE TREBUCHET",
      "from": "2025-07-17T08:45:00.000Z",
      "to": "2025-07-17T10:00:00.000Z",
      "id": "a61c6443a96dacab00b7aa5755fee737"
    },
    {
      "date": "Le dimanche 16 février 2025 de  08:30:00 à  15:00:00",
      "streets": "Le village DEsperance Trébuchet",
      "from": "2025-02-16T04:30:00.000Z",
      "to": "2025-02-16T11:00:00.000Z",
      "id": "aadffeb1427fb7104ebdc904261575c1"
    },
    {
      "date": "Le mercredi 11 décembre 2024 de  10:30:00 à  12:00:00",
      "streets": "ESPERANCE TREBUCHET",
      "from": "2024-12-11T06:30:00.000Z",
      "to": "2024-12-11T08:00:00.000Z",
      "id": "a4a6f3223746f32406a7e9f272aa736d"
    },
    {
      "date": "Le dimanche 24 novembre 2024 de  08:30:00 à  15:00:00",
      "streets": "ESPERANCE TREBUCHET VILLAGE, POUDRE DOR HAMLET, CWA POUDRE DOR HAMLET",
      "from": "2024-11-24T04:30:00.000Z",
      "to": "2024-11-24T11:00:00.000Z",
      "id": "804693b6f56d9e2d28ae48df79465b07"
    },
    {
      "date": "Le dimanche 14 janvier 2024 de  13:30:00 à  16:00:00",
      "streets": "Esperance Trebuchet & Poudre dOr Hamlet",
      "from": "2024-01-14T09:30:00.000Z",
      "to": "2024-01-14T12:00:00.000Z",
      "id": "ca4c5e60dc5dea8f6eb9ffeca61fdff6"
    },
    {
      "date": "Le vendredi 8 décembre 2023 de  06:00:00 à  07:00:00",
      "streets": "le village dEsperance Trebuchet",
      "from": "2023-12-08T02:00:00.000Z",
      "to": "2023-12-08T03:00:00.000Z",
      "id": "bfac11290e282593c4280304e9d537b8"
    },
    {
      "date": "Le vendredi 6 octobre 2023 de  13:00:00 à  17:00:00",
      "streets": "Dans les environs de Rajah Road, Mme Barbe St, School Lane et Diagonal Street",
      "from": "2023-10-06T09:00:00.000Z",
      "to": "2023-10-06T13:00:00.000Z",
      "id": "c2bb2aa3c1a339ef53916555e80b20c8"
    },
    {
      "date": "Le jeudi 5 octobre 2023 de  08:30:00 à  15:30:00",
      "streets": "dans les environs de Rajah Road, Mme Barbe St, School Lane et Diagonal Street",
      "from": "2023-10-05T04:30:00.000Z",
      "to": "2023-10-05T11:30:00.000Z",
      "id": "1fd0145575bcd55ef384df0c2762e16e"
    },
    {
      "date": "Le mercredi 4 octobre 2023 de  12:30:00 à  15:00:00",
      "streets": "ROYAL RD ESPERANCE TREBUCHET [NR FILLING]",
      "from": "2023-10-04T08:30:00.000Z",
      "to": "2023-10-04T11:00:00.000Z",
      "id": "3cd35d443d756ff6ea191353ea999352"
    },
    {
      "date": "Le mercredi 6 septembre 2023 de  09:15:00 à  13:00:00",
      "streets": "RAJAH ROAD, ANAND ROAD, MADAME BARBE ET LE RUELLES AVOISINANTES.",
      "from": "2023-09-06T05:15:00.000Z",
      "to": "2023-09-06T09:00:00.000Z",
      "id": "40610d3b2bbd2258f0a3bf526b5c3b0d"
    },
    {
      "date": "Le mardi 8 août 2023 de  14:00:00 à  15:00:00",
      "streets": "DANS LES ENVIRONS DES RUES MME BARBE, ANAND,RAJA, DIAGONAL ET SCHOOL LANE",
      "from": "2023-08-08T10:00:00.000Z",
      "to": "2023-08-08T11:00:00.000Z",
      "id": "e7160b1dc24a337663b6b0eca2738a8d"
    },
    {
      "date": "Le samedi 5 août 2023 de  08:30:00 à  15:30:00",
      "streets": "DANS LES ENVIRONS DES RUES MME BARB, ANAND, RAJA, DIAGONAL ET SCHOOL LANE",
      "from": "2023-08-05T04:30:00.000Z",
      "to": "2023-08-05T11:30:00.000Z",
      "id": "2a0a4063e21bf034501ce4ad4820d901"
    },
    {
      "date": "Le mardi 1 août 2023 de  08:30:00 à  16:30:00",
      "streets": "DANS LES ENVIRONS DE MADAME BARBE, ANAND ROAD, RAJAH ROAD ET SCHOOL LANE",
      "from": "2023-08-01T04:30:00.000Z",
      "to": "2023-08-01T12:30:00.000Z",
      "id": "5385e46c1f5da7daeb26d8d294a89a9e"
    },
    {
      "date": "Le dimanche 21 mai 2023 de  08:30:00 à  15:30:00",
      "streets": "le village dEsperance Trébuchet",
      "from": "2023-05-21T04:30:00.000Z",
      "to": "2023-05-21T11:30:00.000Z",
      "id": "5b3ebb8760d3204e5a09e389c5588355"
    },
    {
      "date": "Le mercredi 3 mai 2023 de  13:30:00 à  14:30:00",
      "streets": "EQUITATION AND SEVERAL CUSTOMERS",
      "from": "2023-05-03T09:30:00.000Z",
      "to": "2023-05-03T10:30:00.000Z",
      "id": "46deeb04ad3c6ca15dc9fdb6c21f283e"
    },
    {
      "date": "Le vendredi 21 octobre 2022 de  09:00:00 à  12:30:00",
      "streets": "ESPERANCE TREBUCHET",
      "from": "2022-10-21T05:00:00.000Z",
      "to": "2022-10-21T08:30:00.000Z",
      "id": "98b5b7b352236ec423f047520f3cbbc6"
    },
    {
      "date": "Le mardi 31 mai 2022 de  09:00:00 à  10:30:00",
      "streets": "dans les environs de Social Welfare Centre.",
      "from": "2022-05-31T05:00:00.000Z",
      "to": "2022-05-31T06:30:00.000Z",
      "id": "3ea4fcc84b445f953197407166ff0e84"
    },
    {
      "date": "Le lundi 30 mai 2022 de  18:15:00 à  20:00:00",
      "streets": "Esperance Trebuchet",
      "from": "2022-05-30T14:15:00.000Z",
      "to": "2022-05-30T16:00:00.000Z",
      "id": "29b9491896e0ed3d9e156fbbe5bb812b"
    },
    {
      "date": "Le jeudi 12 mai 2022 de  09:00:00 à  14:00:00",
      "streets": "Les abonnés d’une partie du village de L’Esperance, Quartier Militaire",
      "from": "2022-05-12T05:00:00.000Z",
      "to": "2022-05-12T10:00:00.000Z",
      "id": "34cedb9ce7f28e1f4a0b17449fe2e3f9"
    },
    {
      "date": "Le lundi 14 mars 2022 de  09:15:00 à  11:15:00",
      "streets": "Esperance Trebuchet",
      "from": "2022-03-14T05:15:00.000Z",
      "to": "2022-03-14T07:15:00.000Z",
      "id": "686e97b3e8d311b26e18bcaaba562bfe"
    }
  ]
}