{
  "slug": "isidore-rose",
  "name": "ISIDORE ROSE",
  "district": "flacq",
  "generated": "2026-02-20T18:07:32.542Z",
  "outageCount": 14,
  "firstOutage": "2022-05-09",
  "lastOutage": "2025-04-07",
  "outages": [
    {
      "date": "Le lundi 7 avril 2025 de  09:30:00 à  11:00:00",
      "streets": "Village de Isidore Rose, Camp Marcelin, Quatre Cocos et Palmar",
      "from": "2025-04-07T05:30:00.000Z",
      "to": "2025-04-07T07:00:00.000Z",
      "id": "4001642824b358b94159f0093e418269"
    },
    {
      "date": "Le mardi 18 mars 2025 de  10:00:00 à  12:00:00",
      "streets": "PART OF ARGY, ISIDORE ROSE",
      "from": "2025-03-18T06:00:00.000Z",
      "to": "2025-03-18T08:00:00.000Z",
      "id": "ad7bd09c2588094697ab5b781d9ada68"
    },
    {
      "date": "Le mardi 21 janvier 2025 de  09:30:00 à  13:00:00",
      "streets": "une partie dIsidore rose et la NTA DArgy",
      "from": "2025-01-21T05:30:00.000Z",
      "to": "2025-01-21T09:00:00.000Z",
      "id": "503dc2a25c1cc677bda6f5f7781f29b9"
    },
    {
      "date": "Le jeudi 9 janvier 2025 de  11:45:00 à  13:45:00",
      "streets": "SHIVALA ROAD DANS LES ENVIRONS TERRAIN FOOTBALL.",
      "from": "2025-01-09T07:45:00.000Z",
      "to": "2025-01-09T09:45:00.000Z",
      "id": "875de1ecba55f877bd84fd0981541716"
    },
    {
      "date": "Le jeudi 26 septembre 2024 de  08:30:00 à  17:00:00",
      "streets": "Isidore Rose, Quatre Coco et Camp Marcelin dans les environs de NHDC, Church lane and Camelia Avenue.",
      "from": "2024-09-26T04:30:00.000Z",
      "to": "2024-09-26T13:00:00.000Z",
      "id": "a57d3d04b4f98b322d4d4a750842507d"
    },
    {
      "date": "Le jeudi 20 juin 2024 de  08:30:00 à  17:00:00",
      "streets": "habitant le village de Isidore Rose, Camp Marcelin et dans les périmètres des avenues suivante à Quatre Cocos : NHDC, Church Lane et Avenue Camélia",
      "from": "2024-06-20T04:30:00.000Z",
      "to": "2024-06-20T13:00:00.000Z",
      "id": "28a4b859ad3a66a150729543fa5481e3"
    },
    {
      "date": "Le jeudi 6 juin 2024 de  08:30:00 à  17:00:00",
      "streets": "Le village de Isidore Rose, Camp Marcelin et dans les périmètres des avenues suivante à Quatre Cocos: NHDC, Church Lane et Avenue Camélia.",
      "from": "2024-06-06T04:30:00.000Z",
      "to": "2024-06-06T13:00:00.000Z",
      "id": "30b59304ff8fa27a96907d0e9a1ac221"
    },
    {
      "date": "Le vendredi 24 mai 2024 de  09:00:00 à  17:00:00",
      "streets": "le village de Isidore Rose, Camp Marcelin et dans les périmètres des avenues suivent à Quatre cocos : NHDC, Church Lane et Avenue Camélia",
      "from": "2024-05-24T05:00:00.000Z",
      "to": "2024-05-24T13:00:00.000Z",
      "id": "a3208b5676bcca3677d4758795e0e7aa"
    },
    {
      "date": "Le samedi 18 mai 2024 de  09:00:00 à  16:00:00",
      "streets": "le village de Isidore Rose dans les périmètres des avenues suivent: Route Royale, Rue Pavé, Morcellement Precom et Shivala road",
      "from": "2024-05-18T05:00:00.000Z",
      "to": "2024-05-18T12:00:00.000Z",
      "id": "ecb0bb5261541d1dfc4ff736b96e9e38"
    },
    {
      "date": "Le vendredi 29 décembre 2023 de  09:45:00 à  13:00:00",
      "streets": "ISIDOROSE",
      "from": "2023-12-29T05:45:00.000Z",
      "to": "2023-12-29T09:00:00.000Z",
      "id": "f366bd8ee9976b834179bed4a2573a9d"
    },
    {
      "date": "Le dimanche 6 août 2023 de  08:15:00 à  17:00:00",
      "streets": "Les abonnés du village de palmar, Isidore Rose, Quatre Cocos, Camp Rannoo, Mare La Chaux et Camp Ithier",
      "from": "2023-08-06T04:15:00.000Z",
      "to": "2023-08-06T13:00:00.000Z",
      "id": "a263d8499e4ffdb1c2763ae1802141ec"
    },
    {
      "date": "Le dimanche 4 septembre 2022 de  08:15:00 à  17:00:00",
      "streets": "Isidore Rose dans les perimetres Isidore Rose Pave et Morcellement Pricom",
      "from": "2022-09-04T04:15:00.000Z",
      "to": "2022-09-04T13:00:00.000Z",
      "id": "6f6a5fe867119641cbc9997fec3c9356"
    },
    {
      "date": "Le jeudi 12 mai 2022 de  09:00:00 à  13:00:00",
      "streets": "ISIDORE ROSE",
      "from": "2022-05-12T05:00:00.000Z",
      "to": "2022-05-12T09:00:00.000Z",
      "id": "7a18ea958151f2a7c67073b1aeab8411"
    },
    {
      "date": "Le lundi 9 mai 2022 de  11:00:00 à  11:30:00",
      "streets": "WHOLE REGION",
      "from": "2022-05-09T07:00:00.000Z",
      "to": "2022-05-09T07:30:00.000Z",
      "id": "9aa1051cee5784d6c5fd2a205a8672ea"
    }
  ]
}