{
  "slug": "l-assurance",
  "name": "L-ASSURANCE",
  "district": "moka",
  "generated": "2026-01-11T09:01:05.729Z",
  "outageCount": 14,
  "firstOutage": "2022-05-11",
  "lastOutage": "2025-12-19",
  "outages": [
    {
      "date": "Le vendredi 19 décembre 2025 de  09:00:00 à  15:00:00",
      "streets": "dans les environs de Morc VRS",
      "from": "2025-12-19T05:00:00.000Z",
      "to": "2025-12-19T11:00:00.000Z",
      "id": "96c58215cf462aaf19039b2fb67a4e80"
    },
    {
      "date": "Le lundi 15 décembre 2025 de  09:00:00 à  15:00:00",
      "streets": "dans les environs de Morc VRS",
      "from": "2025-12-15T05:00:00.000Z",
      "to": "2025-12-15T11:00:00.000Z",
      "id": "5bc0c5872efab18adc5629e943ee8f84"
    },
    {
      "date": "Le vendredi 4 juillet 2025 de  15:00:00 à  17:00:00",
      "streets": "village DAssurance et VRS LAssurance",
      "from": "2025-07-04T11:00:00.000Z",
      "to": "2025-07-04T13:00:00.000Z",
      "id": "d3d27d2d94fca3d9238740651f2f6e14"
    },
    {
      "date": "Le mercredi 6 novembre 2024 de  15:00:00 à  16:00:00",
      "streets": "le village dAssurance",
      "from": "2024-11-06T11:00:00.000Z",
      "to": "2024-11-06T12:00:00.000Z",
      "id": "c57a35c189de5710048b0c15b4979a61"
    },
    {
      "date": "Le mardi 5 novembre 2024 de  12:00:00 à  13:00:00",
      "streets": "le village dAssurance",
      "from": "2024-11-05T08:00:00.000Z",
      "to": "2024-11-05T09:00:00.000Z",
      "id": "cea5a655e54a49edc87440d53193e039"
    },
    {
      "date": "Le jeudi 22 août 2024 de  09:00:00 à  16:00:00",
      "streets": "Village de L Assurance",
      "from": "2024-08-22T05:00:00.000Z",
      "to": "2024-08-22T12:00:00.000Z",
      "id": "239599c6f5faf31ff54341abb785bdf4"
    },
    {
      "date": "Le samedi 13 juillet 2024 de  09:00:00 à  14:00:00",
      "streets": "village du L’ Assurance et VRS L’ Assurance",
      "from": "2024-07-13T05:00:00.000Z",
      "to": "2024-07-13T10:00:00.000Z",
      "id": "511c24e6c1f42842683a12ca0cb8df3f"
    },
    {
      "date": "Le jeudi 16 novembre 2023 de  09:00:00 à  17:00:00",
      "streets": "LE VILLAGE DE LASSURANCE ET MORC VRS",
      "from": "2023-11-16T05:00:00.000Z",
      "to": "2023-11-16T13:00:00.000Z",
      "id": "72ef32b24300874430221d86233e467c"
    },
    {
      "date": "Le lundi 16 octobre 2023 de  12:00:00 à  15:00:00",
      "streets": "Les abonnés du village de L’Assurance, Dagotiere",
      "from": "2023-10-16T08:00:00.000Z",
      "to": "2023-10-16T11:00:00.000Z",
      "id": "d9d57a39d14d247133e75b8c28ef2de6"
    },
    {
      "date": "Le samedi 25 mars 2023 de  15:00:00 à  16:00:00",
      "streets": "Les abonnés du village de L’Assurance, du village de Lower Dagotiere et Morcellement VRS de Dagotiere",
      "from": "2023-03-25T11:00:00.000Z",
      "to": "2023-03-25T12:00:00.000Z",
      "id": "fb696eb2f8f30ac3800f3a1f69366e5b"
    },
    {
      "date": "Le samedi 25 mars 2023 de  08:00:00 à  09:00:00",
      "streets": "Les abonnés du village de L’Assurance, du village de Lower Dagotiere et Morcellement VRS de Dagotiere",
      "from": "2023-03-25T04:00:00.000Z",
      "to": "2023-03-25T05:00:00.000Z",
      "id": "aaabbb64a30f94724f612c1be200b283"
    },
    {
      "date": "Le mercredi 1 février 2023 de  14:40:00 à  17:00:00",
      "streets": "LASSURANCE",
      "from": "2023-02-01T10:40:00.000Z",
      "to": "2023-02-01T13:00:00.000Z",
      "id": "a1427922d538b7a978c32d898a47de2f"
    },
    {
      "date": "Le lundi 20 juin 2022 de  11:00:00 à  13:00:00",
      "streets": "MORC VRS,LASSURANCE",
      "from": "2022-06-20T07:00:00.000Z",
      "to": "2022-06-20T09:00:00.000Z",
      "id": "bd6362f2a6ed2d1a62ccc0214c693179"
    },
    {
      "date": "Le mercredi 11 mai 2022 de  09:30:00 à  12:00:00",
      "streets": "Les abonnés d’une partie du village de L’Assurance",
      "from": "2022-05-11T05:30:00.000Z",
      "to": "2022-05-11T08:00:00.000Z",
      "id": "5939e012ba7902c60316699b56902901"
    }
  ]
}