{
  "slug": "l-esperance-qmilitaire",
  "name": "L-ESPERANCE Q.MILITAIRE",
  "district": "moka",
  "generated": "2026-02-04T16:11:41.773Z",
  "outageCount": 8,
  "firstOutage": "2022-06-17",
  "lastOutage": "2025-08-13",
  "outages": [
    {
      "date": "Le mercredi 13 août 2025 de  08:30:00 à  15:00:00",
      "streets": "dans les environs de LEscalier road et une partie du Route Royale",
      "from": "2025-08-13T04:30:00.000Z",
      "to": "2025-08-13T11:00:00.000Z",
      "id": "1eeef1d5222c9ffa507a09d59dd11459"
    },
    {
      "date": "Le mercredi 5 février 2025 de  08:30:00 à  15:00:00",
      "streets": "Route royale et Mosque road",
      "from": "2025-02-05T04:30:00.000Z",
      "to": "2025-02-05T11:00:00.000Z",
      "id": "bd2806c07cf18c92a085f3c857f72e0c"
    },
    {
      "date": "Le mardi 5 novembre 2024 de  09:30:00 à  12:00:00",
      "streets": "GANDHI RD L-ESPERANCE Q MILITAIRE",
      "from": "2024-11-05T05:30:00.000Z",
      "to": "2024-11-05T08:00:00.000Z",
      "id": "4c126ee1aac74bb2463f463ba9c56fc2"
    },
    {
      "date": "Le vendredi 12 juillet 2024 de  10:00:00 à  11:30:00",
      "streets": "LESPERANCE QUARTIER MILITAIRE",
      "from": "2024-07-12T06:00:00.000Z",
      "to": "2024-07-12T07:30:00.000Z",
      "id": "68871fbb65223bde041b2d95b6e67513"
    },
    {
      "date": "Le dimanche 5 mai 2024 de  08:30:00 à  16:00:00",
      "streets": "le village de L Esperence - Q.Militaire",
      "from": "2024-05-05T04:30:00.000Z",
      "to": "2024-05-05T12:00:00.000Z",
      "id": "7f5c3606c0aee3adca3ae4303cbee355"
    },
    {
      "date": "Le lundi 8 avril 2024 de  09:15:00 à  10:15:00",
      "streets": "LEsperance,Quartier Militaire",
      "from": "2024-04-08T05:15:00.000Z",
      "to": "2024-04-08T06:15:00.000Z",
      "id": "02f2477be3fb536ade52b0152add87c7"
    },
    {
      "date": "Le mardi 9 mai 2023 de  16:00:00 à  17:00:00",
      "streets": "Les abonnés des village de L’Espérance, Alma et Upper Dagotière",
      "from": "2023-05-09T12:00:00.000Z",
      "to": "2023-05-09T13:00:00.000Z",
      "id": "bbb015cb04ddb55832200ed9cfed290f"
    },
    {
      "date": "Le vendredi 17 juin 2022 de  10:00:00 à  12:00:00",
      "streets": "LESPERANCE",
      "from": "2022-06-17T06:00:00.000Z",
      "to": "2022-06-17T08:00:00.000Z",
      "id": "a4b3148c93118253d07613ca71523b91"
    }
  ]
}