{
  "slug": "la-flora",
  "name": "LA FLORA",
  "district": "savanne",
  "generated": "2026-02-14T12:02:01.397Z",
  "outageCount": 31,
  "firstOutage": "2022-10-09",
  "lastOutage": "2026-01-23",
  "outages": [
    {
      "date": "Le vendredi 23 janvier 2026 de  09:00:00 à  16:00:00",
      "streets": "La Flora et Grand Bois",
      "from": "2026-01-23T05:00:00.000Z",
      "to": "2026-01-23T12:00:00.000Z",
      "id": "a1f73ab20878261776e0359e743113d0"
    },
    {
      "date": "Le mardi 13 janvier 2026 de  09:00:00 à  16:00:00",
      "streets": "La région et perimètre de Beau Climat et de Wireless Road La Flora",
      "from": "2026-01-13T05:00:00.000Z",
      "to": "2026-01-13T12:00:00.000Z",
      "id": "c485ff7e0d0c3492d70b857802fcc1af"
    },
    {
      "date": "Le dimanche 14 décembre 2025 de  08:00:00 à  15:00:00",
      "streets": "La Flora habitant dans les environs de School Lane, Kutwaroo Lane, Seebaruth Lane, Matoo Lane, Boston Lane, Vivekananda Lane et Pamplemousse Lane",
      "from": "2025-12-14T04:00:00.000Z",
      "to": "2025-12-14T11:00:00.000Z",
      "id": "5e0c185191b8777723d361a495ef8855"
    },
    {
      "date": "Le vendredi 12 décembre 2025 de  10:15:00 à  10:40:00",
      "streets": "LA FLORA/BOIS CHERI/GRAND BOIS/GRAND BASSIN",
      "from": "2025-12-12T06:15:00.000Z",
      "to": "2025-12-12T06:40:00.000Z",
      "id": "93838567fcf450ee1ff26dd974e517e2"
    },
    {
      "date": "Le jeudi 11 décembre 2025 de  09:00:00 à  15:00:00",
      "streets": "La Flora",
      "from": "2025-12-11T05:00:00.000Z",
      "to": "2025-12-11T11:00:00.000Z",
      "id": "00421fa9a85753bb77406f431ca03d1a"
    },
    {
      "date": "Le lundi 8 décembre 2025 de  15:20:00 à  16:30:00",
      "streets": "LAFLORA",
      "from": "2025-12-08T11:20:00.000Z",
      "to": "2025-12-08T12:30:00.000Z",
      "id": "83b3894e706b5f53437edc610980003d"
    },
    {
      "date": "Le jeudi 25 septembre 2025 de  09:00:00 à  15:00:00",
      "streets": "Le village de La Flora",
      "from": "2025-09-25T05:00:00.000Z",
      "to": "2025-09-25T11:00:00.000Z",
      "id": "eb9b884ac25dd8bdb6ec58bfab286d68"
    },
    {
      "date": "Le dimanche 22 juin 2025 de  08:30:00 à  16:00:00",
      "streets": "Beau Climat, La Flora habitant dans le périmètre et les rues suivantes : La Route Royale vers Souillac - Grand Bois, Chemin Wireless,  et les environs",
      "from": "2025-06-22T04:30:00.000Z",
      "to": "2025-06-22T12:00:00.000Z",
      "id": "b6f9815e53db45a99d474a7132552b03"
    },
    {
      "date": "Le dimanche 9 mars 2025 de  08:30:00 à  16:00:00",
      "streets": "La Flora habitant dans le périmètre et les rues suivantes : La Route Royale vers Souillac-Grand Bois-Curepipe, aux alentours du Shivala - Village hall, Chemin Cooperative en partie et les environs",
      "from": "2025-03-09T04:30:00.000Z",
      "to": "2025-03-09T12:00:00.000Z",
      "id": "18becc89989eca80c5219b69d1cc2b41"
    },
    {
      "date": "Le dimanche 2 février 2025 de  08:30:00 à  16:00:00",
      "streets": "Ashram, La Route Royale, aux alentours du Shivala - Village hall, Chemin Cooperative, NHDC, Medi Clinique, VRS Grand Bois et les environs",
      "from": "2025-02-02T04:30:00.000Z",
      "to": "2025-02-02T12:00:00.000Z",
      "id": "98333804b59e814a1cfb2010315faf5a"
    },
    {
      "date": "Le dimanche 15 décembre 2024 de  08:30:00 à  16:00:00",
      "streets": "Beau Climat La Flora",
      "from": "2024-12-15T04:30:00.000Z",
      "to": "2024-12-15T12:00:00.000Z",
      "id": "25b94c6324409370c4ed1e56d4f35c34"
    },
    {
      "date": "Le mardi 26 novembre 2024 de  08:30:00 à  17:00:00",
      "streets": "le village de la Flora",
      "from": "2024-11-26T04:30:00.000Z",
      "to": "2024-11-26T13:00:00.000Z",
      "id": "8880c5d59629baa5d94434ea40f7e464"
    },
    {
      "date": "Le lundi 11 novembre 2024 de  08:30:00 à  09:30:00",
      "streets": "LA FLORA",
      "from": "2024-11-11T04:30:00.000Z",
      "to": "2024-11-11T05:30:00.000Z",
      "id": "7d79d90d68af7a4503c05a0748b12571"
    },
    {
      "date": "Le lundi 28 octobre 2024 de  12:00:00 à  15:30:00",
      "streets": "CHEMIN CANHAYE/CHEMIN KATWAROO",
      "from": "2024-10-28T08:00:00.000Z",
      "to": "2024-10-28T11:30:00.000Z",
      "id": "1fd734bbb65562c7fabff8f69d36c3db"
    },
    {
      "date": "Le mercredi 14 août 2024 de  10:30:00 à  11:30:00",
      "streets": "Les abonnés de La Flora",
      "from": "2024-08-14T06:30:00.000Z",
      "to": "2024-08-14T07:30:00.000Z",
      "id": "c20da60b5140950ee4190ce96aebed79"
    },
    {
      "date": "Le samedi 27 juillet 2024 de  09:20:00 à  10:20:00",
      "streets": "PART OF LA FLORA & GRAND BOIS",
      "from": "2024-07-27T05:20:00.000Z",
      "to": "2024-07-27T06:20:00.000Z",
      "id": "6e78a250c0ecac2482245f7484c7a7ce"
    },
    {
      "date": "Le dimanche 23 juin 2024 de  08:30:00 à  15:00:00",
      "streets": "La Flora et Grand Bois",
      "from": "2024-06-23T04:30:00.000Z",
      "to": "2024-06-23T11:00:00.000Z",
      "id": "2f833e89e7843a956f77877c91246579"
    },
    {
      "date": "Le jeudi 15 février 2024 de  10:00:00 à  15:00:00",
      "streets": "LA FLORA",
      "from": "2024-02-15T06:00:00.000Z",
      "to": "2024-02-15T11:00:00.000Z",
      "id": "ca0e86337871b28641bc84aafc6a49ad"
    },
    {
      "date": "Le dimanche 4 février 2024 de  09:00:00 à  15:00:00",
      "streets": "LES ABONNES DU VILLAGE DE LA FLORA.",
      "from": "2024-02-04T05:00:00.000Z",
      "to": "2024-02-04T11:00:00.000Z",
      "id": "5ecde14a854dc8687a3c75a73f2da80d"
    },
    {
      "date": "Le jeudi 9 novembre 2023 de  09:00:00 à  13:00:00",
      "streets": "LA FLORA",
      "from": "2023-11-09T05:00:00.000Z",
      "to": "2023-11-09T09:00:00.000Z",
      "id": "2e1c95b996e57aa21c8adf8724d20195"
    },
    {
      "date": "Le samedi 4 novembre 2023 de  08:30:00 à  15:30:00",
      "streets": "La Flora",
      "from": "2023-11-04T04:30:00.000Z",
      "to": "2023-11-04T11:30:00.000Z",
      "id": "b23ad261f9bab8337828e84078f98b32"
    },
    {
      "date": "Le dimanche 2 juillet 2023 de  08:30:00 à  16:00:00",
      "streets": "LA FLORA-GRAND BOIS",
      "from": "2023-07-02T04:30:00.000Z",
      "to": "2023-07-02T12:00:00.000Z",
      "id": "a0d2feb76960073bf9d39ff4b8909b01"
    },
    {
      "date": "Le jeudi 22 juin 2023 de  15:00:00 à  16:00:00",
      "streets": "Ramsahye St,Jogee St,Part of Royal Rd",
      "from": "2023-06-22T11:00:00.000Z",
      "to": "2023-06-22T12:00:00.000Z",
      "id": "b4dd2cef33f86ef1084cf8334dcc868f"
    },
    {
      "date": "Le dimanche 18 juin 2023 de  08:30:00 à  16:00:00",
      "streets": "La Flora et Grand Bois",
      "from": "2023-06-18T04:30:00.000Z",
      "to": "2023-06-18T12:00:00.000Z",
      "id": "562132ecb45b96de2414caab1f9fa0ab"
    },
    {
      "date": "Le dimanche 11 juin 2023 de  08:30:00 à  16:00:00",
      "streets": "Le Village de Beau Climat",
      "from": "2023-06-11T04:30:00.000Z",
      "to": "2023-06-11T12:00:00.000Z",
      "id": "0f3da2dcbd973d2e824f57587a8a9a1b"
    },
    {
      "date": "Le mercredi 19 avril 2023 de  14:00:00 à  17:00:00",
      "streets": "Le Village de La Flora",
      "from": "2023-04-19T10:00:00.000Z",
      "to": "2023-04-19T13:00:00.000Z",
      "id": "81590ec288594950d0d965fdf85a603d"
    },
    {
      "date": "Le dimanche 22 janvier 2023 de  08:30:00 à  16:00:00",
      "streets": "La Flora et Grand Bois",
      "from": "2023-01-22T04:30:00.000Z",
      "to": "2023-01-22T12:00:00.000Z",
      "id": "587bc14734239aabcdfcdde0a6f9dd55"
    },
    {
      "date": "Le dimanche 6 novembre 2022 de  08:30:00 à  16:00:00",
      "streets": "La Flora & Grand Bois",
      "from": "2022-11-06T04:30:00.000Z",
      "to": "2022-11-06T12:00:00.000Z",
      "id": "1bdd7d27a7ad5919e272681b331c5881"
    },
    {
      "date": "Le vendredi 21 octobre 2022 de  14:30:00 à  15:30:00",
      "streets": "La Flora,Bois Cheri et Grand Bois",
      "from": "2022-10-21T10:30:00.000Z",
      "to": "2022-10-21T11:30:00.000Z",
      "id": "eb260851205c8e3349f023ab0468c7e0"
    },
    {
      "date": "Le dimanche 16 octobre 2022 de  08:30:00 à  15:30:00",
      "streets": "Le village de Beau Climat",
      "from": "2022-10-16T04:30:00.000Z",
      "to": "2022-10-16T11:30:00.000Z",
      "id": "03d8452b9fb9f4e785d606166218adce"
    },
    {
      "date": "Le dimanche 9 octobre 2022 de  08:30:00 à  15:30:00",
      "streets": "Le Village de Beau Climat",
      "from": "2022-10-09T04:30:00.000Z",
      "to": "2022-10-09T11:30:00.000Z",
      "id": "b05b048004a3c44359581cfee0b136a7"
    }
  ]
}