{
  "slug": "la-laura-saint-pierre",
  "name": "LA LAURA SAINT PIERRE",
  "district": "moka",
  "generated": "2026-02-05T16:11:27.610Z",
  "outageCount": 19,
  "firstOutage": "2022-11-23",
  "lastOutage": "2026-02-04",
  "outages": [
    {
      "date": "Le mercredi 4 février 2026 de  16:00:00 à  17:30:00",
      "streets": "CHEMIN RIVERSIDE, CHEMIN PIETER BOTH ET LES ENVIRONS.",
      "from": "2026-02-04T12:00:00.000Z",
      "to": "2026-02-04T13:30:00.000Z",
      "id": "21282ac121c873377bdf4448ced8e811"
    },
    {
      "date": "Le dimanche 14 décembre 2025 de  08:30:00 à  16:15:00",
      "streets": "La Laura Village, La Laura Serviette, Shivala Road, La Laura Ceres et LVM La Laura",
      "from": "2025-12-14T04:30:00.000Z",
      "to": "2025-12-14T12:15:00.000Z",
      "id": "7e482942b93bb6b104f1e6dccd24fb00"
    },
    {
      "date": "Le samedi 6 septembre 2025 de  08:30:00 à  15:00:00",
      "streets": "La Laura Village, Chemin Serviette et chemin Riviere Baptiste",
      "from": "2025-09-06T04:30:00.000Z",
      "to": "2025-09-06T11:00:00.000Z",
      "id": "9ff44a8408c006e345d8674a5ca2dbfd"
    },
    {
      "date": "Le lundi 1 septembre 2025 de  15:00:00 à  17:00:00",
      "streets": "PART OF LA LAURA ST PIERRE",
      "from": "2025-09-01T11:00:00.000Z",
      "to": "2025-09-01T13:00:00.000Z",
      "id": "36f9e3a8c178cd1ab5262ac912da32ae"
    },
    {
      "date": "Le jeudi 3 juillet 2025 de  19:00:00 à  23:30:00",
      "streets": "LA LAURA ST PIERRE : GARDEN ROAD, RIVIERE BAPTISTE, DANS LES ALENTOURS PERE LAVAL ENTERPRISE, ECOLE GOUVERNMENT ET SUPERMARCHE PARADISE.",
      "from": "2025-07-03T15:00:00.000Z",
      "to": "2025-07-03T19:30:00.000Z",
      "id": "dbb430afc58c07b225f10dcfa4d5fe99"
    },
    {
      "date": "Le jeudi 13 mars 2025 de  01:00:00 à  13:30:00",
      "streets": "La Laura dans les alentours de quality decor",
      "from": "2025-03-12T21:00:00.000Z",
      "to": "2025-03-12T09:30:00.000Z",
      "id": "fe6183d4a071a25bed150f6c6b91dd54"
    },
    {
      "date": "Le mercredi 12 mars 2025 de  16:30:00 à  00:30:00",
      "streets": "La Laura & Malenga",
      "from": "2025-03-12T12:30:00.000Z",
      "to": "2025-03-11T20:30:00.000Z",
      "id": "90303887a8364f2ee071134f069080b1"
    },
    {
      "date": "Le samedi 1 mars 2025 de  12:00:00 à  15:00:00",
      "streets": "LA LAURA SAINT PIERRE",
      "from": "2025-03-01T08:00:00.000Z",
      "to": "2025-03-01T11:00:00.000Z",
      "id": "f980c96ff2a114a2798bed5268cd5d22"
    },
    {
      "date": "Le vendredi 20 décembre 2024 de  11:00:00 à  12:00:00",
      "streets": "La Laura",
      "from": "2024-12-20T07:00:00.000Z",
      "to": "2024-12-20T08:00:00.000Z",
      "id": "2a1641fee96f0ae6c632fe490169493d"
    },
    {
      "date": "Le mardi 3 décembre 2024 de  15:00:00 à  17:30:00",
      "streets": "LA LAURA RIVIERE BAPTISTE ST PIERRE",
      "from": "2024-12-03T11:00:00.000Z",
      "to": "2024-12-03T13:30:00.000Z",
      "id": "1679a5de63c9fa794c4ec2b0f01515a8"
    },
    {
      "date": "Le dimanche 24 novembre 2024 de  08:30:00 à  11:00:00",
      "streets": "MALINGA-LA LAURA SAINT PIERRE",
      "from": "2024-11-24T04:30:00.000Z",
      "to": "2024-11-24T07:00:00.000Z",
      "id": "9c85c503ef364ca9ba57d0f951f5f597"
    },
    {
      "date": "Le mardi 19 novembre 2024 de  16:35:00 à  17:05:00",
      "streets": "LA LAURA",
      "from": "2024-11-19T12:35:00.000Z",
      "to": "2024-11-19T13:05:00.000Z",
      "id": "9813446b15e3d10a93a738aa4c78eaa6"
    },
    {
      "date": "Le vendredi 8 novembre 2024 de  13:30:00 à  14:30:00",
      "streets": "La Laura",
      "from": "2024-11-08T09:30:00.000Z",
      "to": "2024-11-08T10:30:00.000Z",
      "id": "971edf223b96e10504edc21fac4510c3"
    },
    {
      "date": "Le vendredi 13 septembre 2024 de  14:50:00 à  15:30:00",
      "streets": "LA LAURA ET MALINGA",
      "from": "2024-09-13T10:50:00.000Z",
      "to": "2024-09-13T11:30:00.000Z",
      "id": "980c94af515c06a60f3071883b0906ea"
    },
    {
      "date": "Le samedi 7 septembre 2024 de  08:40:00 à  15:00:00",
      "streets": "LA LAURA ST PIERRE",
      "from": "2024-09-07T04:40:00.000Z",
      "to": "2024-09-07T11:00:00.000Z",
      "id": "52ebf5313c3443b9cf1293e1df5131cc"
    },
    {
      "date": "Le jeudi 1 août 2024 de  10:00:00 à  16:00:00",
      "streets": "RIVIERE BAPTISTE LA LAURA ST PIERRE",
      "from": "2024-08-01T06:00:00.000Z",
      "to": "2024-08-01T12:00:00.000Z",
      "id": "a7fdfc08b36580de114d59a7ea2b5f86"
    },
    {
      "date": "Le samedi 20 juillet 2024 de  08:30:00 à  15:00:00",
      "streets": "La Laura et La Laura Village",
      "from": "2024-07-20T04:30:00.000Z",
      "to": "2024-07-20T11:00:00.000Z",
      "id": "2e2a4483dc710320d6537e472eaa0180"
    },
    {
      "date": "Le samedi 4 mars 2023 de  08:30:00 à  16:00:00",
      "streets": "La Laura serviette, La Laura Village, CWA La Laura et La Laura Oeufs dOr",
      "from": "2023-03-04T04:30:00.000Z",
      "to": "2023-03-04T12:00:00.000Z",
      "id": "3c3c92673b19e98f12f2897509412399"
    },
    {
      "date": "Le mercredi 23 novembre 2022 de  20:30:00 à  22:00:00",
      "streets": "BEAU BOIS UP TYO N/DECOUVERTE",
      "from": "2022-11-23T16:30:00.000Z",
      "to": "2022-11-23T18:00:00.000Z",
      "id": "e6d594e929329b6f79c167364fd2917b"
    }
  ]
}