{
  "slug": "long-mountain",
  "name": "LONG MOUNTAIN",
  "district": "pamplemousses",
  "generated": "2026-01-19T15:02:46.602Z",
  "outageCount": 26,
  "firstOutage": "2022-05-26",
  "lastOutage": "2025-04-14",
  "outages": [
    {
      "date": "Le lundi 14 avril 2025 de  19:00:00 à  22:00:00",
      "streets": "FAGOO LANE CAMP LABOUE LONG MOUNTAIN",
      "from": "2025-04-14T15:00:00.000Z",
      "to": "2025-04-14T18:00:00.000Z",
      "id": "ac883cca4333200dd970f94d927f1bb2"
    },
    {
      "date": "Le samedi 8 mars 2025 de  09:00:00 à  12:30:00",
      "streets": "NOTRE DAME, LONG MOUNTAIN, CREVE COEUR",
      "from": "2025-03-08T05:00:00.000Z",
      "to": "2025-03-08T08:30:00.000Z",
      "id": "8a5175ac9dee4ca1cfc23ee482bb59c3"
    },
    {
      "date": "Le samedi 21 septembre 2024 de  09:30:00 à  13:00:00",
      "streets": "PART OF LONG MOUNTAIN",
      "from": "2024-09-21T05:30:00.000Z",
      "to": "2024-09-21T09:00:00.000Z",
      "id": "b29f37cd7ef92e35b6c6bba6748a1234"
    },
    {
      "date": "Le samedi 3 août 2024 de  09:30:00 à  11:30:00",
      "streets": "VALTON ROAD LONG MOUNTAIN",
      "from": "2024-08-03T05:30:00.000Z",
      "to": "2024-08-03T07:30:00.000Z",
      "id": "250e8a19361da2f76115fae804fabc83"
    },
    {
      "date": "Le lundi 8 juillet 2024 de  15:00:00 à  17:00:00",
      "streets": "Montagne Longue, Camp La Boue, Creve Coeur et Boulingrin",
      "from": "2024-07-08T11:00:00.000Z",
      "to": "2024-07-08T13:00:00.000Z",
      "id": "691fe9dc7b3bb97f86a720059e0f9c1d"
    },
    {
      "date": "Le dimanche 19 mai 2024 de  08:00:00 à  17:00:00",
      "streets": "NOTRE DAME, LONG MOUNTAIN, CREVE COEUR ET CAMP LA BOUE",
      "from": "2024-05-19T04:00:00.000Z",
      "to": "2024-05-19T13:00:00.000Z",
      "id": "9013d9458d661f2da931566c7788e7f9"
    },
    {
      "date": "Le mercredi 15 mai 2024 de  09:00:00 à  16:00:00",
      "streets": "MONTAGNE LONG DANS LES ENVIRONS DE LECOLE DU GOUVERNEMENT, CHEMIN DE PLEVITZ ET LONG MOUNTAIN COOPERATIVE CREDIT UNION",
      "from": "2024-05-15T05:00:00.000Z",
      "to": "2024-05-15T12:00:00.000Z",
      "id": "ff2e8e10eb788a3d56cfc880262bc152"
    },
    {
      "date": "Le dimanche 12 mai 2024 de  07:30:00 à  17:30:00",
      "streets": "MONTAGNE LONGUE ET CREVE COEUR",
      "from": "2024-05-12T03:30:00.000Z",
      "to": "2024-05-12T13:30:00.000Z",
      "id": "1e4ad0c61a57cea0308f8c00282bb6f7"
    },
    {
      "date": "Le samedi 11 mai 2024 de  08:00:00 à  16:00:00",
      "streets": "COLOMBO ROAD, LONG MOUNTAIN",
      "from": "2024-05-11T04:00:00.000Z",
      "to": "2024-05-11T12:00:00.000Z",
      "id": "bdd31f3b2255096ba489328b185c0e25"
    },
    {
      "date": "Le dimanche 5 mai 2024 de  07:00:00 à  16:00:00",
      "streets": "MONTAGNE LONGUE, CAMP LA BOUE ET LES ENVIRONS",
      "from": "2024-05-05T03:00:00.000Z",
      "to": "2024-05-05T12:00:00.000Z",
      "id": "50ec0680f77e9b021f5aa35c5da6c65d"
    },
    {
      "date": "Le vendredi 3 mai 2024 de  10:00:00 à  15:30:00",
      "streets": "Pond la Chaine & les alentours de Quincaillerie Kailash",
      "from": "2024-05-03T06:00:00.000Z",
      "to": "2024-05-03T11:30:00.000Z",
      "id": "6889d10b92f6a6b5e4d8bc62a89f9a77"
    },
    {
      "date": "Le mardi 30 avril 2024 de  19:30:00 à  22:30:00",
      "streets": "ROYAL ROADBAILLACHEMONTAGNE LONGUE",
      "from": "2024-04-30T15:30:00.000Z",
      "to": "2024-04-30T18:30:00.000Z",
      "id": "27a73807764f9a6e37f6739dc45c6e4c"
    },
    {
      "date": "Le mercredi 10 avril 2024 de  18:30:00 à  22:00:00",
      "streets": "VILLE BAGUE,PETITE JULIE,PONT PRASLIN,MARE DAUTRALIA",
      "from": "2024-04-10T14:30:00.000Z",
      "to": "2024-04-10T18:00:00.000Z",
      "id": "06405138ab97c5b17b0590945b98a42c"
    },
    {
      "date": "Le lundi 12 février 2024 de  08:20:00 à  09:30:00",
      "streets": "LONG MOUNTAIN, NOTRE DAME, CREVE COEUR",
      "from": "2024-02-12T04:20:00.000Z",
      "to": "2024-02-12T05:30:00.000Z",
      "id": "9df1bfd1fce6fe8300a24371f9a4c85a"
    },
    {
      "date": "Le vendredi 22 décembre 2023 de  13:30:00 à  15:30:00",
      "streets": "LONG MOUNTAIN",
      "from": "2023-12-22T09:30:00.000Z",
      "to": "2023-12-22T11:30:00.000Z",
      "id": "38766a8a9ddc8568c29cf1dd16e1f042"
    },
    {
      "date": "Le vendredi 9 juin 2023 de  08:30:00 à  16:00:00",
      "streets": "Bois Pignolet Village, Notre-Dame Village,Montagne Longue Village, une partie de Ilot Village, Montagne Longue branch Rd, Camp La boue, Creve Coeur, et Les Marrianes.",
      "from": "2023-06-09T04:30:00.000Z",
      "to": "2023-06-09T12:00:00.000Z",
      "id": "23dbfd3300df013756b82644bc11fdc2"
    },
    {
      "date": "Le dimanche 4 décembre 2022 de  14:30:00 à  15:30:00",
      "streets": "Les abonnés habitant dès Notre Dame, Montagne Longue , Boulingrin et Crève-Cœur",
      "from": "2022-12-04T10:30:00.000Z",
      "to": "2022-12-04T11:30:00.000Z",
      "id": "872ff335f62a87fc82264655a558419e"
    },
    {
      "date": "Le dimanche 4 décembre 2022 de  09:00:00 à  15:30:00",
      "streets": "Les abonnés habitant des Morcellement Nouvelle Industry Baillache, Ilot Branch Road Montagne Long, Morcellement VRS, NHDC Colombo et Morcellement Colombo Montagne Longue",
      "from": "2022-12-04T05:00:00.000Z",
      "to": "2022-12-04T11:30:00.000Z",
      "id": "6842c465e116423b5b81f264820374b9"
    },
    {
      "date": "Le dimanche 4 décembre 2022 de  08:00:00 à  15:30:00",
      "streets": "Les abonnés habitant des Morcellement Nouvelle Industry Baillache, Ilot Branch Road Montagne Long, Morcellement VRS, NHDC Colombo et Morcellement Colombo Montagne Longue",
      "from": "2022-12-04T04:00:00.000Z",
      "to": "2022-12-04T11:30:00.000Z",
      "id": "a752df5b5e3fb837a7657150ca3eec50"
    },
    {
      "date": "Le dimanche 4 décembre 2022 de  07:00:00 à  15:30:00",
      "streets": "Les abonnés habitant des Morcellement Nouvelle Industry Baillache, Ilot Branch Road Montagne Long, Morcellement VRS, NHDC Colombo et Morcellement Colombo Montagne Longue",
      "from": "2022-12-04T03:00:00.000Z",
      "to": "2022-12-04T11:30:00.000Z",
      "id": "255c28360c736fa03235a23899d3878a"
    },
    {
      "date": "Le mardi 8 novembre 2022 de  09:30:00 à  15:00:00",
      "streets": "Les abonnés habitant dès Royal Road Long Mountain, Adolph De Plevitz et Victoria Road.",
      "from": "2022-11-08T05:30:00.000Z",
      "to": "2022-11-08T11:00:00.000Z",
      "id": "2b44f5d4406f214ffe4226bd20ef7c33"
    },
    {
      "date": "Le dimanche 16 octobre 2022 de  08:30:00 à  16:00:00",
      "streets": "Les abonnés habitant dès Notre Dame et Montagne Longue",
      "from": "2022-10-16T04:30:00.000Z",
      "to": "2022-10-16T12:00:00.000Z",
      "id": "cbeaf2828c2a540cf4c15cba40593340"
    },
    {
      "date": "Le mercredi 12 octobre 2022 de  15:45:00 à  17:30:00",
      "streets": "CAMP LA BOUE",
      "from": "2022-10-12T11:45:00.000Z",
      "to": "2022-10-12T13:30:00.000Z",
      "id": "15639ff401a4ea632db5cbd045282394"
    },
    {
      "date": "Le vendredi 23 septembre 2022 de  09:00:00 à  12:00:00",
      "streets": "baillache road",
      "from": "2022-09-23T05:00:00.000Z",
      "to": "2022-09-23T08:00:00.000Z",
      "id": "c65c9790e206b891f10bc6494a8ba43b"
    },
    {
      "date": "Le vendredi 12 août 2022 de  08:30:00 à  12:00:00",
      "streets": "Les abonnés habitant Notre Dame, Long Mountain et C. Cœur",
      "from": "2022-08-12T04:30:00.000Z",
      "to": "2022-08-12T08:00:00.000Z",
      "id": "d44f84f1889b50cb837a090b6f9ad545"
    },
    {
      "date": "Le jeudi 26 mai 2022 de  11:00:00 à  11:45:00",
      "streets": "VALTON",
      "from": "2022-05-26T07:00:00.000Z",
      "to": "2022-05-26T07:45:00.000Z",
      "id": "13e9fd4c34ac0a4a35d17580cf9888cd"
    }
  ]
}