{
  "slug": "mapou",
  "name": "MAPOU",
  "district": "rivieredurempart",
  "generated": "2026-01-12T18:01:53.226Z",
  "outageCount": 11,
  "firstOutage": "2022-05-22",
  "lastOutage": "2025-02-05",
  "outages": [
    {
      "date": "Le mercredi 5 février 2025 de  12:00:00 à  16:00:00",
      "streets": "POST OFFICE RD MAPOU",
      "from": "2025-02-05T08:00:00.000Z",
      "to": "2025-02-05T12:00:00.000Z",
      "id": "ae6825f46722f5b8cc06b2ac910ed88e"
    },
    {
      "date": "Le dimanche 13 octobre 2024 de  14:30:00 à  20:30:00",
      "streets": "VILLAGE LABOURDONNAIS, DANS LES ENVIRONS LYCEE LABOURDONNAIS, DANS LES ENVIRONS ECOLE NORTHFIELD, BAOBAB ET JAM FACTORY.",
      "from": "2024-10-13T10:30:00.000Z",
      "to": "2024-10-13T16:30:00.000Z",
      "id": "a07caf3ee76ed7d64c5ebfefde1cb194"
    },
    {
      "date": "Le vendredi 20 septembre 2024 de  09:30:00 à  12:00:00",
      "streets": "NHDC",
      "from": "2024-09-20T05:30:00.000Z",
      "to": "2024-09-20T08:00:00.000Z",
      "id": "43e85e64d964eaa311358d25d8f72619"
    },
    {
      "date": "Le jeudi 19 septembre 2024 de  19:00:00 à  01:30:00",
      "streets": "COMPLEX NHDC MAPOU",
      "from": "2024-09-19T15:00:00.000Z",
      "to": "2024-09-18T21:30:00.000Z",
      "id": "bb8c49fa8818f650e6dfec6d4d668274"
    },
    {
      "date": "Le lundi 5 août 2024 de  14:20:00 à  18:30:00",
      "streets": "MAPOU LES FERRET",
      "from": "2024-08-05T10:20:00.000Z",
      "to": "2024-08-05T14:30:00.000Z",
      "id": "b6526e3d807ac346572c9a075092d453"
    },
    {
      "date": "Le lundi 26 février 2024 de  10:00:00 à  12:30:00",
      "streets": "NHDC MAPOU",
      "from": "2024-02-26T06:00:00.000Z",
      "to": "2024-02-26T08:30:00.000Z",
      "id": "13d9cebcf0968cdfcb5928e0a2249fa2"
    },
    {
      "date": "Le dimanche 21 janvier 2024 de  08:00:00 à  15:30:00",
      "streets": "le village de Mapou",
      "from": "2024-01-21T04:00:00.000Z",
      "to": "2024-01-21T11:30:00.000Z",
      "id": "882b605756c0e838c57b4328b2f04b09"
    },
    {
      "date": "Le dimanche 15 octobre 2023 de  08:30:00 à  15:30:00",
      "streets": "le village de Mapou",
      "from": "2023-10-15T04:30:00.000Z",
      "to": "2023-10-15T11:30:00.000Z",
      "id": "166fa5274219a366de821cedd6260e46"
    },
    {
      "date": "Le dimanche 27 novembre 2022 de  21:40:00 à  23:00:00",
      "streets": "DOMAINE DE LABOURDONNAIS",
      "from": "2022-11-27T17:40:00.000Z",
      "to": "2022-11-27T19:00:00.000Z",
      "id": "8a895c05273bffe3e2838f18d2d0d1c6"
    },
    {
      "date": "Le vendredi 9 septembre 2022 de  08:30:00 à  15:30:00",
      "streets": "dans les environs de Mapou Le Ferret",
      "from": "2022-09-09T04:30:00.000Z",
      "to": "2022-09-09T11:30:00.000Z",
      "id": "6639e554039c20aad466d504b92c6a8d"
    },
    {
      "date": "Le dimanche 22 mai 2022 de  08:30:00 à  15:30:00",
      "streets": "LES ABONNES DE MAPOU",
      "from": "2022-05-22T04:30:00.000Z",
      "to": "2022-05-22T11:30:00.000Z",
      "id": "615d1c8ea693801754e8103d41765165"
    }
  ]
}