{
  "slug": "montagne-blanche",
  "name": "MONTAGNE BLANCHE",
  "district": "moka",
  "generated": "2026-01-27T09:05:25.792Z",
  "outageCount": 42,
  "firstOutage": "2022-03-23",
  "lastOutage": "2026-01-21",
  "outages": [
    {
      "date": "Le mercredi 21 janvier 2026 de  15:00:00 à  17:00:00",
      "streets": "NHDC Montagne Blanche et Morcellement Sans Souci",
      "from": "2026-01-21T11:00:00.000Z",
      "to": "2026-01-21T13:00:00.000Z",
      "id": "5f7da650cf6fadb2042dc189cd31d30a"
    },
    {
      "date": "Le mercredi 17 septembre 2025 de  20:30:00 à  00:30:00",
      "streets": "TANCREL ROAD MONTAGNE BLANCHE",
      "from": "2025-09-17T16:30:00.000Z",
      "to": "2025-09-16T20:30:00.000Z",
      "id": "00f846aa56f00aaefb8fee285d1ea6bf"
    },
    {
      "date": "Le dimanche 7 septembre 2025 de  14:00:00 à  15:30:00",
      "streets": "dans les environs duvillage de Melrose et Petit Paquet",
      "from": "2025-09-07T10:00:00.000Z",
      "to": "2025-09-07T11:30:00.000Z",
      "id": "a145c4492f6bc52317e248234b20f0af"
    },
    {
      "date": "Le dimanche 7 septembre 2025 de  09:00:00 à  16:00:00",
      "streets": "dans les périmètres de Market Road, St Joseph Road, NHDC Montagne Blanche, Montagne Blanche Bel Air Road, Shivala Road, Petit Paquet Road, La Forge Lane, Old Railway Road, Boulanger Road, Tancrel Road, Charbon Road, Sans Souci Road et les ruelles avoisinantes",
      "from": "2025-09-07T05:00:00.000Z",
      "to": "2025-09-07T12:00:00.000Z",
      "id": "002ab1b411169e409a9e045032cb57f2"
    },
    {
      "date": "Le jeudi 7 août 2025 de  09:00:00 à  14:00:00",
      "streets": "une partie de Route Royale, Social Centre Road et une partie Petit Paquet Branch Road",
      "from": "2025-08-07T05:00:00.000Z",
      "to": "2025-08-07T10:00:00.000Z",
      "id": "494a2216b6c4c33d813e3bcfd1d123e0"
    },
    {
      "date": "Le vendredi 1 août 2025 de  09:35:00 à  11:45:00",
      "streets": "RTE ST JOSEPH ET DANS LE ALENTOURS DE BAZAR",
      "from": "2025-08-01T05:35:00.000Z",
      "to": "2025-08-01T07:45:00.000Z",
      "id": "4e463bf6fe1ec77ecbf2a7eae2e480b1"
    },
    {
      "date": "Le lundi 21 juillet 2025 de  12:30:00 à  15:00:00",
      "streets": "ST JOSEPH MONTAGNE BLANCHE",
      "from": "2025-07-21T08:30:00.000Z",
      "to": "2025-07-21T11:00:00.000Z",
      "id": "1779ded764fb81847f3396529d2d1ac3"
    },
    {
      "date": "Le jeudi 17 juillet 2025 de  09:00:00 à  15:00:00",
      "streets": "Résidence St Joseph",
      "from": "2025-07-17T05:00:00.000Z",
      "to": "2025-07-17T11:00:00.000Z",
      "id": "b2ca969901dd4f0a4f08fcf2d5dc7d0a"
    },
    {
      "date": "Le jeudi 10 juillet 2025 de  12:30:00 à  15:00:00",
      "streets": "dans les environs de Petit Paquet Branch Road et Route royale Montagne Blanche",
      "from": "2025-07-10T08:30:00.000Z",
      "to": "2025-07-10T11:00:00.000Z",
      "id": "b24c2caca60409b7620ef704d7e6cf6e"
    },
    {
      "date": "Le dimanche 8 décembre 2024 de  09:00:00 à  16:00:00",
      "streets": "Village de montagne Blanche, Sans Souci et une partie de Petit Paquet Road",
      "from": "2024-12-08T05:00:00.000Z",
      "to": "2024-12-08T12:00:00.000Z",
      "id": "5e26da1cb09a823747c7dcb488a343fd"
    },
    {
      "date": "Le jeudi 10 octobre 2024 de  09:30:00 à  13:00:00",
      "streets": "Tankrel Road et les ruelles avoisinantes",
      "from": "2024-10-10T05:30:00.000Z",
      "to": "2024-10-10T09:00:00.000Z",
      "id": "05c1e0decad0cfcf975449c04424ffd1"
    },
    {
      "date": "Le vendredi 12 juillet 2024 de  15:30:00 à  16:30:00",
      "streets": "TANCREL NEAR COOP",
      "from": "2024-07-12T11:30:00.000Z",
      "to": "2024-07-12T12:30:00.000Z",
      "id": "10e4f0f093df3e0c5d12cab2619a9bca"
    },
    {
      "date": "Le vendredi 14 juin 2024 de  12:00:00 à  15:00:00",
      "streets": "Bedassy Lane, Dispensary Road, Railway road, UDC Road, charbon Road, une partie de la route royale Monragne Blanche et village de Petit Paquet",
      "from": "2024-06-14T08:00:00.000Z",
      "to": "2024-06-14T11:00:00.000Z",
      "id": "f251fa40017418b8195ec1c54c137377"
    },
    {
      "date": "Le dimanche 2 juin 2024 de  09:00:00 à  16:00:00",
      "streets": "Sans Souci Road, Chaiette Road, Cemetery Road, Mundhup Road et Church Road",
      "from": "2024-06-02T05:00:00.000Z",
      "to": "2024-06-02T12:00:00.000Z",
      "id": "10c0ca9607d71a6065bcc58a638ca512"
    },
    {
      "date": "Le lundi 20 mai 2024 de  09:00:00 à  16:00:00",
      "streets": "Morcellement Sans Souci",
      "from": "2024-05-20T05:00:00.000Z",
      "to": "2024-05-20T12:00:00.000Z",
      "id": "9e382ebb2b00b6c29d7d9284c6433d8f"
    },
    {
      "date": "Le vendredi 15 mars 2024 de  11:00:00 à  17:30:00",
      "streets": "MORC SANS SOUCI MONTAGNE BLANCHE",
      "from": "2024-03-15T07:00:00.000Z",
      "to": "2024-03-15T13:30:00.000Z",
      "id": "b7ec9e391a7f3b81c87b0138facff3a8"
    },
    {
      "date": "Le dimanche 10 mars 2024 de  08:30:00 à  16:00:00",
      "streets": "Village du Montagne Blanche",
      "from": "2024-03-10T04:30:00.000Z",
      "to": "2024-03-10T12:00:00.000Z",
      "id": "cc466d33b7c8b75008d9c5250d2d4aea"
    },
    {
      "date": "Le jeudi 18 janvier 2024 de  18:15:00 à  20:30:00",
      "streets": "MORC SANS SOUCIS ET NHDC MELROSE.",
      "from": "2024-01-18T14:15:00.000Z",
      "to": "2024-01-18T16:30:00.000Z",
      "id": "777bdef87b359c91c403e896c9b44114"
    },
    {
      "date": "Le jeudi 18 janvier 2024 de  15:30:00 à  17:30:00",
      "streets": "MORC SANS SOUCIS.",
      "from": "2024-01-18T11:30:00.000Z",
      "to": "2024-01-18T13:30:00.000Z",
      "id": "a2e5a2082e005f9ca69e174f8a80c285"
    },
    {
      "date": "Le mardi 9 janvier 2024 de  09:23:00 à  14:00:00",
      "streets": "SANS SOUCIS, POULTRY, DAM",
      "from": "2024-01-09T05:23:00.000Z",
      "to": "2024-01-09T10:00:00.000Z",
      "id": "c3b5e754e450c5f913cfa4c0a79e585a"
    },
    {
      "date": "Le samedi 6 janvier 2024 de  21:30:00 à  23:30:00",
      "streets": "sans soucis road",
      "from": "2024-01-06T17:30:00.000Z",
      "to": "2024-01-06T19:30:00.000Z",
      "id": "53756345a4daabce64e7a475e06eb729"
    },
    {
      "date": "Le jeudi 7 décembre 2023 de  12:00:00 à  15:00:00",
      "streets": "une partie route royale Montagne Blanche près de Dream Price",
      "from": "2023-12-07T08:00:00.000Z",
      "to": "2023-12-07T11:00:00.000Z",
      "id": "08722e71fc9ff53699b5eadb0cf334d2"
    },
    {
      "date": "Le dimanche 3 décembre 2023 de  09:00:00 à  15:00:00",
      "streets": "MONTAGNE BLANCHE",
      "from": "2023-12-03T05:00:00.000Z",
      "to": "2023-12-03T11:00:00.000Z",
      "id": "808ecfa925cf868faebafcdc3fd64ca2"
    },
    {
      "date": "Le mercredi 22 novembre 2023 de  09:00:00 à  15:00:00",
      "streets": "Market Road, Perroquet lane et une partie de la route royale",
      "from": "2023-11-22T05:00:00.000Z",
      "to": "2023-11-22T11:00:00.000Z",
      "id": "668603766e5ced02b08e6a2e84d85a43"
    },
    {
      "date": "Le mercredi 22 novembre 2023 de  06:00:00 à  09:00:00",
      "streets": "MARTINE ROAD,TANCREL ROAD MONTAGNE BLANCHE.",
      "from": "2023-11-22T02:00:00.000Z",
      "to": "2023-11-22T05:00:00.000Z",
      "id": "a9a2c225de62b8d0e16f77529b09690f"
    },
    {
      "date": "Le dimanche 10 septembre 2023 de  09:00:00 à  16:00:00",
      "streets": "Les abonnés du village de Montagne Blanche habitant les rues et régions suivantes : Sans Souci,  Route Royale, Cité Saint Joseph, NHDC, Boulanger, Tancrel,  Chaillet, Martine, Dodo et les ruelles avoisinantes",
      "from": "2023-09-10T05:00:00.000Z",
      "to": "2023-09-10T12:00:00.000Z",
      "id": "52e56fc9d02a8edb34772444b2582cb2"
    },
    {
      "date": "Le mercredi 5 juillet 2023 de  09:00:00 à  15:00:00",
      "streets": "Les abonnés du village de Montagne Blanche habitant les rues et régions suivantes : Sans Souci, Church et les ruelles avoisinantes sont avisés que la fourniture d’énergie électrique sera interrompue entre 09 :00 et  15:00 heures le mercredi 05 juillet 2023",
      "from": "2023-07-05T05:00:00.000Z",
      "to": "2023-07-05T11:00:00.000Z",
      "id": "798c0c928a9d69625b0fe7d5f91aae9b"
    },
    {
      "date": "Le jeudi 11 mai 2023 de  12:00:00 à  14:00:00",
      "streets": "Les abonnés du village de Montagne Blanche et d’une partie du village de Melrose habitant la Route Royale de Montagne Blanche et les ruelles avoisinantes",
      "from": "2023-05-11T08:00:00.000Z",
      "to": "2023-05-11T10:00:00.000Z",
      "id": "6fc768d76709136a38031b250184d033"
    },
    {
      "date": "Le jeudi 11 mai 2023 de  09:00:00 à  15:00:00",
      "streets": "Les abonnés du village de Montagne Blanche habitant les rues et les régions suivantes : Sans Souci, Church, Gourapa et les ruelles avoisinantes",
      "from": "2023-05-11T05:00:00.000Z",
      "to": "2023-05-11T11:00:00.000Z",
      "id": "b591834d5f869d5ac0eecd512a62173b"
    },
    {
      "date": "Le samedi 25 mars 2023 de  09:00:00 à  15:00:00",
      "streets": "Les abonnés du village de Montagne Blanche habitant les rues et régions suivantes : Sans Souci, Church, Gourapa et les ruelles avoisinantes",
      "from": "2023-03-25T05:00:00.000Z",
      "to": "2023-03-25T11:00:00.000Z",
      "id": "f42cb86fa97dd0197e237b8866e42c3e"
    },
    {
      "date": "Le vendredi 17 mars 2023 de  09:00:00 à  14:00:00",
      "streets": "Les abonnés du Village de Montagne Blanche habitant les rues et les régions suivantes : Charbon, EDC et les ruelles avoisinantes",
      "from": "2023-03-17T05:00:00.000Z",
      "to": "2023-03-17T10:00:00.000Z",
      "id": "1741b405f368b43d28ac87f9c6d91265"
    },
    {
      "date": "Le mardi 14 mars 2023 de  09:00:00 à  15:00:00",
      "streets": "Les abonnés du Village de Montagne Blanche habitant les rues et les régions suivantes : Charbon, EDC et les ruelles avoisinantes",
      "from": "2023-03-14T05:00:00.000Z",
      "to": "2023-03-14T11:00:00.000Z",
      "id": "40f6e87a04da5ed0d75b74269beaa808"
    },
    {
      "date": "Le mercredi 22 février 2023 de  09:00:00 à  11:00:00",
      "streets": "Village de Montagne Blanche, Sans Souci et une partie de Melrose",
      "from": "2023-02-22T05:00:00.000Z",
      "to": "2023-02-22T07:00:00.000Z",
      "id": "9021b64cd51fa975a40d3fc569ed7d2f"
    },
    {
      "date": "Le lundi 16 janvier 2023 de  13:05:00 à  14:05:00",
      "streets": "QUEENS,PART OF ROYAL RD",
      "from": "2023-01-16T09:05:00.000Z",
      "to": "2023-01-16T10:05:00.000Z",
      "id": "eb7c02b8ba2e67620a95c1bdb54bf3c9"
    },
    {
      "date": "Le vendredi 13 janvier 2023 de  10:30:00 à  11:30:00",
      "streets": "PETIT PAQUET MONTAGNE BLANCHE",
      "from": "2023-01-13T06:30:00.000Z",
      "to": "2023-01-13T07:30:00.000Z",
      "id": "e2cd243e64a5b21517b3a59f59fa5800"
    },
    {
      "date": "Le jeudi 8 décembre 2022 de  09:00:00 à  14:00:00",
      "streets": "Les abonnés du village de Montagne Blanche habitant les rues et régions suivantes : Partie de la Route Royale de Montagne Blanche, Impasse Dodo et les ruelles avoisinantes",
      "from": "2022-12-08T05:00:00.000Z",
      "to": "2022-12-08T10:00:00.000Z",
      "id": "bb854a2719fc2d86a9d6635a859a4bf3"
    },
    {
      "date": "Le vendredi 18 novembre 2022 de  17:30:00 à  22:30:00",
      "streets": "Church Road,Montagne Blanche",
      "from": "2022-11-18T13:30:00.000Z",
      "to": "2022-11-18T18:30:00.000Z",
      "id": "2058ff003efcdbbd45bdb24ec70cf428"
    },
    {
      "date": "Le dimanche 16 octobre 2022 de  09:00:00 à  16:00:00",
      "streets": "Les abonnés du village de Montagne Blanche habitant les rues et régions suivantes : NHDC Melrose, Morcellement Fuel, Market Montagne Blanche, Shivala,  Dodo, Cité Saint Joseph,  Lauratte,  Bombaye, Maurihai, Chaillet et les ruelles avoisinantes",
      "from": "2022-10-16T05:00:00.000Z",
      "to": "2022-10-16T12:00:00.000Z",
      "id": "22f0a60183bd4eeaa4cc2477f505886b"
    },
    {
      "date": "Le mardi 11 octobre 2022 de  09:00:00 à  10:00:00",
      "streets": "CITE ST JOSEPH,SAWAN LANE,SHIVALA ROAD.",
      "from": "2022-10-11T05:00:00.000Z",
      "to": "2022-10-11T06:00:00.000Z",
      "id": "de124c371103be9cc16a91a5d560ec63"
    },
    {
      "date": "Le mardi 26 juillet 2022 de  11:15:00 à  12:15:00",
      "streets": "POULTRY SANS SOUCIS",
      "from": "2022-07-26T07:15:00.000Z",
      "to": "2022-07-26T08:15:00.000Z",
      "id": "fd92e9a94b7721a91a30b1fbb98fa2c7"
    },
    {
      "date": "Le vendredi 8 juillet 2022 de  09:00:00 à  10:30:00",
      "streets": "Les abonnés du village de Montagne Blanche habitant les rues et régions suivantes : Sans Souci,  Route Royale, Cité Saint Joseph, NHDC, Boulanger, Tancrel,  Chaillet et les ruelles avoisinantes",
      "from": "2022-07-08T05:00:00.000Z",
      "to": "2022-07-08T06:30:00.000Z",
      "id": "859253457e6a3539437f4896caf8df59"
    },
    {
      "date": "Le mercredi 23 mars 2022 de  12:00:00 à  13:00:00",
      "streets": "Les abonnés du village de Montagne Blanche et Melrose",
      "from": "2022-03-23T08:00:00.000Z",
      "to": "2022-03-23T09:00:00.000Z",
      "id": "a7d831a96935d08ce8272b0d8788d780"
    }
  ]
}