{
  "slug": "notre-dame",
  "name": "NOTRE DAME",
  "district": "pamplemousses",
  "generated": "2026-01-24T10:01:09.339Z",
  "outageCount": 33,
  "firstOutage": "2022-03-20",
  "lastOutage": "2025-12-10",
  "outages": [
    {
      "date": "Le mercredi 10 décembre 2025 de  13:40:00 à  15:30:00",
      "streets": "DUCRAY ROAD EN DIRECTION MONTAGNE.",
      "from": "2025-12-10T09:40:00.000Z",
      "to": "2025-12-10T11:30:00.000Z",
      "id": "b040c2cc37afb8ad02e80f08b96a8884"
    },
    {
      "date": "Le dimanche 16 novembre 2025 de  08:40:00 à  15:00:00",
      "streets": "Notre Dame en entier",
      "from": "2025-11-16T04:40:00.000Z",
      "to": "2025-11-16T11:00:00.000Z",
      "id": "95cf275a0c05d84f7d725469b0bfe5da"
    },
    {
      "date": "Le jeudi 21 août 2025 de  09:00:00 à  13:00:00",
      "streets": "NOTRE DAME",
      "from": "2025-08-21T05:00:00.000Z",
      "to": "2025-08-21T09:00:00.000Z",
      "id": "b22440878117daa62ea3343455a67cfa"
    },
    {
      "date": "Le mardi 12 août 2025 de  08:00:00 à  12:00:00",
      "streets": "LE VILLAGE DE NOTRE DAME",
      "from": "2025-08-12T04:00:00.000Z",
      "to": "2025-08-12T08:00:00.000Z",
      "id": "fd95db987321d8b0c482eb5911b09c9b"
    },
    {
      "date": "Le lundi 21 juillet 2025 de  08:30:00 à  14:00:00",
      "streets": "BHAGAT LANE, NHDC ET EN PARTIE ROUTE ROYALE",
      "from": "2025-07-21T04:30:00.000Z",
      "to": "2025-07-21T10:00:00.000Z",
      "id": "c5eb440bdc979a852bda3a848db0a14f"
    },
    {
      "date": "Le mardi 15 juillet 2025 de  08:30:00 à  15:30:00",
      "streets": "WHOLE AREA OF NOTRE DAME",
      "from": "2025-07-15T04:30:00.000Z",
      "to": "2025-07-15T11:30:00.000Z",
      "id": "5d1a5e906b28d18e6d5062cad59dc709"
    },
    {
      "date": "Le mardi 24 juin 2025 de  12:25:00 à  14:30:00",
      "streets": "OSMAN ROAD NOTRE DAME",
      "from": "2025-06-24T08:25:00.000Z",
      "to": "2025-06-24T10:30:00.000Z",
      "id": "ebdd1fcfe40bf04b2b439cae8f8db69e"
    },
    {
      "date": "Le jeudi 20 mars 2025 de  11:20:00 à  14:00:00",
      "streets": "WHOLE REGION",
      "from": "2025-03-20T07:20:00.000Z",
      "to": "2025-03-20T10:00:00.000Z",
      "id": "c9d30867c19c300245d08029f2ae9d94"
    },
    {
      "date": "Le jeudi 20 mars 2025 de  08:30:00 à  16:00:00",
      "streets": "ROYAL ROAD ET MOSQUE ROAD",
      "from": "2025-03-20T04:30:00.000Z",
      "to": "2025-03-20T12:00:00.000Z",
      "id": "50a11a86bb0c46e05e8aeda6e54828c2"
    },
    {
      "date": "Le mercredi 19 mars 2025 de  09:00:00 à  11:00:00",
      "streets": "CHANTIER NOTRE DAME AND SURROUNDINGS",
      "from": "2025-03-19T05:00:00.000Z",
      "to": "2025-03-19T07:00:00.000Z",
      "id": "128d7e6c788ed7d5774aa6fcb26f96c8"
    },
    {
      "date": "Le jeudi 23 janvier 2025 de  00:00:00 à  16:00:00",
      "streets": "NOTRE DAME",
      "from": "2025-01-22T20:00:00.000Z",
      "to": "2025-01-22T12:00:00.000Z",
      "id": "65d180f461429caa5b58080f24bde939"
    },
    {
      "date": "Le samedi 14 décembre 2024 de  14:30:00 à  15:30:00",
      "streets": "NOTRE DAME",
      "from": "2024-12-14T10:30:00.000Z",
      "to": "2024-12-14T11:30:00.000Z",
      "id": "3387647bc8be1f0e1c52de142ed320db"
    },
    {
      "date": "Le samedi 14 décembre 2024 de  08:00:00 à  09:00:00",
      "streets": "NOTRE DAME",
      "from": "2024-12-14T04:00:00.000Z",
      "to": "2024-12-14T05:00:00.000Z",
      "id": "ad4525f10d6794e437c4e7fc34f2ef61"
    },
    {
      "date": "Le samedi 16 novembre 2024 de  10:45:00 à  13:00:00",
      "streets": "NOTRE DAME,NOUVELLE INDUSTRIE",
      "from": "2024-11-16T06:45:00.000Z",
      "to": "2024-11-16T09:00:00.000Z",
      "id": "763a5aac3a37a374703737a6c085e77d"
    },
    {
      "date": "Le vendredi 6 septembre 2024 de  15:00:00 à  16:30:00",
      "streets": "NOTRE DAME, MONTAGNE LONGUE ET CREVE COEUR",
      "from": "2024-09-06T11:00:00.000Z",
      "to": "2024-09-06T12:30:00.000Z",
      "id": "b92533995da061fb6616048c676d1e93"
    },
    {
      "date": "Le samedi 3 août 2024 de  12:20:00 à  14:00:00",
      "streets": "Route royale, boulangerie, mosque et les alentours",
      "from": "2024-08-03T08:20:00.000Z",
      "to": "2024-08-03T10:00:00.000Z",
      "id": "c2dec79016cb6e89134a903776d71a27"
    },
    {
      "date": "Le dimanche 12 mai 2024 de  07:30:00 à  08:30:00",
      "streets": "NOTRE DAME",
      "from": "2024-05-12T03:30:00.000Z",
      "to": "2024-05-12T04:30:00.000Z",
      "id": "9e95a9a955172816276b50e13faa00b6"
    },
    {
      "date": "Le dimanche 28 avril 2024 de  08:00:00 à  16:00:00",
      "streets": "NOTRE DAME, MONTAGNE LONGUE, CAMP LA BOUE, CREVE COEUR, THOMASIN, BOIS PIGNOLET ET LES ENVIRONS",
      "from": "2024-04-28T04:00:00.000Z",
      "to": "2024-04-28T12:00:00.000Z",
      "id": "d4e3ab7c551e87d50adb7ab23133f668"
    },
    {
      "date": "Le dimanche 21 avril 2024 de  08:00:00 à  16:00:00",
      "streets": "Notre Dame, Montagne Longue, Camp la Boue, Creve Coeur, Thomasin, Bois Pignolet et les environs",
      "from": "2024-04-21T04:00:00.000Z",
      "to": "2024-04-21T12:00:00.000Z",
      "id": "655ffbaf54e839d75212df0c68b50173"
    },
    {
      "date": "Le dimanche 24 mars 2024 de  08:00:00 à  15:00:00",
      "streets": "Notre Dame",
      "from": "2024-03-24T04:00:00.000Z",
      "to": "2024-03-24T11:00:00.000Z",
      "id": "304383d9aac69f78ea8a63e4865db59c"
    },
    {
      "date": "Le lundi 11 mars 2024 de  06:30:00 à  11:30:00",
      "streets": "MORC LAMITIE NOTRE DAME",
      "from": "2024-03-11T02:30:00.000Z",
      "to": "2024-03-11T07:30:00.000Z",
      "id": "dcd5793d4eb5067d0a2bf0c183405b62"
    },
    {
      "date": "Le jeudi 29 février 2024 de  15:15:00 à  17:00:00",
      "streets": "DANS LES ALENTOURS RAILWAY ROAD.",
      "from": "2024-02-29T11:15:00.000Z",
      "to": "2024-02-29T13:00:00.000Z",
      "id": "c460f8a9831a1f32d488d3864ff7a11c"
    },
    {
      "date": "Le jeudi 29 février 2024 de  10:50:00 à  12:20:00",
      "streets": "MORC TERRA  ET LES ALENTOURS",
      "from": "2024-02-29T06:50:00.000Z",
      "to": "2024-02-29T08:20:00.000Z",
      "id": "0842a7b5a84e1fe8dcedebd3f0faa668"
    },
    {
      "date": "Le mercredi 28 février 2024 de  14:45:00 à  15:15:00",
      "streets": "MORC VRS NOTRE DAME.",
      "from": "2024-02-28T10:45:00.000Z",
      "to": "2024-02-28T11:15:00.000Z",
      "id": "febc7fc0298f6224321f6eeb8960e264"
    },
    {
      "date": "Le dimanche 25 février 2024 de  08:00:00 à  15:00:00",
      "streets": "Notre Dame et Creve Coeur villages",
      "from": "2024-02-25T04:00:00.000Z",
      "to": "2024-02-25T11:00:00.000Z",
      "id": "45665d2c16b88f93b6f36eb23da501d9"
    },
    {
      "date": "Le jeudi 4 janvier 2024 de  20:45:00 à  22:45:00",
      "streets": "NOTRE DAME.",
      "from": "2024-01-04T16:45:00.000Z",
      "to": "2024-01-04T18:45:00.000Z",
      "id": "4a88fad4ada5b4a385d6027a279e88dc"
    },
    {
      "date": "Le samedi 27 mai 2023 de  08:00:00 à  15:00:00",
      "streets": "Church Road Notre_dame",
      "from": "2023-05-27T04:00:00.000Z",
      "to": "2023-05-27T11:00:00.000Z",
      "id": "3b836f4ceac930f6c566f78a30b40d73"
    },
    {
      "date": "Le samedi 6 mai 2023 de  12:30:00 à  16:00:00",
      "streets": "BYASS,BAGAT LANE NOTRE DAME",
      "from": "2023-05-06T08:30:00.000Z",
      "to": "2023-05-06T12:00:00.000Z",
      "id": "197b20ff06f9a8cc5bd4e2f8006e68f6"
    },
    {
      "date": "Le jeudi 2 février 2023 de  15:15:00 à  16:45:00",
      "streets": "RESIDENCE VALTON",
      "from": "2023-02-02T11:15:00.000Z",
      "to": "2023-02-02T12:45:00.000Z",
      "id": "8c235108af51652bbaed1d2189ba7c21"
    },
    {
      "date": "Le jeudi 16 juin 2022 de  08:30:00 à  09:30:00",
      "streets": "NOTRE DAME CAMP LA BOUE",
      "from": "2022-06-16T04:30:00.000Z",
      "to": "2022-06-16T05:30:00.000Z",
      "id": "42eceb623b9287da077ea3f686cab371"
    },
    {
      "date": "Le dimanche 12 juin 2022 de  08:30:00 à  14:00:00",
      "streets": "Le Abonnes habitant dans les region de Bhagat lane et NHDC Baillache  a Notre Dames NHDC",
      "from": "2022-06-12T04:30:00.000Z",
      "to": "2022-06-12T10:00:00.000Z",
      "id": "084752b4a3845135a91da1b2ee7d8841"
    },
    {
      "date": "Le lundi 21 mars 2022 de  11:30:00 à  13:30:00",
      "streets": "WHOLE VILLAGE",
      "from": "2022-03-21T07:30:00.000Z",
      "to": "2022-03-21T09:30:00.000Z",
      "id": "d5fc2f59d14c4eb9e802ffc1b4e36184"
    },
    {
      "date": "Le dimanche 20 mars 2022 de  08:30:00 à  15:00:00",
      "streets": "NHDC Valton et Résidence Rose",
      "from": "2022-03-20T04:30:00.000Z",
      "to": "2022-03-20T11:00:00.000Z",
      "id": "b38ad0077ace59a95d5fe9f492c169c3"
    }
  ]
}