{
  "slug": "pereybere",
  "name": "PEREYBERE",
  "district": "rivieredurempart",
  "generated": "2026-02-16T14:14:46.086Z",
  "outageCount": 92,
  "firstOutage": "2022-03-25",
  "lastOutage": "2026-01-25",
  "outages": [
    {
      "date": "Le dimanche 25 janvier 2026 de  08:30:00 à  15:30:00",
      "streets": "20 PIED ROAD, CASASOLA NO 2, MORCELLEMENT NORLAND AND MARGEOT",
      "from": "2026-01-25T04:30:00.000Z",
      "to": "2026-01-25T11:30:00.000Z",
      "id": "9e214a9855a48c2b69744dfcce41f38e"
    },
    {
      "date": "Le mardi 13 janvier 2026 de  10:00:00 à  12:00:00",
      "streets": "LA RUE COSTALES, LES FLAMMANTS PEREYBERE- OFFICIER EN CHARGE- STO KHARUG POUR LA SECTION DE GOODLANDS",
      "from": "2026-01-13T06:00:00.000Z",
      "to": "2026-01-13T08:00:00.000Z",
      "id": "94126cd39750f1b91f85f1933881d96f"
    },
    {
      "date": "Le samedi 10 janvier 2026 de  08:30:00 à  15:00:00",
      "streets": "LA RUE COSTALE PEREYBERE, IMPASSE JOLICOEUR, LHOTEL HIBISCUS ET PARADISE COVE - OFFICIER EN CHARGE- STO KHARUG DE SECTION GOODLANDS",
      "from": "2026-01-10T04:30:00.000Z",
      "to": "2026-01-10T11:00:00.000Z",
      "id": "d7e9f508c27e3932fd38084a19fedc0b"
    },
    {
      "date": "Le vendredi 9 janvier 2026 de  14:00:00 à  16:00:00",
      "streets": "ROUTE ROYALE CHEMIN VINGT PIED, LE PAIX ROAD ET LES ALENTOURS.",
      "from": "2026-01-09T10:00:00.000Z",
      "to": "2026-01-09T12:00:00.000Z",
      "id": "e3fa501188abaa38ad1425611acf6631"
    },
    {
      "date": "Le jeudi 1 janvier 2026 de  15:15:00 à  18:15:00",
      "streets": "MORC SWAN AND SURROUNDINGS",
      "from": "2026-01-01T11:15:00.000Z",
      "to": "2026-01-01T14:15:00.000Z",
      "id": "415ba53bc859fe69293b43e43b5db736"
    },
    {
      "date": "Le mercredi 10 décembre 2025 de  09:45:00 à  11:00:00",
      "streets": "Vieux Moulin,Morc Swan",
      "from": "2025-12-10T05:45:00.000Z",
      "to": "2025-12-10T07:00:00.000Z",
      "id": "55ac7120e804d59371717bac30f61a6e"
    },
    {
      "date": "Le samedi 22 novembre 2025 de  01:00:00 à  07:00:00",
      "streets": "CHEMIN VIEUX MOULIN ET LE ENVIRON",
      "from": "2025-11-21T21:00:00.000Z",
      "to": "2025-11-21T03:00:00.000Z",
      "id": "20908669bbb0a229471cd681f9e1ba6c"
    },
    {
      "date": "Le samedi 15 novembre 2025 de  08:30:00 à  15:00:00",
      "streets": "LES FLAMMANTS PEREYBERE",
      "from": "2025-11-15T04:30:00.000Z",
      "to": "2025-11-15T11:00:00.000Z",
      "id": "450f55e90dcc1e7e935da3aada0b15aa"
    },
    {
      "date": "Le lundi 20 octobre 2025 de  18:15:00 à  20:30:00",
      "streets": "LE FLAMMANT & SURROUNDINGS",
      "from": "2025-10-20T14:15:00.000Z",
      "to": "2025-10-20T16:30:00.000Z",
      "id": "db831c8ab43617ade5b29afc1095b613"
    },
    {
      "date": "Le dimanche 19 octobre 2025 de  15:00:00 à  17:30:00",
      "streets": "MORC SWAN /COASTAL ROAD NEAR BEACH",
      "from": "2025-10-19T11:00:00.000Z",
      "to": "2025-10-19T13:30:00.000Z",
      "id": "4e2adb207c50f23d3569b90839f28c2f"
    },
    {
      "date": "Le dimanche 12 octobre 2025 de  08:30:00 à  15:30:00",
      "streets": "ENTIERE REGION DE PEREYBERE ET CHEMIN 20 PIED",
      "from": "2025-10-12T04:30:00.000Z",
      "to": "2025-10-12T11:30:00.000Z",
      "id": "cefbb29248e6e366ede8ceb844d094ef"
    },
    {
      "date": "Le vendredi 11 juillet 2025 de  01:00:00 à  19:00:00",
      "streets": "Pereybere,Bain Boeuf,Coin de Mire",
      "from": "2025-07-10T21:00:00.000Z",
      "to": "2025-07-10T15:00:00.000Z",
      "id": "f38800591f01233cda7b5a473b59c928"
    },
    {
      "date": "Le mardi 24 juin 2025 de  14:30:00 à  16:30:00",
      "streets": "CHEMIN 20 PIEDS PEREYBERE",
      "from": "2025-06-24T10:30:00.000Z",
      "to": "2025-06-24T12:30:00.000Z",
      "id": "7296aa3ca63568eeb6c4e112c69ff396"
    },
    {
      "date": "Le samedi 5 avril 2025 de  08:30:00 à  15:00:00",
      "streets": "Chemin 20 pied, old mill road, coastal road, Morcellement Swan, Winners and Bali Road, Pereybere",
      "from": "2025-04-05T04:30:00.000Z",
      "to": "2025-04-05T11:00:00.000Z",
      "id": "0bd72eacaa6035b7537e544caecef5f6"
    },
    {
      "date": "Le mardi 25 mars 2025 de  10:45:00 à  12:00:00",
      "streets": "ROYAL ROAD, OLD MILL ROAD AND SURROUNDINGS",
      "from": "2025-03-25T06:45:00.000Z",
      "to": "2025-03-25T08:00:00.000Z",
      "id": "d5e3a5865c5d085145cfda79abcfb1a2"
    },
    {
      "date": "Le samedi 1 mars 2025 de  09:00:00 à  12:00:00",
      "streets": "CHEMIN VIEUX MOULINS, RESIDENCE MULTIPLIANTS, ET DANS LES ALENTOURS DE PARSOORAEN",
      "from": "2025-03-01T05:00:00.000Z",
      "to": "2025-03-01T08:00:00.000Z",
      "id": "4692c142e73c31825234f4b40d89b298"
    },
    {
      "date": "Le vendredi 28 février 2025 de  12:00:00 à  14:30:00",
      "streets": "ROYAL ROAD, MORC SWAN AND SURROUNDINGS",
      "from": "2025-02-28T08:00:00.000Z",
      "to": "2025-02-28T10:30:00.000Z",
      "id": "3a629786a1b3e06766126e2eb557cee7"
    },
    {
      "date": "Le mardi 18 février 2025 de  08:30:00 à  15:30:00",
      "streets": "COIN DE MIRE, COASTAL ROAD, PEREYBERE WHOLE AREA",
      "from": "2025-02-18T04:30:00.000Z",
      "to": "2025-02-18T11:30:00.000Z",
      "id": "9532e18e632f6ef47ddc96fb7c78e243"
    },
    {
      "date": "Le dimanche 19 janvier 2025 de  08:30:00 à  15:30:00",
      "streets": "OLD MILL ROAD, COASTAL ROAD, MORCELLEMENT SWAN, PEREYBERE",
      "from": "2025-01-19T04:30:00.000Z",
      "to": "2025-01-19T11:30:00.000Z",
      "id": "013b5b5c3de550596f2fb15e13c086c3"
    },
    {
      "date": "Le mardi 7 janvier 2025 de  14:00:00 à  16:00:00",
      "streets": "CHEMIN VINGT PIEDS, PEREYBERE, CAP MALHEUREUX, ST FRANCOIS, CALODYNE, GRAND GAUBE",
      "from": "2025-01-07T10:00:00.000Z",
      "to": "2025-01-07T12:00:00.000Z",
      "id": "24b6703a021c6cd603f4ccd1866062a5"
    },
    {
      "date": "Le vendredi 20 décembre 2024 de  09:00:00 à  15:30:00",
      "streets": "LE FLAMMANT ROAD, COASTAL ROAD, PTE AZUR, BEACH LANE, MORCELLEMENT CHETTY, PEREYBERE",
      "from": "2024-12-20T05:00:00.000Z",
      "to": "2024-12-20T11:30:00.000Z",
      "id": "934cfc01cf139b4be57844c820403e57"
    },
    {
      "date": "Le mardi 17 décembre 2024 de  13:00:00 à  15:00:00",
      "streets": "MONT OREB, PART OF LES FLAMMANTS",
      "from": "2024-12-17T09:00:00.000Z",
      "to": "2024-12-17T11:00:00.000Z",
      "id": "748ccb07e56a56686db716655ed00b6a"
    },
    {
      "date": "Le samedi 14 décembre 2024 de  09:05:00 à  10:15:00",
      "streets": "IMP TOURTERELLES MORC SWAN",
      "from": "2024-12-14T05:05:00.000Z",
      "to": "2024-12-14T06:15:00.000Z",
      "id": "de4f546bdecab930b416dc1668400c03"
    },
    {
      "date": "Le vendredi 13 décembre 2024 de  09:00:00 à  15:30:00",
      "streets": "LE FLAMMANT ROAD, COASTAL ROAD, PTE AZUR, BEACH LANE, MORCELLEMENT CHETTY,PEREYBERE",
      "from": "2024-12-13T05:00:00.000Z",
      "to": "2024-12-13T11:30:00.000Z",
      "id": "21bdb43ea8adca6cc4a6989463a47ae2"
    },
    {
      "date": "Le mardi 10 décembre 2024 de  07:00:00 à  13:00:00",
      "streets": "BALA LANE BAIN BOEUF PEREYBERE",
      "from": "2024-12-10T03:00:00.000Z",
      "to": "2024-12-10T09:00:00.000Z",
      "id": "5bee147195c1d4f3269d58f9e6f54ca9"
    },
    {
      "date": "Le samedi 7 décembre 2024 de  05:00:00 à  10:00:00",
      "streets": "BEACH LANE PEREBERE",
      "from": "2024-12-07T01:00:00.000Z",
      "to": "2024-12-07T06:00:00.000Z",
      "id": "70b3164b9b7599a7d0007e08a4df6489"
    },
    {
      "date": "Le mardi 26 novembre 2024 de  09:00:00 à  15:30:00",
      "streets": "PTE AZURE, STEPHEN LANE, COASTAL ROAD, PEREYBERE NEAR WINNERS",
      "from": "2024-11-26T05:00:00.000Z",
      "to": "2024-11-26T11:30:00.000Z",
      "id": "016920c77951447d9dccf8dc58832f25"
    },
    {
      "date": "Le lundi 18 novembre 2024 de  14:30:00 à  16:00:00",
      "streets": "Stephen Rd",
      "from": "2024-11-18T10:30:00.000Z",
      "to": "2024-11-18T12:00:00.000Z",
      "id": "a3f43db126de349a65b843dc160517a6"
    },
    {
      "date": "Le samedi 16 novembre 2024 de  09:30:00 à  11:00:00",
      "streets": "ROYAL ROAD PEREYBERE",
      "from": "2024-11-16T05:30:00.000Z",
      "to": "2024-11-16T07:00:00.000Z",
      "id": "8c9ce349c138964de2e5b4d028c9df44"
    },
    {
      "date": "Le mardi 12 novembre 2024 de  09:00:00 à  13:00:00",
      "streets": "BEACH LANE MORC CHETTY PEREBERE",
      "from": "2024-11-12T05:00:00.000Z",
      "to": "2024-11-12T09:00:00.000Z",
      "id": "c9d7a13980312cd68467f9b990456d94"
    },
    {
      "date": "Le mardi 15 octobre 2024 de  15:00:00 à  16:15:00",
      "streets": "Ave Macoumba, une partie de Pereybere et Bain Boeuf",
      "from": "2024-10-15T11:00:00.000Z",
      "to": "2024-10-15T12:15:00.000Z",
      "id": "78c0201142c4f76f3ce46fdb852f5222"
    },
    {
      "date": "Le samedi 5 octobre 2024 de  09:00:00 à  14:00:00",
      "streets": "CHEMIN VINGT PIED PEREYBERE",
      "from": "2024-10-05T05:00:00.000Z",
      "to": "2024-10-05T10:00:00.000Z",
      "id": "54e27c4e83a6da07368c458dcae80a2b"
    },
    {
      "date": "Le mardi 1 octobre 2024 de  09:30:00 à  14:00:00",
      "streets": "PEREYBERE",
      "from": "2024-10-01T05:30:00.000Z",
      "to": "2024-10-01T10:00:00.000Z",
      "id": "991426562ac6ee630aed4f348505adaf"
    },
    {
      "date": "Le samedi 24 août 2024 de  10:00:00 à  14:00:00",
      "streets": "CHEMIN 20 PIEDS PEREYBERE",
      "from": "2024-08-24T06:00:00.000Z",
      "to": "2024-08-24T10:00:00.000Z",
      "id": "0e3b45f318f42c6ad1277b7796c83c35"
    },
    {
      "date": "Le mercredi 21 août 2024 de  09:50:00 à  16:00:00",
      "streets": "Residences AO,Key Rock et les environs",
      "from": "2024-08-21T05:50:00.000Z",
      "to": "2024-08-21T12:00:00.000Z",
      "id": "e998de92d77c033573b4cbfb1d0711c4"
    },
    {
      "date": "Le vendredi 2 août 2024 de  08:30:00 à  15:30:00",
      "streets": "dans les environs de Morc Swan et Coastal Rd",
      "from": "2024-08-02T04:30:00.000Z",
      "to": "2024-08-02T11:30:00.000Z",
      "id": "37ac06c42c47591db6a3998b0310c565"
    },
    {
      "date": "Le samedi 15 juin 2024 de  08:30:00 à  13:00:00",
      "streets": "dans les environs de Coastal Road, Pereybere",
      "from": "2024-06-15T04:30:00.000Z",
      "to": "2024-06-15T09:00:00.000Z",
      "id": "f1e4b6b1d33706be1c98c98d08f99096"
    },
    {
      "date": "Le vendredi 7 juin 2024 de  02:00:00 à  10:00:00",
      "streets": "CHEMIN 20 PIEDS LA MARE RONDE PEREYBERE",
      "from": "2024-06-06T22:00:00.000Z",
      "to": "2024-06-06T06:00:00.000Z",
      "id": "84dfe4ebbc54422c6a176a769a5a862a"
    },
    {
      "date": "Le dimanche 2 juin 2024 de  08:30:00 à  15:30:00",
      "streets": "dans les environs de Chemin Vingt Pieds, Old Mill Rd, Morc Swan, Les Flammants, Coastal Road et Mon Oreb",
      "from": "2024-06-02T04:30:00.000Z",
      "to": "2024-06-02T11:30:00.000Z",
      "id": "f625ac075bfa57a43b205d732c67a549"
    },
    {
      "date": "Le mardi 30 avril 2024 de  09:20:00 à  13:00:00",
      "streets": "MORC SWAN ET COASTAL ROAD, PEREYBERE.",
      "from": "2024-04-30T05:20:00.000Z",
      "to": "2024-04-30T09:00:00.000Z",
      "id": "a174bf5fe43750804b69ba85893577e8"
    },
    {
      "date": "Le mercredi 10 avril 2024 de  07:00:00 à  11:00:00",
      "streets": "Le village de Pereybere",
      "from": "2024-04-10T03:00:00.000Z",
      "to": "2024-04-10T07:00:00.000Z",
      "id": "8f0846561305c99856afbd7cfa2b8a11"
    },
    {
      "date": "Le samedi 6 avril 2024 de  08:15:00 à  13:00:00",
      "streets": "CHEMIN 20PIEDS PEREBERE",
      "from": "2024-04-06T04:15:00.000Z",
      "to": "2024-04-06T09:00:00.000Z",
      "id": "bc59000167d4332548d913d7ac35272c"
    },
    {
      "date": "Le jeudi 4 avril 2024 de  08:30:00 à  16:00:00",
      "streets": "dans les environs de Coastal road, Les Flammants, Pte DAzur et Winners Pereybere",
      "from": "2024-04-04T04:30:00.000Z",
      "to": "2024-04-04T12:00:00.000Z",
      "id": "91e27c6519b82d74e982cd1f8c9badd2"
    },
    {
      "date": "Le mardi 26 mars 2024 de  09:25:00 à  10:30:00",
      "streets": "Coastal Road Near Vieux Moulin",
      "from": "2024-03-26T05:25:00.000Z",
      "to": "2024-03-26T06:30:00.000Z",
      "id": "c405fa77c380b529bc5fb85b96988baf"
    },
    {
      "date": "Le mercredi 28 février 2024 de  09:45:00 à  12:00:00",
      "streets": "MORC SWAN PEREYBERE",
      "from": "2024-02-28T05:45:00.000Z",
      "to": "2024-02-28T08:00:00.000Z",
      "id": "318949438549240dbe7f62481e2b1f73"
    },
    {
      "date": "Le samedi 3 février 2024 de  08:30:00 à  15:30:00",
      "streets": "dans les environs de Paradizo rd, Old Mill rd, Hibiscus Hotel et Eden Rock rd",
      "from": "2024-02-03T04:30:00.000Z",
      "to": "2024-02-03T11:30:00.000Z",
      "id": "cec56fd2bb68ee62ffb84913eb9f87c4"
    },
    {
      "date": "Le lundi 29 janvier 2024 de  07:00:00 à  11:00:00",
      "streets": "PEREYBERE",
      "from": "2024-01-29T03:00:00.000Z",
      "to": "2024-01-29T07:00:00.000Z",
      "id": "5f87a1c0e2a5b24219ae41fbda5c7f54"
    },
    {
      "date": "Le lundi 22 janvier 2024 de  18:00:00 à  00:00:00",
      "streets": "PEREYBERE",
      "from": "2024-01-22T14:00:00.000Z",
      "to": "2024-01-21T20:00:00.000Z",
      "id": "961895b1d8d9582fe382e9d1f3a2cc24"
    },
    {
      "date": "Le samedi 20 janvier 2024 de  06:00:00 à  12:00:00",
      "streets": "COASTAL ROAD, POINTE DAZUR LANE PEREYBERE,LE FLAMANTS",
      "from": "2024-01-20T02:00:00.000Z",
      "to": "2024-01-20T08:00:00.000Z",
      "id": "b626dcb8027f343da70b7388d21689c7"
    },
    {
      "date": "Le dimanche 14 janvier 2024 de  10:15:00 à  11:15:00",
      "streets": "OLD MILL ROAD PEREYBERE",
      "from": "2024-01-14T06:15:00.000Z",
      "to": "2024-01-14T07:15:00.000Z",
      "id": "6a4721c962af0504bf88e7cc8ee097d3"
    },
    {
      "date": "Le mercredi 10 janvier 2024 de  16:25:00 à  18:00:00",
      "streets": "COASTAL ROAD PEREYBERE DANS LES ENVIRONS DE LUX HOTEL",
      "from": "2024-01-10T12:25:00.000Z",
      "to": "2024-01-10T14:00:00.000Z",
      "id": "5090d32fa5a3b24f085472804071d4e2"
    },
    {
      "date": "Le vendredi 22 décembre 2023 de  16:15:00 à  18:00:00",
      "streets": "RESIDENCE PINE VILLA, VILLA GARDEN",
      "from": "2023-12-22T12:15:00.000Z",
      "to": "2023-12-22T14:00:00.000Z",
      "id": "e4d2230922fd3ff66d6a7b22258b06da"
    },
    {
      "date": "Le samedi 9 décembre 2023 de  10:30:00 à  14:00:00",
      "streets": "LE FLAMMANMT ROAD AND SURROUNDINGS",
      "from": "2023-12-09T06:30:00.000Z",
      "to": "2023-12-09T10:00:00.000Z",
      "id": "28ca0b67109c8c157d7c23b8692a1ff8"
    },
    {
      "date": "Le samedi 2 décembre 2023 de  12:00:00 à  17:00:00",
      "streets": "PTE AZUR PEREYBERE",
      "from": "2023-12-02T08:00:00.000Z",
      "to": "2023-12-02T13:00:00.000Z",
      "id": "f6eda3b784caa54c7eafe3f81b5526da"
    },
    {
      "date": "Le vendredi 27 octobre 2023 de  10:45:00 à  12:00:00",
      "streets": "OLD MILL ROAD",
      "from": "2023-10-27T06:45:00.000Z",
      "to": "2023-10-27T08:00:00.000Z",
      "id": "0e0148450c3552e408aad9607bac8b01"
    },
    {
      "date": "Le samedi 21 octobre 2023 de  09:00:00 à  15:30:00",
      "streets": "LE VILLAGE DE PEREYBERE",
      "from": "2023-10-21T05:00:00.000Z",
      "to": "2023-10-21T11:30:00.000Z",
      "id": "cf597f736c7ee34ef844c56c30c61a71"
    },
    {
      "date": "Le samedi 7 octobre 2023 de  08:30:00 à  15:30:00",
      "streets": "dans les environs de Morc Swan et Coastal road",
      "from": "2023-10-07T04:30:00.000Z",
      "to": "2023-10-07T11:30:00.000Z",
      "id": "ef8065b44f21b4333c72ac0ea2a2f9d4"
    },
    {
      "date": "Le jeudi 5 octobre 2023 de  09:00:00 à  09:45:00",
      "streets": "ROYAL RD MORC SWAN PEREYBERE.",
      "from": "2023-10-05T05:00:00.000Z",
      "to": "2023-10-05T05:45:00.000Z",
      "id": "63f2fe8447fe12c161889881d40d45d3"
    },
    {
      "date": "Le jeudi 14 septembre 2023 de  18:15:00 à  00:00:00",
      "streets": "PEREYBERE,BAIN BOEUF,CAP MALHEUREUX AND NEARBY ISOLATED REGIONS",
      "from": "2023-09-14T14:15:00.000Z",
      "to": "2023-09-13T20:00:00.000Z",
      "id": "9eaed173bbe35846e9b5b4f142e588c3"
    },
    {
      "date": "Le samedi 2 septembre 2023 de  08:30:00 à  15:30:00",
      "streets": "dans les environs de Mont Oreb, Les Flammants, Morc Swan,Morc Chetty et Swan Properties",
      "from": "2023-09-02T04:30:00.000Z",
      "to": "2023-09-02T11:30:00.000Z",
      "id": "b1a13b59a78710d588f6d64418a9349b"
    },
    {
      "date": "Le mercredi 9 août 2023 de  09:00:00 à  14:00:00",
      "streets": "LES ABONNES HABITANT LA ROUTE COTIERE DE PEREYBERE  DANS LES ENVIRONS DE EDEN ROCK",
      "from": "2023-08-09T05:00:00.000Z",
      "to": "2023-08-09T10:00:00.000Z",
      "id": "d811262251c224c0f06cf7c470173032"
    },
    {
      "date": "Le samedi 15 juillet 2023 de  08:30:00 à  15:30:00",
      "streets": "dans les environs de Morc Swan, Résidence Le Cygne, Complex Catania, Pink Moon and Résidence AO et Coastal Road",
      "from": "2023-07-15T04:30:00.000Z",
      "to": "2023-07-15T11:30:00.000Z",
      "id": "71619ab0a13323e1b937c42c594fdbfb"
    },
    {
      "date": "Le vendredi 14 juillet 2023 de  08:30:00 à  15:30:00",
      "streets": "dans les environs de Great VNC, Varcity, Aviation Civile, Bagranti, Residences Hurrangee et dUrban Gym",
      "from": "2023-07-14T04:30:00.000Z",
      "to": "2023-07-14T11:30:00.000Z",
      "id": "60feb5700f0c0ebbd132db29a8bb2d2f"
    },
    {
      "date": "Le samedi 1 juillet 2023 de  08:30:00 à  15:30:00",
      "streets": "dans les environs de vingt pieds road",
      "from": "2023-07-01T04:30:00.000Z",
      "to": "2023-07-01T11:30:00.000Z",
      "id": "843b7cb58fb7f6a1f2c6c2007b07df6d"
    },
    {
      "date": "Le jeudi 29 juin 2023 de  10:00:00 à  15:00:00",
      "streets": "CHEMIN VIEUX MOULIN CASSEE PEREYBERE",
      "from": "2023-06-29T06:00:00.000Z",
      "to": "2023-06-29T11:00:00.000Z",
      "id": "71c39ee8ac540143d4fb285b0b371ba1"
    },
    {
      "date": "Le mardi 20 juin 2023 de  13:00:00 à  14:00:00",
      "streets": "CHEMIN LES FLAMMANTS PEREYBERE.",
      "from": "2023-06-20T09:00:00.000Z",
      "to": "2023-06-20T10:00:00.000Z",
      "id": "c575e8665e97203b31cd33bcb92bff4f"
    },
    {
      "date": "Le mardi 20 juin 2023 de  09:00:00 à  13:00:00",
      "streets": "LES FLAMMANTS",
      "from": "2023-06-20T05:00:00.000Z",
      "to": "2023-06-20T09:00:00.000Z",
      "id": "525a4011f558a4dfe69bac26dfc3a5ea"
    },
    {
      "date": "Le mardi 20 juin 2023 de  08:30:00 à  15:30:00",
      "streets": "dans les environs de Mare Seche",
      "from": "2023-06-20T04:30:00.000Z",
      "to": "2023-06-20T11:30:00.000Z",
      "id": "1b7e846d033cabdd376d0a8a9e233d98"
    },
    {
      "date": "Le samedi 10 juin 2023 de  08:30:00 à  14:30:00",
      "streets": "dans les environs dAviation civile et Urban Gym",
      "from": "2023-06-10T04:30:00.000Z",
      "to": "2023-06-10T10:30:00.000Z",
      "id": "1a7ff4a7db0d1084169041bc4651f67d"
    },
    {
      "date": "Le dimanche 4 juin 2023 de  08:00:00 à  15:00:00",
      "streets": "LES ABONNES HABITANT ROUTE COTIERE PEREYBERE",
      "from": "2023-06-04T04:00:00.000Z",
      "to": "2023-06-04T11:00:00.000Z",
      "id": "30335e92dba4e52fdd0fe414d1b0fb8a"
    },
    {
      "date": "Le samedi 3 juin 2023 de  08:30:00 à  15:30:00",
      "streets": "dans les environs de Morc Norrland et Morc Jeannot.",
      "from": "2023-06-03T04:30:00.000Z",
      "to": "2023-06-03T11:30:00.000Z",
      "id": "249866c3e7c0dd312ff00ed2dc074150"
    },
    {
      "date": "Le vendredi 26 mai 2023 de  08:30:00 à  15:00:00",
      "streets": "Dans les environs de Coastal road Pereybere",
      "from": "2023-05-26T04:30:00.000Z",
      "to": "2023-05-26T11:00:00.000Z",
      "id": "46157ef9f170d903b5d0680041ce687f"
    },
    {
      "date": "Le samedi 13 mai 2023 de  08:30:00 à  15:30:00",
      "streets": "DANS LES ENVIRONS DE MORC JANEAU",
      "from": "2023-05-13T04:30:00.000Z",
      "to": "2023-05-13T11:30:00.000Z",
      "id": "9c7043e78064afa63ea4f53c017d1c9e"
    },
    {
      "date": "Le jeudi 27 avril 2023 de  11:15:00 à  12:30:00",
      "streets": "OLD MILL ROAD",
      "from": "2023-04-27T07:15:00.000Z",
      "to": "2023-04-27T08:30:00.000Z",
      "id": "e258a4ba36497dd177544f094e313adc"
    },
    {
      "date": "Le lundi 10 avril 2023 de  21:00:00 à  00:30:00",
      "streets": "COASTAL ROAD PEREYBERE",
      "from": "2023-04-10T17:00:00.000Z",
      "to": "2023-04-09T20:30:00.000Z",
      "id": "0d1e21250936411df9fe2afb64de01d8"
    },
    {
      "date": "Le mardi 28 mars 2023 de  10:45:00 à  13:45:00",
      "streets": "LES ABONNES DE MORC SEEBOO CHEMIN VINT PIED PEREYBERE.",
      "from": "2023-03-28T06:45:00.000Z",
      "to": "2023-03-28T09:45:00.000Z",
      "id": "f3b57b44f52540edc64f38ca689497d6"
    },
    {
      "date": "Le vendredi 17 mars 2023 de  09:00:00 à  15:30:00",
      "streets": "dans les environs de Pointe Azur, WINNERS et Coastal road",
      "from": "2023-03-17T05:00:00.000Z",
      "to": "2023-03-17T11:30:00.000Z",
      "id": "d14c8af5e634fc7329a8f66cedc30476"
    },
    {
      "date": "Le dimanche 26 février 2023 de  09:00:00 à  14:30:00",
      "streets": "dans les environs dAviation Civile et Urban Gym",
      "from": "2023-02-26T05:00:00.000Z",
      "to": "2023-02-26T10:30:00.000Z",
      "id": "337ebc17a86b5b99aa9ea75112c48b43"
    },
    {
      "date": "Le mercredi 4 janvier 2023 de  09:45:00 à  11:00:00",
      "streets": "MORC SWAN NEAR LES CYGNES,EDEN COURT",
      "from": "2023-01-04T05:45:00.000Z",
      "to": "2023-01-04T07:00:00.000Z",
      "id": "b74c24b34f67d79369a9b8fe626abab6"
    },
    {
      "date": "Le mardi 27 décembre 2022 de  08:30:00 à  14:00:00",
      "streets": "ENVIRONS MORC SWAN ET EDEN COVE",
      "from": "2022-12-27T04:30:00.000Z",
      "to": "2022-12-27T10:00:00.000Z",
      "id": "1ea3470d77c440dbfa2bc79ca05edb09"
    },
    {
      "date": "Le dimanche 16 octobre 2022 de  08:30:00 à  15:30:00",
      "streets": "dans les environs de Coastal road Pereybere",
      "from": "2022-10-16T04:30:00.000Z",
      "to": "2022-10-16T11:30:00.000Z",
      "id": "8717642c544641ee0f6130bdd5726079"
    },
    {
      "date": "Le dimanche 18 septembre 2022 de  08:30:00 à  15:30:00",
      "streets": "dans les environs de Pereybere, Mon Mascal et Petit Raffray",
      "from": "2022-09-18T04:30:00.000Z",
      "to": "2022-09-18T11:30:00.000Z",
      "id": "1a6a353030d4dd561c1c5fef345b3935"
    },
    {
      "date": "Le dimanche 21 août 2022 de  08:30:00 à  16:30:00",
      "streets": "LES ABONNES HABITANT PEREYBERE DANS LES ENVIRONS DE LA ROUTE COTIERE, MORC  CHETTY, BEACH LANE, MONT OREB LANE, POINT DAZUR,LES FLAMMANTS ROAD ET OLDMILL ROAD",
      "from": "2022-08-21T04:30:00.000Z",
      "to": "2022-08-21T12:30:00.000Z",
      "id": "a9e67b4f2074380fed8b121b1d40e67e"
    },
    {
      "date": "Le mercredi 20 juillet 2022 de  08:30:00 à  13:30:00",
      "streets": "dans les environs de Winners et Pointe DAzur",
      "from": "2022-07-20T04:30:00.000Z",
      "to": "2022-07-20T09:30:00.000Z",
      "id": "35c6acee2b7289d6ca7c9b85bb22ac89"
    },
    {
      "date": "Le jeudi 7 juillet 2022 de  09:30:00 à  15:30:00",
      "streets": "LES FLAMMANTS AND NEIGHBOURHOOD",
      "from": "2022-07-07T05:30:00.000Z",
      "to": "2022-07-07T11:30:00.000Z",
      "id": "fa9ab03bbc01130a0d3c213b6682f70c"
    },
    {
      "date": "Le dimanche 19 juin 2022 de  08:00:00 à  16:00:00",
      "streets": "Vingt Pieds Road, Old Mill Road,Pointe dAzur, Morc Swan and Les Flamants",
      "from": "2022-06-19T04:00:00.000Z",
      "to": "2022-06-19T12:00:00.000Z",
      "id": "ad3328346372491aad1ff602b320fbb0"
    },
    {
      "date": "Le samedi 18 juin 2022 de  08:30:00 à  14:30:00",
      "streets": "Morc Rampal and Part Vingt Pieds Road",
      "from": "2022-06-18T04:30:00.000Z",
      "to": "2022-06-18T10:30:00.000Z",
      "id": "e00428081eb6d85070d69fcb055573b8"
    },
    {
      "date": "Le lundi 13 juin 2022 de  14:45:00 à  17:00:00",
      "streets": "BALI RD PEREYBERE",
      "from": "2022-06-13T10:45:00.000Z",
      "to": "2022-06-13T13:00:00.000Z",
      "id": "578894401f376d835e5c371c003df760"
    },
    {
      "date": "Le samedi 11 juin 2022 de  08:30:00 à  15:30:00",
      "streets": "dans les environs de vingt pieds rd et Domaine Alizées",
      "from": "2022-06-11T04:30:00.000Z",
      "to": "2022-06-11T11:30:00.000Z",
      "id": "57a49656dafc59ea89cbbd36a46d8872"
    },
    {
      "date": "Le lundi 30 mai 2022 de  09:00:00 à  13:00:00",
      "streets": "CASA FLORIDA PEREBERE",
      "from": "2022-05-30T05:00:00.000Z",
      "to": "2022-05-30T09:00:00.000Z",
      "id": "a1b67b8a53549b6df8d0bb18c1791c3c"
    },
    {
      "date": "Le samedi 28 mai 2022 de  08:30:00 à  14:30:00",
      "streets": "LES ABONNES HABITANT LES FLAMMANTS PEREYBERE DANS LES ENVIRONS DES RUES MUGUETS ET LOISEAU DE PARADIS",
      "from": "2022-05-28T04:30:00.000Z",
      "to": "2022-05-28T10:30:00.000Z",
      "id": "fb12d5d71126df966f6a92bc1ebba162"
    },
    {
      "date": "Le vendredi 25 mars 2022 de  08:30:00 à  15:00:00",
      "streets": "dans les environs de Mare Seche, Casasolla II et Mon Mascal",
      "from": "2022-03-25T04:30:00.000Z",
      "to": "2022-03-25T11:00:00.000Z",
      "id": "839046bc1353f920e783d18dad59a237"
    }
  ]
}