{
  "slug": "petite-julie",
  "name": "PETITE JULIE",
  "district": "pamplemousses",
  "generated": "2026-02-07T18:02:14.326Z",
  "outageCount": 8,
  "firstOutage": "2022-07-23",
  "lastOutage": "2025-12-23",
  "outages": [
    {
      "date": "Le mardi 23 décembre 2025 de  09:30:00 à  15:30:00",
      "streets": "Dans les environs de Manilall road",
      "from": "2025-12-23T05:30:00.000Z",
      "to": "2025-12-23T11:30:00.000Z",
      "id": "86d4f920daef477e8cec0671bc76c98a"
    },
    {
      "date": "Le jeudi 11 décembre 2025 de  09:30:00 à  16:00:00",
      "streets": "DANS LES ENVIRONS DE MANILALL ROAD",
      "from": "2025-12-11T05:30:00.000Z",
      "to": "2025-12-11T12:00:00.000Z",
      "id": "e5a12905f7c6cb4e6063421249362cb7"
    },
    {
      "date": "Le jeudi 20 novembre 2025 de  13:00:00 à  18:00:00",
      "streets": "PETITE JULIE",
      "from": "2025-11-20T09:00:00.000Z",
      "to": "2025-11-20T14:00:00.000Z",
      "id": "724418d898f8b26f05c57ad1ae2002d2"
    },
    {
      "date": "Le samedi 19 juillet 2025 de  03:00:00 à  08:00:00",
      "streets": "MORC VRS PETITE JULIE",
      "from": "2025-07-18T23:00:00.000Z",
      "to": "2025-07-18T04:00:00.000Z",
      "id": "458942e096a17019554f7ac4d70f4299"
    },
    {
      "date": "Le samedi 21 décembre 2024 de  10:20:00 à  12:30:00",
      "streets": "NEAR FOOTBALL GROUND AND SURROUNDINDS",
      "from": "2024-12-21T06:20:00.000Z",
      "to": "2024-12-21T08:30:00.000Z",
      "id": "062c60657f5743c5b6ee11894654eec8"
    },
    {
      "date": "Le mercredi 11 décembre 2024 de  08:30:00 à  15:00:00",
      "streets": "PETITE JULIE, DOMAINE ROSALIE, VILLE BAGUE AND LA NICOLIERE",
      "from": "2024-12-11T04:30:00.000Z",
      "to": "2024-12-11T11:00:00.000Z",
      "id": "445798d40a04758620cce6ae62749d44"
    },
    {
      "date": "Le vendredi 9 décembre 2022 de  08:30:00 à  15:30:00",
      "streets": "Les abonnés habitant Petite Julie et La Croisée Nicoliere",
      "from": "2022-12-09T04:30:00.000Z",
      "to": "2022-12-09T11:30:00.000Z",
      "id": "aaf7d355df4123b31216e958e4519245"
    },
    {
      "date": "Le samedi 23 juillet 2022 de  08:30:00 à  12:00:00",
      "streets": "PETITE JULIE",
      "from": "2022-07-23T04:30:00.000Z",
      "to": "2022-07-23T08:00:00.000Z",
      "id": "7be897088cf45cbf4b12188dbf73187b"
    }
  ]
}