{
  "slug": "petit-paquet",
  "name": "PETIT PAQUET",
  "district": "flacq",
  "generated": "2026-01-01T10:01:06.004Z",
  "outageCount": 12,
  "firstOutage": "2022-05-15",
  "lastOutage": "2025-12-17",
  "outages": [
    {
      "date": "Le mercredi 17 décembre 2025 de  11:00:00 à  14:00:00",
      "streets": "le village de Petit Paquet",
      "from": "2025-12-17T07:00:00.000Z",
      "to": "2025-12-17T10:00:00.000Z",
      "id": "3663bf9560ac04abca4cd5e5ddee3f2d"
    },
    {
      "date": "Le lundi 18 novembre 2024 de  11:25:00 à  12:00:00",
      "streets": "MOSQUE RD ET LES ALENTOURS",
      "from": "2024-11-18T07:25:00.000Z",
      "to": "2024-11-18T08:00:00.000Z",
      "id": "35df19431ac3ba367cd9705ae25ab3f4"
    },
    {
      "date": "Le vendredi 9 août 2024 de  08:00:00 à  11:00:00",
      "streets": "VICINITY OF MOSQUE",
      "from": "2024-08-09T04:00:00.000Z",
      "to": "2024-08-09T07:00:00.000Z",
      "id": "d6b835812ea2078b7524d83cf6883c5b"
    },
    {
      "date": "Le jeudi 1 août 2024 de  09:00:00 à  12:00:00",
      "streets": "Une partie de village Petit Paquet, Belle Etang et un e partie de Pellegrin",
      "from": "2024-08-01T05:00:00.000Z",
      "to": "2024-08-01T08:00:00.000Z",
      "id": "417407bba4836dd9e3e712e94ef555a1"
    },
    {
      "date": "Le mardi 21 mai 2024 de  10:30:00 à  12:00:00",
      "streets": "PART OF PETIT PAQUET",
      "from": "2024-05-21T06:30:00.000Z",
      "to": "2024-05-21T08:00:00.000Z",
      "id": "b5869c82c6ba2f0ce7482c770cb241a8"
    },
    {
      "date": "Le lundi 22 avril 2024 de  09:00:00 à  15:00:00",
      "streets": "Petit Paquet Road near Mosque",
      "from": "2024-04-22T05:00:00.000Z",
      "to": "2024-04-22T11:00:00.000Z",
      "id": "160868acf1ef8598d0551ddd37c7472f"
    },
    {
      "date": "Le samedi 9 mars 2024 de  09:00:00 à  15:00:00",
      "streets": "Petit Paquet et une partie de Pellegrin",
      "from": "2024-03-09T05:00:00.000Z",
      "to": "2024-03-09T11:00:00.000Z",
      "id": "ecd7a51e83e4f1336e51a697701bb91d"
    },
    {
      "date": "Le jeudi 7 mars 2024 de  09:00:00 à  15:00:00",
      "streets": "Petit Paquet et une partie de Pellegrin",
      "from": "2024-03-07T05:00:00.000Z",
      "to": "2024-03-07T11:00:00.000Z",
      "id": "353fd60d3831f875dd5f3d00419acdec"
    },
    {
      "date": "Le samedi 27 janvier 2024 de  13:00:00 à  18:00:00",
      "streets": "Petit Paquet et Pellegrin",
      "from": "2024-01-27T09:00:00.000Z",
      "to": "2024-01-27T14:00:00.000Z",
      "id": "d6a4373cb72d1cddb486ad2f5bfd7fdc"
    },
    {
      "date": "Le samedi 27 janvier 2024 de  11:20:00 à  13:00:00",
      "streets": "POULTRY",
      "from": "2024-01-27T07:20:00.000Z",
      "to": "2024-01-27T09:00:00.000Z",
      "id": "39890bafe04ba5622bd9134859efc87c"
    },
    {
      "date": "Le dimanche 28 août 2022 de  08:30:00 à  16:00:00",
      "streets": "Les abonnés du village de Petit Paquet",
      "from": "2022-08-28T04:30:00.000Z",
      "to": "2022-08-28T12:00:00.000Z",
      "id": "d1e88e7d3f33b838f44fb1d604f1289b"
    },
    {
      "date": "Le dimanche 15 mai 2022 de  09:00:00 à  16:00:00",
      "streets": "Les abonnés des villages de Petit Paquet et de Pellegrin",
      "from": "2022-05-15T05:00:00.000Z",
      "to": "2022-05-15T12:00:00.000Z",
      "id": "b41e36cb978e84000b1ddec83a182016"
    }
  ]
}