{
  "slug": "pointe-aux-canonniers",
  "name": "POINTE AUX CANONNIERS",
  "district": "rivieredurempart",
  "generated": "2026-01-03T09:00:57.996Z",
  "outageCount": 45,
  "firstOutage": "2022-04-15",
  "lastOutage": "2025-12-25",
  "outages": [
    {
      "date": "Le jeudi 25 décembre 2025 de  16:00:00 à  23:00:00",
      "streets": "REGION POINTE AUX CANNONIER",
      "from": "2025-12-25T12:00:00.000Z",
      "to": "2025-12-25T19:00:00.000Z",
      "id": "21f8fce44b5f9475c4aca4031e4c1c53"
    },
    {
      "date": "Le mercredi 3 décembre 2025 de  09:30:00 à  10:30:00",
      "streets": "LA RUE LAURIER/HIBISCUS",
      "from": "2025-12-03T05:30:00.000Z",
      "to": "2025-12-03T06:30:00.000Z",
      "id": "fda464ec8e9bea60b9539e406878a23e"
    },
    {
      "date": "Le mercredi 19 novembre 2025 de  09:30:00 à  11:30:00",
      "streets": "MORC A TOUCHER PATISSERIE LE FOURNIL",
      "from": "2025-11-19T05:30:00.000Z",
      "to": "2025-11-19T07:30:00.000Z",
      "id": "8740227722d4ca0394e3587091512434"
    },
    {
      "date": "Le dimanche 26 octobre 2025 de  08:00:00 à  14:00:00",
      "streets": "CASSE GOON CHEMIN RAMJUTTUN POINTES AUX CANONIERS",
      "from": "2025-10-26T04:00:00.000Z",
      "to": "2025-10-26T10:00:00.000Z",
      "id": "a5746eb02d985c2159cebd1c29fc8b8f"
    },
    {
      "date": "Le mardi 7 octobre 2025 de  16:30:00 à  17:30:00",
      "streets": "NEARBY CLUB MED",
      "from": "2025-10-07T12:30:00.000Z",
      "to": "2025-10-07T13:30:00.000Z",
      "id": "285117e9b211317aaa291731cb647b12"
    },
    {
      "date": "Le lundi 6 octobre 2025 de  15:00:00 à  18:30:00",
      "streets": "ENTIERE REGION DE POINTE AUX CANNONIERS",
      "from": "2025-10-06T11:00:00.000Z",
      "to": "2025-10-06T14:30:00.000Z",
      "id": "01d301c7c0fd6868ec75b32a8bd4864e"
    },
    {
      "date": "Le mercredi 1 octobre 2025 de  15:30:00 à  17:30:00",
      "streets": "WHOLE AREA OF POINTE AUX CANNONIERS",
      "from": "2025-10-01T11:30:00.000Z",
      "to": "2025-10-01T13:30:00.000Z",
      "id": "608b697bff8a82a49d75004898dc6759"
    },
    {
      "date": "Le mercredi 20 août 2025 de  10:30:00 à  12:00:00",
      "streets": "AVE LAURIERS POINTE AUX CANONNIERS",
      "from": "2025-08-20T06:30:00.000Z",
      "to": "2025-08-20T08:00:00.000Z",
      "id": "6a722179e99ca2a9960f97d1c9ebbba6"
    },
    {
      "date": "Le jeudi 31 juillet 2025 de  09:00:00 à  15:00:00",
      "streets": "POINTE AUX CANNONIERS, MORCELLEMENT RAFFRAY ET DANS LES ENVIRONS LE FOURNILLE",
      "from": "2025-07-31T05:00:00.000Z",
      "to": "2025-07-31T11:00:00.000Z",
      "id": "7604f937761f8018d88b83db19c4c143"
    },
    {
      "date": "Le lundi 6 janvier 2025 de  09:45:00 à  10:45:00",
      "streets": "LAURIERS STREET ET LES ALENTOURS",
      "from": "2025-01-06T05:45:00.000Z",
      "to": "2025-01-06T06:45:00.000Z",
      "id": "194d1f276adc571526d3faa2d8070eca"
    },
    {
      "date": "Le vendredi 27 décembre 2024 de  14:00:00 à  20:00:00",
      "streets": "MORC RAFFRAY POINTES AUX CANONNIERS",
      "from": "2024-12-27T10:00:00.000Z",
      "to": "2024-12-27T16:00:00.000Z",
      "id": "23701605d1b412a290f354bbddad052d"
    },
    {
      "date": "Le mardi 8 octobre 2024 de  09:00:00 à  17:00:00",
      "streets": "ROYAL ROAD POINTE AUX CANNONIERS, COASTAL ROAD POINTE AUX CANNONIERS, MONT CHOISY, LA COLLINE ROAD CASSE GOON",
      "from": "2024-10-08T05:00:00.000Z",
      "to": "2024-10-08T13:00:00.000Z",
      "id": "200d7a06ab9c4cdcfdc8c428b859fe55"
    },
    {
      "date": "Le vendredi 27 septembre 2024 de  08:30:00 à  15:30:00",
      "streets": "CASE GOON ROAD AND COASTAL ROAD, POINTE AUX CANNONIERS",
      "from": "2024-09-27T04:30:00.000Z",
      "to": "2024-09-27T11:30:00.000Z",
      "id": "fd3e79e7b24d539f5239e2e9491ccded"
    },
    {
      "date": "Le lundi 19 août 2024 de  15:30:00 à  17:30:00",
      "streets": "REGION SURROUNDING CLUBMED",
      "from": "2024-08-19T11:30:00.000Z",
      "to": "2024-08-19T13:30:00.000Z",
      "id": "efd18a490c124d4475bafb9ced0e3e5e"
    },
    {
      "date": "Le mardi 16 juillet 2024 de  09:45:00 à  13:00:00",
      "streets": "CANOT POINT VILLA",
      "from": "2024-07-16T05:45:00.000Z",
      "to": "2024-07-16T09:00:00.000Z",
      "id": "3e54b937f38a49999be37d8b63e94e49"
    },
    {
      "date": "Le dimanche 16 juin 2024 de  08:30:00 à  14:00:00",
      "streets": "Kapu Kai, Morc Raffray et Casse Ghoon",
      "from": "2024-06-16T04:30:00.000Z",
      "to": "2024-06-16T10:00:00.000Z",
      "id": "089328209ccd8cbbacb4db2c1ed5efc0"
    },
    {
      "date": "Le samedi 27 avril 2024 de  08:30:00 à  15:00:00",
      "streets": "dans les environs de La Colline Road",
      "from": "2024-04-27T04:30:00.000Z",
      "to": "2024-04-27T11:00:00.000Z",
      "id": "fb8d4ea3c26b7d195d3325778f9ba61e"
    },
    {
      "date": "Le samedi 9 mars 2024 de  08:40:00 à  10:30:00",
      "streets": "CHEMIN JASMIN, CHEMIN LORYER ET LES ALENTOURS",
      "from": "2024-03-09T04:40:00.000Z",
      "to": "2024-03-09T06:30:00.000Z",
      "id": "5ae3561e14afcd47dd12e0c4d2291c35"
    },
    {
      "date": "Le mardi 19 décembre 2023 de  10:30:00 à  12:30:00",
      "streets": "Environs Les Enfants Terribles & Boulangerie Le Fournil",
      "from": "2023-12-19T06:30:00.000Z",
      "to": "2023-12-19T08:30:00.000Z",
      "id": "94c82c955e47090e7bd2048de23d6668"
    },
    {
      "date": "Le lundi 13 novembre 2023 de  10:15:00 à  12:15:00",
      "streets": "POINTE AUX CANNONIERS, PART OF GRAND BAIE, MONT CHOISY, PART OF TROU AUX BICHES",
      "from": "2023-11-13T06:15:00.000Z",
      "to": "2023-11-13T08:15:00.000Z",
      "id": "e8b44f8c81c2ad7b02ce7a636bf969f4"
    },
    {
      "date": "Le mercredi 6 septembre 2023 de  13:15:00 à  15:30:00",
      "streets": "X-CLUB ROAD, POINTE AUX CANONNIERS.",
      "from": "2023-09-06T09:15:00.000Z",
      "to": "2023-09-06T11:30:00.000Z",
      "id": "4db48fd6013d15999aee453fda9fb774"
    },
    {
      "date": "Le samedi 12 août 2023 de  09:00:00 à  14:00:00",
      "streets": "LES ABONNES HABITANT  POINTE AUX CANONNIERS DANS LES ENVIRONS DE AVENUE LAURIERS",
      "from": "2023-08-12T05:00:00.000Z",
      "to": "2023-08-12T10:00:00.000Z",
      "id": "d247dfb518b85ba5b2cf2039c5160d05"
    },
    {
      "date": "Le dimanche 30 juillet 2023 de  08:30:00 à  15:30:00",
      "streets": "dans les environs de Pointe aux Cannoniers",
      "from": "2023-07-30T04:30:00.000Z",
      "to": "2023-07-30T11:30:00.000Z",
      "id": "388238af3769b210cbdcf49521ceec4a"
    },
    {
      "date": "Le jeudi 20 juillet 2023 de  09:30:00 à  14:30:00",
      "streets": "casse ghoon street-4eme impasse",
      "from": "2023-07-20T05:30:00.000Z",
      "to": "2023-07-20T10:30:00.000Z",
      "id": "bfe0c46f586108c2169e5cca74f29c0f"
    },
    {
      "date": "Le dimanche 16 juillet 2023 de  08:30:00 à  15:30:00",
      "streets": "dans les environs de coastal road et Club Med",
      "from": "2023-07-16T04:30:00.000Z",
      "to": "2023-07-16T11:30:00.000Z",
      "id": "35ade286b5a3d6b391e4f5c1293fc625"
    },
    {
      "date": "Le mardi 11 juillet 2023 de  09:00:00 à  11:00:00",
      "streets": "DANS LES ENVIRONS DE CANONNIERS HOTEL ET SEA POINT HOTEL",
      "from": "2023-07-11T05:00:00.000Z",
      "to": "2023-07-11T07:00:00.000Z",
      "id": "a0fb482d065e3b891760870198e3f21f"
    },
    {
      "date": "Le mardi 27 juin 2023 de  09:30:00 à  11:30:00",
      "streets": "CHEMIN CASSE GHOON ET LES RUELLES AVOISINANTES.",
      "from": "2023-06-27T05:30:00.000Z",
      "to": "2023-06-27T07:30:00.000Z",
      "id": "63eab2eed1c6568d303919bb23e2929a"
    },
    {
      "date": "Le dimanche 11 juin 2023 de  15:30:00 à  16:30:00",
      "streets": "POINTE AUX CANNONIERS",
      "from": "2023-06-11T11:30:00.000Z",
      "to": "2023-06-11T12:30:00.000Z",
      "id": "536f9774a0e0488517f791f154ded4db"
    },
    {
      "date": "Le dimanche 11 juin 2023 de  10:00:00 à  14:00:00",
      "streets": "dans les environs de Royal road et Coastal road",
      "from": "2023-06-11T06:00:00.000Z",
      "to": "2023-06-11T10:00:00.000Z",
      "id": "43c332d05c8cdcc721b5b12de01f75e7"
    },
    {
      "date": "Le samedi 10 juin 2023 de  10:00:00 à  14:00:00",
      "streets": "dans les environs de Royal road et Coastal road",
      "from": "2023-06-10T06:00:00.000Z",
      "to": "2023-06-10T10:00:00.000Z",
      "id": "7005db96a5b17be787af3fdf4b6e9ca7"
    },
    {
      "date": "Le samedi 27 mai 2023 de  12:00:00 à  13:00:00",
      "streets": "LES ABONNES DE POINTE AUX CANONNIERS",
      "from": "2023-05-27T08:00:00.000Z",
      "to": "2023-05-27T09:00:00.000Z",
      "id": "a7609b265327aa1955e1a615d54957d6"
    },
    {
      "date": "Le mardi 9 mai 2023 de  14:55:00 à  16:55:00",
      "streets": "POINTE AUX CANONNIERS (REPLACEMENT OF TX)",
      "from": "2023-05-09T10:55:00.000Z",
      "to": "2023-05-09T12:55:00.000Z",
      "id": "74a3faacfc7e23f97f549b539256b5f8"
    },
    {
      "date": "Le mercredi 26 avril 2023 de  15:30:00 à  17:30:00",
      "streets": "dans les environs de Casse Ghoon, Morc Raffray, Route Royale, Club Med et Le Cannonier Hotel",
      "from": "2023-04-26T11:30:00.000Z",
      "to": "2023-04-26T13:30:00.000Z",
      "id": "ca77f899f300fe8dddf873227c32d2ef"
    },
    {
      "date": "Le mardi 25 avril 2023 de  19:00:00 à  10:00:00",
      "streets": "BOUGAINVILLIER",
      "from": "2023-04-25T15:00:00.000Z",
      "to": "2023-04-25T06:00:00.000Z",
      "id": "1e215aa36f82057d237721fe6b32cc39"
    },
    {
      "date": "Le vendredi 17 février 2023 de  10:00:00 à  14:00:00",
      "streets": "Coastal Road Pte Aux Cannoniers",
      "from": "2023-02-17T06:00:00.000Z",
      "to": "2023-02-17T10:00:00.000Z",
      "id": "c71cdb89a0fff2c798aab8454809f4e2"
    },
    {
      "date": "Le lundi 13 février 2023 de  11:00:00 à  12:30:00",
      "streets": "POINTE AUX CANONNIERS",
      "from": "2023-02-13T07:00:00.000Z",
      "to": "2023-02-13T08:30:00.000Z",
      "id": "3f4de1fd4e06276914ecde7b6978f5ca"
    },
    {
      "date": "Le mercredi 14 décembre 2022 de  13:00:00 à  16:00:00",
      "streets": "MORC RAFFRAY POINTE AUX CANONNIERS",
      "from": "2022-12-14T09:00:00.000Z",
      "to": "2022-12-14T12:00:00.000Z",
      "id": "4efea25a0dc47594f84b1797cd05ed89"
    },
    {
      "date": "Le lundi 14 novembre 2022 de  16:00:00 à  18:00:00",
      "streets": "le village de pointe aux cannoniers",
      "from": "2022-11-14T12:00:00.000Z",
      "to": "2022-11-14T14:00:00.000Z",
      "id": "57f3b777c186d45bf67a08d2f6714438"
    },
    {
      "date": "Le lundi 14 novembre 2022 de  10:10:00 à  16:00:00",
      "streets": "le village de Pointe aux Cannoniers.",
      "from": "2022-11-14T06:10:00.000Z",
      "to": "2022-11-14T12:00:00.000Z",
      "id": "d93a7632195fe45b006f8aeda469ab13"
    },
    {
      "date": "Le vendredi 11 novembre 2022 de  08:30:00 à  13:30:00",
      "streets": "dans les environs de Ave Lauriers",
      "from": "2022-11-11T04:30:00.000Z",
      "to": "2022-11-11T09:30:00.000Z",
      "id": "07b6e661389b9be4eb8dfd32c5965165"
    },
    {
      "date": "Le dimanche 6 novembre 2022 de  08:30:00 à  13:00:00",
      "streets": "Les abonnés habitant dès Coastal Road, Bateau Ivre et 20 Dégrée Sud a Pointe Aux Canonnier",
      "from": "2022-11-06T04:30:00.000Z",
      "to": "2022-11-06T09:00:00.000Z",
      "id": "2d081c0adebcfcc4d6145a1a957f5958"
    },
    {
      "date": "Le dimanche 30 octobre 2022 de  10:30:00 à  12:30:00",
      "streets": "Les Abonnes habitant desAvanue Laurier et Bateau Ivre a Pointe aux Cannonier",
      "from": "2022-10-30T06:30:00.000Z",
      "to": "2022-10-30T08:30:00.000Z",
      "id": "e0aa940e75aac35d9199e7fb095e1181"
    },
    {
      "date": "Le dimanche 30 octobre 2022 de  08:30:00 à  10:30:00",
      "streets": "Les abonnes habitant les rue Casse Goon et Route Cottiere a Pointe aux Canonnier",
      "from": "2022-10-30T04:30:00.000Z",
      "to": "2022-10-30T06:30:00.000Z",
      "id": "c2e02e73407372de9767a82811bc0e5a"
    },
    {
      "date": "Le mercredi 10 août 2022 de  11:00:00 à  12:00:00",
      "streets": "COASTAL ROAD POINTE AUX CANONNIERS",
      "from": "2022-08-10T07:00:00.000Z",
      "to": "2022-08-10T08:00:00.000Z",
      "id": "383b580ad93a8642b8d189ed31e8f910"
    },
    {
      "date": "Le vendredi 15 avril 2022 de  09:00:00 à  15:30:00",
      "streets": "dans les environs de casse ghoon et avenue laurrier",
      "from": "2022-04-15T05:00:00.000Z",
      "to": "2022-04-15T11:30:00.000Z",
      "id": "d52c58b4e6357870cd8da774e1958e92"
    }
  ]
}