{
  "slug": "quatre-cocos",
  "name": "QUATRE COCOS",
  "district": "flacq",
  "generated": "2026-01-09T10:01:15.220Z",
  "outageCount": 18,
  "firstOutage": "2022-05-20",
  "lastOutage": "2025-07-08",
  "outages": [
    {
      "date": "Le mardi 8 juillet 2025 de  08:30:00 à  17:00:00",
      "streets": "LES ABONNES DE CAMP MARCELIN ET QUATRE COCOS DANS LES ENVIRONS DE NSLD, NHDC, CHURCH LANE, DASAN STREET, AVENUE AZALEA, HIGH STREET, BILLAR & CAMELIA AVENUE.",
      "from": "2025-07-08T04:30:00.000Z",
      "to": "2025-07-08T13:00:00.000Z",
      "id": "cacc8e95ab0f631e236d9cddf50c07ab"
    },
    {
      "date": "Le jeudi 13 mars 2025 de  10:00:00 à  14:00:00",
      "streets": "QUATRE COCO",
      "from": "2025-03-13T06:00:00.000Z",
      "to": "2025-03-13T10:00:00.000Z",
      "id": "9186c850cf05ed1da31b9f1b1aee1649"
    },
    {
      "date": "Le lundi 9 décembre 2024 de  09:30:00 à  12:00:00",
      "streets": "WHOLE VILLAGE",
      "from": "2024-12-09T05:30:00.000Z",
      "to": "2024-12-09T08:00:00.000Z",
      "id": "a7689c4a92a5da889d350d31b8a79bcf"
    },
    {
      "date": "Le mercredi 14 août 2024 de  09:00:00 à  17:00:00",
      "streets": "Camp Marcelin dans les perimetres de NHDC, Church Lane et Camelia Avenue",
      "from": "2024-08-14T05:00:00.000Z",
      "to": "2024-08-14T13:00:00.000Z",
      "id": "4e7d547cb6d0ddcb32a90714d6239b7e"
    },
    {
      "date": "Le lundi 6 mai 2024 de  06:00:00 à  15:00:00",
      "streets": "CAMP MARCELIN-QUATRE COCO-ISIDOR ROSE",
      "from": "2024-05-06T02:00:00.000Z",
      "to": "2024-05-06T11:00:00.000Z",
      "id": "a25fafd595bccc26170a95d63bdfae60"
    },
    {
      "date": "Le vendredi 15 mars 2024 de  10:00:00 à  13:00:00",
      "streets": "QUATRE COCOS, MARE LA CHAUX, MORC BISSESUR, PALMAR",
      "from": "2024-03-15T06:00:00.000Z",
      "to": "2024-03-15T09:00:00.000Z",
      "id": "45d4d22b07027593f2622f33bd987a44"
    },
    {
      "date": "Le mercredi 21 février 2024 de  10:00:00 à  11:00:00",
      "streets": "WHOLE REGION",
      "from": "2024-02-21T06:00:00.000Z",
      "to": "2024-02-21T07:00:00.000Z",
      "id": "1f9200c39b99edf79c2ca5cebe0ba238"
    },
    {
      "date": "Le jeudi 8 février 2024 de  10:00:00 à  16:00:00",
      "streets": "MORC BISSESUR",
      "from": "2024-02-08T06:00:00.000Z",
      "to": "2024-02-08T12:00:00.000Z",
      "id": "7f7583fd497813798b61cc880289b7ee"
    },
    {
      "date": "Le jeudi 21 décembre 2023 de  08:30:00 à  16:00:00",
      "streets": "Les abonnes du village de Quatre Cocos, Mare La Chaux et Palmar",
      "from": "2023-12-21T04:30:00.000Z",
      "to": "2023-12-21T12:00:00.000Z",
      "id": "f83a9cfb4fc431632ecbe4788a5c7464"
    },
    {
      "date": "Le mercredi 13 décembre 2023 de  15:00:00 à  16:00:00",
      "streets": "Les abonnes du village de Quatre Cocos et dans les perimetres de NHDC et Leglise Bar Beegun",
      "from": "2023-12-13T11:00:00.000Z",
      "to": "2023-12-13T12:00:00.000Z",
      "id": "8166f34e5a2efa57ee5fbebc3c158794"
    },
    {
      "date": "Le mercredi 13 décembre 2023 de  08:30:00 à  09:30:00",
      "streets": "Les abonnes du village de Quatre Cocos et dans les perimetres de NHDC et Leglise Bar Beegun",
      "from": "2023-12-13T04:30:00.000Z",
      "to": "2023-12-13T05:30:00.000Z",
      "id": "4f18dea1dc4cce223df4a0b72ac8c25d"
    },
    {
      "date": "Le vendredi 14 juillet 2023 de  10:00:00 à  11:00:00",
      "streets": "QUATRE COCOS",
      "from": "2023-07-14T06:00:00.000Z",
      "to": "2023-07-14T07:00:00.000Z",
      "id": "263e506bc138db4fd76e62c30416b88a"
    },
    {
      "date": "Le jeudi 15 juin 2023 de  15:30:00 à  17:00:00",
      "streets": "Les abonnés de Quatre Cocos et Mare La chaux",
      "from": "2023-06-15T11:30:00.000Z",
      "to": "2023-06-15T13:00:00.000Z",
      "id": "87224205a3595e398bd6660a2161b660"
    },
    {
      "date": "Le jeudi 15 juin 2023 de  08:30:00 à  09:30:00",
      "streets": "Les abonnés de Quatre Cocos et Mare La chaux",
      "from": "2023-06-15T04:30:00.000Z",
      "to": "2023-06-15T05:30:00.000Z",
      "id": "ab9557d4d6c4987acb60fca82a4055b6"
    },
    {
      "date": "Le mercredi 13 juillet 2022 de  10:15:00 à  15:00:00",
      "streets": "CAMELIA STREET AND TOWARDS GANDHI",
      "from": "2022-07-13T06:15:00.000Z",
      "to": "2022-07-13T11:00:00.000Z",
      "id": "75fa927899bca1218fca0db4df03f184"
    },
    {
      "date": "Le dimanche 22 mai 2022 de  14:00:00 à  17:00:00",
      "streets": "Quatre Cocos dans les périmètres de la Route Royale Mare Du Puits et le village de Palmar",
      "from": "2022-05-22T10:00:00.000Z",
      "to": "2022-05-22T13:00:00.000Z",
      "id": "21295090f4695bb708ef087a351667f6"
    },
    {
      "date": "Le dimanche 22 mai 2022 de  08:15:00 à  17:00:00",
      "streets": "Quatre Cocos dans les périmètres de la Rue Jahalea, Avenue Canna, Morcellement Bissesur le village de Mare La Chaux",
      "from": "2022-05-22T04:15:00.000Z",
      "to": "2022-05-22T13:00:00.000Z",
      "id": "723d66f6476b5a73353ae1c1e6954c3a"
    },
    {
      "date": "Le vendredi 20 mai 2022 de  14:00:00 à  15:00:00",
      "streets": "Village Quatre Cocos et Palmar",
      "from": "2022-05-20T10:00:00.000Z",
      "to": "2022-05-20T11:00:00.000Z",
      "id": "fd806e735b8de724509661160ae5520a"
    }
  ]
}