{
  "slug": "riviere-des-galets",
  "name": "RIVIERE DES GALETS",
  "district": "savanne",
  "generated": "2026-02-14T16:02:20.007Z",
  "outageCount": 9,
  "firstOutage": "2022-06-12",
  "lastOutage": "2025-09-30",
  "outages": [
    {
      "date": "Le mardi 30 septembre 2025 de  13:00:00 à  17:00:00",
      "streets": "Le village de Camp Charlot Chemin Grenier, Riviere Des Galets et Beau Champ",
      "from": "2025-09-30T09:00:00.000Z",
      "to": "2025-09-30T13:00:00.000Z",
      "id": "2388dbb48d71265a98127d60de1d0da9"
    },
    {
      "date": "Le dimanche 9 février 2025 de  08:30:00 à  16:00:00",
      "streets": "Riviere Des Galets, Camp Lilas et Mont Carmel Chemin Grenier",
      "from": "2025-02-09T04:30:00.000Z",
      "to": "2025-02-09T12:00:00.000Z",
      "id": "03f0729ed799506bdb344c9379d38c02"
    },
    {
      "date": "Le dimanche 8 décembre 2024 de  10:00:00 à  12:00:00",
      "streets": "RIVIERE DES GALETS",
      "from": "2024-12-08T06:00:00.000Z",
      "to": "2024-12-08T08:00:00.000Z",
      "id": "d1dd7f5bae1965e4ff69c16a4913e1f3"
    },
    {
      "date": "Le dimanche 5 mai 2024 de  08:30:00 à  15:00:00",
      "streets": "Camp Charlot, Riviere Des Galets et Beau Champ",
      "from": "2024-05-05T04:30:00.000Z",
      "to": "2024-05-05T11:00:00.000Z",
      "id": "38cefe0e379c439283bd90c7efa94363"
    },
    {
      "date": "Le dimanche 3 septembre 2023 de  08:30:00 à  16:00:00",
      "streets": "Camp Charlot, Riviere des Galets et Beau Champ",
      "from": "2023-09-03T04:30:00.000Z",
      "to": "2023-09-03T12:00:00.000Z",
      "id": "edba99a6b918395f5c4554f3f6d4c8f7"
    },
    {
      "date": "Le dimanche 20 août 2023 de  08:30:00 à  16:00:00",
      "streets": "Camp Charlot, Riviere Des Galets et Beau Champ",
      "from": "2023-08-20T04:30:00.000Z",
      "to": "2023-08-20T12:00:00.000Z",
      "id": "95d98d9fc542e90d3ea3097fac7ed273"
    },
    {
      "date": "Le dimanche 20 novembre 2022 de  08:30:00 à  15:00:00",
      "streets": "Camp Charlot et Riviere des Galets",
      "from": "2022-11-20T04:30:00.000Z",
      "to": "2022-11-20T11:00:00.000Z",
      "id": "fb5417639b66e178cdfea7faa59162c2"
    },
    {
      "date": "Le dimanche 21 août 2022 de  09:00:00 à  15:00:00",
      "streets": "Camp Charlot, Riviere des Galets, Beau Champ",
      "from": "2022-08-21T05:00:00.000Z",
      "to": "2022-08-21T11:00:00.000Z",
      "id": "b3b4d0f28aae6d49ef903048011fe4c4"
    },
    {
      "date": "Le dimanche 12 juin 2022 de  09:00:00 à  11:00:00",
      "streets": "Les villages de Camp Charlot et Riviere des Galets",
      "from": "2022-06-12T05:00:00.000Z",
      "to": "2022-06-12T07:00:00.000Z",
      "id": "6dcf8802460a2ff2527969974bb7c03f"
    }
  ]
}