{
  "slug": "rodrigues",
  "name": "RODRIGUES",
  "district": "rodrigues",
  "generated": "2026-02-04T07:14:52.482Z",
  "outageCount": 186,
  "firstOutage": "2022-03-15",
  "lastOutage": "2026-01-16",
  "outages": [
    {
      "date": "Le vendredi 16 janvier 2026 de  15:00:00 à  16:00:00",
      "streets": "POINTE MONIER,CAMP DU ROI,HAUTEUR ACACIA,JARDIN MAMZEL,L-UNION,LE CHOU",
      "from": "2026-01-16T11:00:00.000Z",
      "to": "2026-01-16T12:00:00.000Z",
      "id": "c4aa1a1f8882488a234f11f10b3d9259"
    },
    {
      "date": "Le samedi 27 septembre 2025 de  08:30:00 à  15:00:00",
      "streets": "SAINT GABRIEL-LATANIERS-SAINTE FAMILLE RODRIGUES",
      "from": "2025-09-27T04:30:00.000Z",
      "to": "2025-09-27T11:00:00.000Z",
      "id": "35db2816a691074e2258ad7b8439cd1f"
    },
    {
      "date": "Le vendredi 19 septembre 2025 de  09:00:00 à  14:00:00",
      "streets": "LES ABONNES DE NASOLA.",
      "from": "2025-09-19T05:00:00.000Z",
      "to": "2025-09-19T10:00:00.000Z",
      "id": "fcd410835fe04104ca112e6c4ed52ffe"
    },
    {
      "date": "Le mercredi 10 septembre 2025 de  10:00:00 à  11:00:00",
      "streets": "LES ABONNES DE MONT LUBIN.",
      "from": "2025-09-10T06:00:00.000Z",
      "to": "2025-09-10T07:00:00.000Z",
      "id": "aefda5ae526732a5ee9eadc308b4f963"
    },
    {
      "date": "Le mercredi 10 septembre 2025 de  09:00:00 à  12:00:00",
      "streets": "LES ABONNES DE PALISSADE, MONTAGNE MALGACHE, MONTAGNE BOIS NOIR, BATATRAN, COROMANDEL, GRAVIERS, VAR BRULEE, BEL AIR, RIVIERE BANANE, TREFLES, ROCHE BON DIEU, POINTE COTON ET ANSE ALI.",
      "from": "2025-09-10T05:00:00.000Z",
      "to": "2025-09-10T08:00:00.000Z",
      "id": "47846db6b0ddd5843085bcccf13dff67"
    },
    {
      "date": "Le vendredi 5 septembre 2025 de  12:00:00 à  14:00:00",
      "streets": "LES ABONNES DE LA FERME CITRON, LA FERME, PISTACHES, PIMENT, REPOSOIRE, BAIE TOPAZE ET CAMP PINTADE.",
      "from": "2025-09-05T08:00:00.000Z",
      "to": "2025-09-05T10:00:00.000Z",
      "id": "a07bc6d997a1e3b51541507ca382d8c4"
    },
    {
      "date": "Le vendredi 5 septembre 2025 de  08:30:00 à  11:00:00",
      "streets": "LES ABONNES DE GRAND VAR, PETITE BUTTE ET POINTE VINGT TOUR.",
      "from": "2025-09-05T04:30:00.000Z",
      "to": "2025-09-05T07:00:00.000Z",
      "id": "01db2e0d250a3c6932409a6ccb758181"
    },
    {
      "date": "Le jeudi 4 septembre 2025 de  12:00:00 à  14:00:00",
      "streets": "LA FERME CITRON, LA FERME, PISTACHE,PIMENTS, REPOSOIR,BAIE TOPAZE ET CAMP PINDADE",
      "from": "2025-09-04T08:00:00.000Z",
      "to": "2025-09-04T10:00:00.000Z",
      "id": "f84ca244f4b90243f1727deb2f555cde"
    },
    {
      "date": "Le samedi 30 août 2025 de  08:30:00 à  15:00:00",
      "streets": "LES ABONNES DE CITE SONGES, SONGES, PARC TORTUE ET ANSE BALEINE.",
      "from": "2025-08-30T04:30:00.000Z",
      "to": "2025-08-30T11:00:00.000Z",
      "id": "5e32fa3722e1ed34f9f8c98ae26babed"
    },
    {
      "date": "Le mercredi 27 août 2025 de  09:00:00 à  14:00:00",
      "streets": "ST GABRIEL,LATANIER,ST FAMILLE",
      "from": "2025-08-27T05:00:00.000Z",
      "to": "2025-08-27T10:00:00.000Z",
      "id": "1c130e99ed07a0d276e169f8f7ecf466"
    },
    {
      "date": "Le samedi 23 août 2025 de  08:30:00 à  14:00:00",
      "streets": "Pointe Venus, Anse Aux Anglais, Morcellement Terre Rouge, CaverneProvers, Jean Tac, Terre Rouge Village et de Grand Baie",
      "from": "2025-08-23T04:30:00.000Z",
      "to": "2025-08-23T10:00:00.000Z",
      "id": "8651615a23981f1447aa5891794df70e"
    },
    {
      "date": "Le mardi 19 août 2025 de  08:30:00 à  15:00:00",
      "streets": "LES ABONNES DE SONGES, PORT SUD-EST, MONTAGNE CHERIE, MOUROUK, MOUROUK ANSE ANFER ET MORCELLEMENT MOUROUK.",
      "from": "2025-08-19T04:30:00.000Z",
      "to": "2025-08-19T11:00:00.000Z",
      "id": "c291df23549a7cb8ef56a75db28370a9"
    },
    {
      "date": "Le vendredi 8 août 2025 de  15:00:00 à  16:00:00",
      "streets": "GRANDE MONTAGNE, BRULEE, COROMANDEL, BATATRAN, GRAVIER, DE VAR, BRULEE",
      "from": "2025-08-08T11:00:00.000Z",
      "to": "2025-08-08T12:00:00.000Z",
      "id": "0a75841b646bf08d20b68b4385e2d1af"
    },
    {
      "date": "Le vendredi 8 août 2025 de  08:00:00 à  09:00:00",
      "streets": "GRANDE MONTAGNE, BRULEE, COROMANDEL, BATATRAN, GRAVIER, DE VAR, BRULEE",
      "from": "2025-08-08T04:00:00.000Z",
      "to": "2025-08-08T05:00:00.000Z",
      "id": "beb2b681b60e48e0e1f8d38a025d347d"
    },
    {
      "date": "Le jeudi 7 août 2025 de  09:00:00 à  15:00:00",
      "streets": "LES ABONNES DE MANGUES, MARECHAL, DANS SAMY ET QUATRE VENTS.",
      "from": "2025-08-07T05:00:00.000Z",
      "to": "2025-08-07T11:00:00.000Z",
      "id": "90791579c914b03e43da50727410dc00"
    },
    {
      "date": "Le samedi 2 août 2025 de  08:30:00 à  15:00:00",
      "streets": "MONTAGNE CABRIS CORAIL,CORAIL PETITE BUTTE",
      "from": "2025-08-02T04:30:00.000Z",
      "to": "2025-08-02T11:00:00.000Z",
      "id": "b76a1958cce23ee4cb846c3a5226ae87"
    },
    {
      "date": "Le samedi 26 juillet 2025 de  08:30:00 à  15:00:00",
      "streets": "QUATRE VENTS, PAPAYES, MARECHAL, MANGUES, MT DU SABLE, GRAND LA FOURCHE MANGUE, LA FERME MANIQUE",
      "from": "2025-07-26T04:30:00.000Z",
      "to": "2025-07-26T11:00:00.000Z",
      "id": "c6d2aa54f24e1d6042d28f5ebeac8e3e"
    },
    {
      "date": "Le samedi 12 juillet 2025 de  08:30:00 à  15:00:00",
      "streets": "QUATRE VENTS, DANS SAMY, PAPAYES, MARECHAL",
      "from": "2025-07-12T04:30:00.000Z",
      "to": "2025-07-12T11:00:00.000Z",
      "id": "80bf853342dd1741a703006ed595ecc1"
    },
    {
      "date": "Le vendredi 11 juillet 2025 de  15:00:00 à  16:00:00",
      "streets": "LES ABONNES DE CASCADE JEAN LOUIS, DANS COCO ET ANSE QUITOR.",
      "from": "2025-07-11T11:00:00.000Z",
      "to": "2025-07-11T12:00:00.000Z",
      "id": "fb291b5f56a185106dcb0f21bac07c3b"
    },
    {
      "date": "Le vendredi 11 juillet 2025 de  08:00:00 à  09:00:00",
      "streets": "LES ABONNES DE CASCADE JEAN LOUIS, DANS COCO ET ANSE QUITOR.",
      "from": "2025-07-11T04:00:00.000Z",
      "to": "2025-07-11T05:00:00.000Z",
      "id": "3e54c114b5d94406cac0b1edf9b85fa9"
    },
    {
      "date": "Le vendredi 11 juillet 2025 de  01:00:00 à  10:00:00",
      "streets": "MONT VENUS,MONTAGNE CABRI,SONGES,COROMANDEL AND NEARBY REGIONS",
      "from": "2025-07-10T21:00:00.000Z",
      "to": "2025-07-10T06:00:00.000Z",
      "id": "8103f897784cb69e8c062aafd79d72c5"
    },
    {
      "date": "Le samedi 5 juillet 2025 de  08:00:00 à  09:00:00",
      "streets": "LES ABONNES DE CASCADE JEAN LOUIS, DANS COCO ET ANSE QUITOR.",
      "from": "2025-07-05T04:00:00.000Z",
      "to": "2025-07-05T05:00:00.000Z",
      "id": "ccefde4d117dee0631bdaa5b7c02065a"
    },
    {
      "date": "Le vendredi 4 juillet 2025 de  09:00:00 à  15:00:00",
      "streets": "LES ABONNES DE BAIE DIAMANT, BAIE MALGACHE, ANSE GOELAND, BAIE DU NORD, ANSE NICOLAS, LA FERME, PIMENT REPOSOIRE, BAIE TOPAZE ET CAMP PINTADE.",
      "from": "2025-07-04T05:00:00.000Z",
      "to": "2025-07-04T11:00:00.000Z",
      "id": "218173895fcc41064d42bf8480a98535"
    },
    {
      "date": "Le samedi 28 juin 2025 de  08:30:00 à  15:00:00",
      "streets": "POINTE COTTON",
      "from": "2025-06-28T04:30:00.000Z",
      "to": "2025-06-28T11:00:00.000Z",
      "id": "224397ab64d748274de67d37d073ae71"
    },
    {
      "date": "Le jeudi 19 juin 2025 de  08:30:00 à  12:00:00",
      "streets": "LES ABONNES DE MANGUES, MONTAGNE DU SABLES, GRAND LA FOURCHE MANGUES ET LA FERME MANIQUE.",
      "from": "2025-06-19T04:30:00.000Z",
      "to": "2025-06-19T08:00:00.000Z",
      "id": "b5dba0665b39cc2b244582bc3c8c6d31"
    },
    {
      "date": "Le samedi 12 avril 2025 de  15:00:00 à  16:00:00",
      "streets": "MONTAGNES DU SABLES,MANGUES,GRANDE LA FOURCHE MANGUES,LA FERME MANIQUE",
      "from": "2025-04-12T11:00:00.000Z",
      "to": "2025-04-12T12:00:00.000Z",
      "id": "4150d6b8f251c01f013879a89b90ee2d"
    },
    {
      "date": "Le vendredi 11 avril 2025 de  08:30:00 à  15:00:00",
      "streets": "Petit Brulée, Thammes et Montagne Malgache",
      "from": "2025-04-11T04:30:00.000Z",
      "to": "2025-04-11T11:00:00.000Z",
      "id": "9c42c001d22ab160de357717cb2b5461"
    },
    {
      "date": "Le mercredi 9 avril 2025 de  08:30:00 à  16:00:00",
      "streets": "MANGUES,MONTAGNE DU SABLE,GRAND LA FOURCHE MANGUES,LA FERME MANIQUE",
      "from": "2025-04-09T04:30:00.000Z",
      "to": "2025-04-09T12:00:00.000Z",
      "id": "79ffbb7ec1c18d3c7c2448bfe2482895"
    },
    {
      "date": "Le samedi 1 mars 2025 de  08:30:00 à  15:00:00",
      "streets": "Montagne Malgache",
      "from": "2025-03-01T04:30:00.000Z",
      "to": "2025-03-01T11:00:00.000Z",
      "id": "b1a8792e4b75a79500b0720a88ff7740"
    },
    {
      "date": "Le mardi 18 février 2025 de  16:00:00 à  18:00:00",
      "streets": "PORT MATHURIN",
      "from": "2025-02-18T12:00:00.000Z",
      "to": "2025-02-18T14:00:00.000Z",
      "id": "dd74559c786d7a9c3b900e244b29265a"
    },
    {
      "date": "Le mercredi 12 février 2025 de  08:30:00 à  16:00:00",
      "streets": "MORC BAIE DIAMANT",
      "from": "2025-02-12T04:30:00.000Z",
      "to": "2025-02-12T12:00:00.000Z",
      "id": "d859b13f6402fb54f60c37af7e1cdda9"
    },
    {
      "date": "Le samedi 25 janvier 2025 de  08:30:00 à  15:00:00",
      "streets": "SOUPIR-MALABAR-MONT PLAISIR",
      "from": "2025-01-25T04:30:00.000Z",
      "to": "2025-01-25T11:00:00.000Z",
      "id": "f2ac7300e66665f5d17777686dbb34a7"
    },
    {
      "date": "Le mercredi 15 janvier 2025 de  14:00:00 à  15:00:00",
      "streets": "LES ABONNES DE MORCELLEMENT TERRE ROUGE, ANSE AUX ANGLAIS, BALADIROU, MONTAGNE GOYAVES, DANS BEBE ET ORANGE.",
      "from": "2025-01-15T10:00:00.000Z",
      "to": "2025-01-15T11:00:00.000Z",
      "id": "5d9f7eee30a5959fc487438819cf2be9"
    },
    {
      "date": "Le mercredi 15 janvier 2025 de  08:00:00 à  15:00:00",
      "streets": "LES ABONNES DE JEAN TAC ET CAVERNE PROVERT.",
      "from": "2025-01-15T04:00:00.000Z",
      "to": "2025-01-15T11:00:00.000Z",
      "id": "fe37613596a968a3c8395f7bd538b966"
    },
    {
      "date": "Le samedi 4 janvier 2025 de  08:30:00 à  15:00:00",
      "streets": "ROCHE BON DIEU,POINTE COTTON,ST FRANCOIS,ANSE ALI",
      "from": "2025-01-04T04:30:00.000Z",
      "to": "2025-01-04T11:00:00.000Z",
      "id": "fcd5354afc52288904db20f27b5f9b69"
    },
    {
      "date": "Le samedi 28 décembre 2024 de  08:30:00 à  15:00:00",
      "streets": "LES ABONNES DE SONGES, MORCELLEMENT SONGES, PARC TORTUE ET ANSE BALEINE.",
      "from": "2024-12-28T04:30:00.000Z",
      "to": "2024-12-28T11:00:00.000Z",
      "id": "a7cd1358bbc129086605fe2fcd37b997"
    },
    {
      "date": "Le samedi 21 décembre 2024 de  08:30:00 à  15:00:00",
      "streets": "LES ABONNES DE SONGES, MORCELLEMENT SONGES, PARC TORTUE, ANSE BALEINE ET ANSE RAFFIN.",
      "from": "2024-12-21T04:30:00.000Z",
      "to": "2024-12-21T11:00:00.000Z",
      "id": "f88cddfa48a01633b792565edc3a973d"
    },
    {
      "date": "Le vendredi 13 décembre 2024 de  09:00:00 à  10:00:00",
      "streets": "PORT MATHURIN, CREVE COEUR, ROSEAUX, TERRE ROUGE",
      "from": "2024-12-13T05:00:00.000Z",
      "to": "2024-12-13T06:00:00.000Z",
      "id": "b3b6e36c6bfac061924b44dcd912d2ad"
    },
    {
      "date": "Le jeudi 12 décembre 2024 de  15:00:00 à  16:00:00",
      "streets": "BAIE AUX HUITRES, POINTE LA GUEULE,BAIR MALGACHE, ANSE GOELAND, BAIE DU NORD, ANSE NICOLAS",
      "from": "2024-12-12T11:00:00.000Z",
      "to": "2024-12-12T12:00:00.000Z",
      "id": "5f814ed81dc7a4383ae2fae4fc5ae4cc"
    },
    {
      "date": "Le jeudi 12 décembre 2024 de  10:00:00 à  14:00:00",
      "streets": "PETITE BUTTE, POINTE VINGT TOUR, CITE PATATE",
      "from": "2024-12-12T06:00:00.000Z",
      "to": "2024-12-12T10:00:00.000Z",
      "id": "28d57de71f5bfa792f82497dc3b33b07"
    },
    {
      "date": "Le jeudi 12 décembre 2024 de  08:30:00 à  15:00:00",
      "streets": "BAIE DIAMAND",
      "from": "2024-12-12T04:30:00.000Z",
      "to": "2024-12-12T11:00:00.000Z",
      "id": "3301546281ecded663b836d9e2a88c3d"
    },
    {
      "date": "Le samedi 30 novembre 2024 de  08:30:00 à  15:00:00",
      "streets": "PATATE THEOPHILE, TROIS SOLEIL, MONTAGNE CABRIS EST",
      "from": "2024-11-30T04:30:00.000Z",
      "to": "2024-11-30T11:00:00.000Z",
      "id": "e5cb94367e4031be7d98d052a23e4471"
    },
    {
      "date": "Le samedi 9 novembre 2024 de  08:30:00 à  15:00:00",
      "streets": "LES ABONNES DE MONTAGNE CHERIE.",
      "from": "2024-11-09T04:30:00.000Z",
      "to": "2024-11-09T11:00:00.000Z",
      "id": "6d2e6ad365c13e4b2952b51c765190f6"
    },
    {
      "date": "Le vendredi 1 novembre 2024 de  08:30:00 à  15:00:00",
      "streets": "LES ABONNES DE QUATRE VENTS, DANS SAMY, MARECHAL ET PAPAYES.",
      "from": "2024-11-01T04:30:00.000Z",
      "to": "2024-11-01T11:00:00.000Z",
      "id": "8fade0f839f1efeb41a1c6ccf56e3eae"
    },
    {
      "date": "Le mardi 29 octobre 2024 de  08:30:00 à  15:00:00",
      "streets": "LES ABONNES DE TERRE ROUGE, GRAND BAIE, VANGARD, CITRONELLE ET SYGANGUE.",
      "from": "2024-10-29T04:30:00.000Z",
      "to": "2024-10-29T11:00:00.000Z",
      "id": "153cf17b7f914941b8fc5e12073366cc"
    },
    {
      "date": "Le samedi 26 octobre 2024 de  08:30:00 à  15:00:00",
      "streets": "LES ABONNES DE MOUROUCK ET FOND RIVIERE COCO.",
      "from": "2024-10-26T04:30:00.000Z",
      "to": "2024-10-26T11:00:00.000Z",
      "id": "bb8de249b77a7a7d9bcec43a5c2c8192"
    },
    {
      "date": "Le mercredi 23 octobre 2024 de  09:30:00 à  12:00:00",
      "streets": "PETIT GABRIEL,ST JEROME",
      "from": "2024-10-23T05:30:00.000Z",
      "to": "2024-10-23T08:00:00.000Z",
      "id": "d2898b3ff735f0e1e0eeebd86163989c"
    },
    {
      "date": "Le mardi 22 octobre 2024 de  08:30:00 à  15:00:00",
      "streets": "LES ABONNES DE TERRE ROUGE, GRAND BAIE, VANGARD ET CITRONELLE.",
      "from": "2024-10-22T04:30:00.000Z",
      "to": "2024-10-22T11:00:00.000Z",
      "id": "ffe47d3f83c48d0154c3d79b5cdc33ec"
    },
    {
      "date": "Le samedi 19 octobre 2024 de  08:30:00 à  15:00:00",
      "streets": "CAMP PINTADE-MONTAGNE PLATE-GRANDE LA FOURCH CORAILLE",
      "from": "2024-10-19T04:30:00.000Z",
      "to": "2024-10-19T11:00:00.000Z",
      "id": "5550164811fdeb4e874850afb970f63a"
    },
    {
      "date": "Le jeudi 17 octobre 2024 de  08:30:00 à  11:00:00",
      "streets": "LES ABONNES DE VANGARD, CITRONELLE ET SYGANGUE.",
      "from": "2024-10-17T04:30:00.000Z",
      "to": "2024-10-17T07:00:00.000Z",
      "id": "6ff384449a958005ed30c106c31ec715"
    },
    {
      "date": "Le mercredi 16 octobre 2024 de  12:00:00 à  15:00:00",
      "streets": "Pointe Venus,Anse aux Anglais,Terre Rouge & Caverne Provert",
      "from": "2024-10-16T08:00:00.000Z",
      "to": "2024-10-16T11:00:00.000Z",
      "id": "a53d18c1cbd5ead5ad2110ff3fc49d64"
    },
    {
      "date": "Le vendredi 11 octobre 2024 de  08:30:00 à  15:00:00",
      "streets": "LES ABONNES DE BRULEE, THAMBES, MONTAGNE MALGACHE ET BASSIN MARTIN.",
      "from": "2024-10-11T04:30:00.000Z",
      "to": "2024-10-11T11:00:00.000Z",
      "id": "2ba8e4830b758dc1961c9c31de0fe248"
    },
    {
      "date": "Le mardi 24 septembre 2024 de  08:00:00 à  12:00:00",
      "streets": "VENGAR, CITRONELLE, GRAND BAIE ET TERRE ROUGE",
      "from": "2024-09-24T04:00:00.000Z",
      "to": "2024-09-24T08:00:00.000Z",
      "id": "b1915bd2568ae62cdc5da7304eaca2e5"
    },
    {
      "date": "Le vendredi 23 août 2024 de  15:00:00 à  16:00:00",
      "streets": "TREFLES, ROCHE BON DIEU, POINTE COTON, ANSE ALI ET SANT FRANCOIS.",
      "from": "2024-08-23T11:00:00.000Z",
      "to": "2024-08-23T12:00:00.000Z",
      "id": "1c83f70f69755dd1de4d0ae355895a92"
    },
    {
      "date": "Le vendredi 23 août 2024 de  08:30:00 à  16:00:00",
      "streets": "TROIS SOLEIL, PATATE THEOPHILE ET MONTAGNE CABRIS EST.",
      "from": "2024-08-23T04:30:00.000Z",
      "to": "2024-08-23T12:00:00.000Z",
      "id": "6e9f7053a6c5bb960ebebfdd41104a73"
    },
    {
      "date": "Le vendredi 23 août 2024 de  07:30:00 à  08:30:00",
      "streets": "TREFLES, ROCHE BON DIEU, POINTE COTON, ANSE ALI ET SANT FRANCOIS.",
      "from": "2024-08-23T03:30:00.000Z",
      "to": "2024-08-23T04:30:00.000Z",
      "id": "32c0b0f608eb1180083647ffe11513a8"
    },
    {
      "date": "Le samedi 17 août 2024 de  09:00:00 à  16:00:00",
      "streets": "CAMP PAINTADE -LA FERME RODRIGUES",
      "from": "2024-08-17T05:00:00.000Z",
      "to": "2024-08-17T12:00:00.000Z",
      "id": "feaa91740696c52990b6fc8a4d27ff1a"
    },
    {
      "date": "Le samedi 13 juillet 2024 de  08:30:00 à  15:00:00",
      "streets": "Citron Donis",
      "from": "2024-07-13T04:30:00.000Z",
      "to": "2024-07-13T11:00:00.000Z",
      "id": "21e11ce80d07ed5c7650b8a4b1542a7a"
    },
    {
      "date": "Le samedi 6 juillet 2024 de  08:30:00 à  15:00:00",
      "streets": "MARECHAL, PISTACHES, MONTAGNE CROUPIER, REPOSOIR, BAIE TOPAZE, CAMP PINTADE",
      "from": "2024-07-06T04:30:00.000Z",
      "to": "2024-07-06T11:00:00.000Z",
      "id": "3e477dd765160e91d7c823c1c5e3a5e3"
    },
    {
      "date": "Le jeudi 27 juin 2024 de  08:30:00 à  15:00:00",
      "streets": "LES ABONNES DE POMPEE ET CAMP PAUL",
      "from": "2024-06-27T04:30:00.000Z",
      "to": "2024-06-27T11:00:00.000Z",
      "id": "dc4e0c78327a4787417337543ba61a75"
    },
    {
      "date": "Le mercredi 26 juin 2024 de  08:30:00 à  15:00:00",
      "streets": "LES ABONNES DE MONT LUBIN",
      "from": "2024-06-26T04:30:00.000Z",
      "to": "2024-06-26T11:00:00.000Z",
      "id": "62b99977ba5ab12f06d1fc75026e78c7"
    },
    {
      "date": "Le samedi 15 juin 2024 de  08:30:00 à  15:00:00",
      "streets": "La Ferme,Pistache,Montagne Croupier,Piment Reposoir,Baie Topaz",
      "from": "2024-06-15T04:30:00.000Z",
      "to": "2024-06-15T11:00:00.000Z",
      "id": "5fa325a03117b4a1d96bb8ed1adc781f"
    },
    {
      "date": "Le vendredi 14 juin 2024 de  15:00:00 à  16:00:00",
      "streets": "BRULEE, RIVIERE BANANE, COROMANDEL, BATATRAN, GRAVIERS ET VAR BRULEE.",
      "from": "2024-06-14T11:00:00.000Z",
      "to": "2024-06-14T12:00:00.000Z",
      "id": "8c64b59c47806ca712d7b0f8c8301f99"
    },
    {
      "date": "Le vendredi 14 juin 2024 de  09:00:00 à  16:00:00",
      "streets": "PALISSADE, NASSOLA, MONTAGNE BOIS NOIR, PETIT BRULEE, THAMBES ET MONTAGNE MALGACHE.",
      "from": "2024-06-14T05:00:00.000Z",
      "to": "2024-06-14T12:00:00.000Z",
      "id": "83c5e7fb09ee7c6460fb15959c945ea5"
    },
    {
      "date": "Le vendredi 14 juin 2024 de  08:00:00 à  09:00:00",
      "streets": "BRULEE, RIVIERE BANANE, COROMANDEL, BATATRAN, GRAVIERS ET VAR BRULEE.",
      "from": "2024-06-14T04:00:00.000Z",
      "to": "2024-06-14T05:00:00.000Z",
      "id": "9bd82040c37dc2abf3af3c326de43610"
    },
    {
      "date": "Le vendredi 31 mai 2024 de  08:30:00 à  12:00:00",
      "streets": "CORAIL-VENGASSAILLE-MONTAGNE CABRIS CORAIL RODRIGUES",
      "from": "2024-05-31T04:30:00.000Z",
      "to": "2024-05-31T08:00:00.000Z",
      "id": "2312c1addb8903893c63ed9943c91736"
    },
    {
      "date": "Le mercredi 29 mai 2024 de  08:30:00 à  14:00:00",
      "streets": "JARDIN MAMZEL-FOND ACCACIA RODRIGUES",
      "from": "2024-05-29T04:30:00.000Z",
      "to": "2024-05-29T10:00:00.000Z",
      "id": "8e969494033ae29452ed8e6b589e91b9"
    },
    {
      "date": "Le mercredi 15 mai 2024 de  08:30:00 à  15:00:00",
      "streets": "SAINT FRANCOIS, ANSE ALI, MORC PATATE THEOPHILE",
      "from": "2024-05-15T04:30:00.000Z",
      "to": "2024-05-15T11:00:00.000Z",
      "id": "75666094280b9c10967e3983549c1ef1"
    },
    {
      "date": "Le jeudi 9 mai 2024 de  08:30:00 à  15:00:00",
      "streets": "LES ABONNES DE POINTE LAGUEL.",
      "from": "2024-05-09T04:30:00.000Z",
      "to": "2024-05-09T11:00:00.000Z",
      "id": "0bc480b35d7642313328ca1c35525ffe"
    },
    {
      "date": "Le samedi 27 avril 2024 de  08:30:00 à  15:00:00",
      "streets": "LES ABONNES DE SAINT FRANCOIS, ANSE ALI ET PATATE THEOPHILE.",
      "from": "2024-04-27T04:30:00.000Z",
      "to": "2024-04-27T11:00:00.000Z",
      "id": "decd7bc0da011fb9336f4d96e4ba661b"
    },
    {
      "date": "Le samedi 20 avril 2024 de  15:00:00 à  16:00:00",
      "streets": "LES ABONNES DE POINTE MONIER, CAMP DU ROI, LUNION, JARDIN MAMZEL, PETIT GABRIEL(DANS LES ENVIRONS STATION DE POLICE), BASSIN GAILLARD ET PAVILLON.",
      "from": "2024-04-20T11:00:00.000Z",
      "to": "2024-04-20T12:00:00.000Z",
      "id": "3f536a0b12d8167660ca7928a6fbd8e3"
    },
    {
      "date": "Le samedi 20 avril 2024 de  08:00:00 à  16:00:00",
      "streets": "LES ABONNES DE LE CHOU ET MALARTIC.",
      "from": "2024-04-20T04:00:00.000Z",
      "to": "2024-04-20T12:00:00.000Z",
      "id": "c681125e3008d095c67db50b4468dfd5"
    },
    {
      "date": "Le samedi 13 avril 2024 de  08:30:00 à  15:00:00",
      "streets": "LES ABONNES DE MARECHAL ET PAPAYES.",
      "from": "2024-04-13T04:30:00.000Z",
      "to": "2024-04-13T11:00:00.000Z",
      "id": "6efc2cda95702d18b53c35f07c8e36b8"
    },
    {
      "date": "Le samedi 6 avril 2024 de  08:30:00 à  15:00:00",
      "streets": "LES ABONNES DE : MONTAGNE GOYAVES, DANS BEBE, ORANGE ET VAINQUEUR.",
      "from": "2024-04-06T04:30:00.000Z",
      "to": "2024-04-06T11:00:00.000Z",
      "id": "aa41757882315948a97751341272d9f6"
    },
    {
      "date": "Le mardi 2 avril 2024 de  10:00:00 à  14:00:00",
      "streets": "LES ABONNES DE THAMBES, MONTAGNE MALGACHE, PETIT BRULEE ET GRANDE MONTAGNE.",
      "from": "2024-04-02T06:00:00.000Z",
      "to": "2024-04-02T10:00:00.000Z",
      "id": "5bdc23d6fd9cb0f54f7bcdf6109b7cfe"
    },
    {
      "date": "Le mercredi 27 mars 2024 de  15:00:00 à  16:00:00",
      "streets": "LES ABONNES DE MONT LUBIN, PALISSADE, MONTAGNE BOIS NOIR, MONTAGNE MALGACHE, THAMBES, PETIT BRULEE, GRANDE MONTAGNE, COROMANDEL, BATATRAN, GRAVIER, BRULEE, RIVIERE BANANE, TREFLE, ROCHE BON DIEU, POINTE COTON ET ST FRANCOIS.",
      "from": "2024-03-27T11:00:00.000Z",
      "to": "2024-03-27T12:00:00.000Z",
      "id": "ecc005ec880796e616149460c0432a64"
    },
    {
      "date": "Le mercredi 27 mars 2024 de  08:00:00 à  16:00:00",
      "streets": "PATATE THEOPHILE, TROIS SOLEIL ET MONTAGNE CABRIS EST.",
      "from": "2024-03-27T04:00:00.000Z",
      "to": "2024-03-27T12:00:00.000Z",
      "id": "82be98fe1e51fd92dca0c8124280ff7d"
    },
    {
      "date": "Le mercredi 20 mars 2024 de  09:00:00 à  15:00:00",
      "streets": "LES ABONNES HABITANT : ACCACIA, BAIE AUX HUITRES, ALLEE TAMARIN, PTE LA GUEULE, BAIE DIAMANT, BAIE MALGACHE, ANSE GOELANDS ET BAIE DU NORD.",
      "from": "2024-03-20T05:00:00.000Z",
      "to": "2024-03-20T11:00:00.000Z",
      "id": "70049d304dd3e4f6eabdb277debafdd2"
    },
    {
      "date": "Le mardi 19 mars 2024 de  10:00:00 à  14:00:00",
      "streets": "QUATRE VENTS, DAN SAMY",
      "from": "2024-03-19T06:00:00.000Z",
      "to": "2024-03-19T10:00:00.000Z",
      "id": "16dc1444e6f8a511a5a61ae9f4875a39"
    },
    {
      "date": "Le mardi 19 mars 2024 de  09:00:00 à  10:00:00",
      "streets": "LES ABONNES DE PALISSADE, MONTAGNE BOIS NOIR, MONTAGNE MALGACHE, PETIT BRULEE, GRANDE MONTAGNE, THAMME, COROMANDEL, BATATRAND, GRAVIERS, ANSE FEMI, MONTAGNE CABRIS EST, BRULEE, TREFLES, TROIS SOLEIL, PATATE THEOPHILE, ROCHE BON DIEU, ANSE ALLY, ST FRANCOIS ET POINTE COTTON.",
      "from": "2024-03-19T05:00:00.000Z",
      "to": "2024-03-19T06:00:00.000Z",
      "id": "5e9506122ea32bfd6183ce7b80b1f2f3"
    },
    {
      "date": "Le vendredi 15 mars 2024 de  10:00:00 à  14:00:00",
      "streets": "MORC ANSE NICOLAS, LA FERME, CITRON, PISTACHE, MONT CROUPIER, BAIE TOPAZE, CAMP PINTADE",
      "from": "2024-03-15T06:00:00.000Z",
      "to": "2024-03-15T10:00:00.000Z",
      "id": "6279ad1df5ee0e24b947130ed02b1dc9"
    },
    {
      "date": "Le mardi 5 mars 2024 de  11:00:00 à  14:00:00",
      "streets": "Montagne Charlot,Soupir, Le Chou, Malabar,Mont Plaisir",
      "from": "2024-03-05T07:00:00.000Z",
      "to": "2024-03-05T10:00:00.000Z",
      "id": "b4ffc781e4c351864a9ea1eb94bc2eb5"
    },
    {
      "date": "Le jeudi 29 février 2024 de  12:00:00 à  15:00:00",
      "streets": "PETIT GABRIEL, BASSIN GALLARD, MALARTIC, CITRON DONIS, EAU VANNEE, BIGARADE, FOND LA BONTE, FOND BAIE AUX HUITRES",
      "from": "2024-02-29T08:00:00.000Z",
      "to": "2024-02-29T11:00:00.000Z",
      "id": "74fd2ea7a9e57577f5bee9d86528e18f"
    },
    {
      "date": "Le mercredi 28 février 2024 de  10:00:00 à  14:00:00",
      "streets": "COROMANDEL, BATATRAND, GRAVIERS, ANSE FEMI, VAR BRULEE",
      "from": "2024-02-28T06:00:00.000Z",
      "to": "2024-02-28T10:00:00.000Z",
      "id": "a7a3b3d43eabec5795bdce7e420413ef"
    },
    {
      "date": "Le mardi 27 février 2024 de  10:00:00 à  14:00:00",
      "streets": "LES ABONNES DE TROIS SOLEIL, PATATE THEOPHILE ET MONTAGNE CABRIS EST.",
      "from": "2024-02-27T06:00:00.000Z",
      "to": "2024-02-27T10:00:00.000Z",
      "id": "d7c10ba33c1eb6678b0fd2b556f3c607"
    },
    {
      "date": "Le vendredi 23 février 2024 de  12:00:00 à  15:30:00",
      "streets": "POINTE MONIER, POINTE LHERBE, ACCACIA, BAIE AUX HUITRES, POINTE LAGUEL, BAIE DIAMAND, BAIE MALGACHE, ANSE GOELAND ET BAIE DU NORD.",
      "from": "2024-02-23T08:00:00.000Z",
      "to": "2024-02-23T11:30:00.000Z",
      "id": "57c8518abe311645b5b890e872149ba1"
    },
    {
      "date": "Le lundi 19 février 2024 de  07:00:00 à  12:00:00",
      "streets": "CP SOLEIL,ROCHES BON DIEU,MT CABRIS,MT LUBIN,TREFLES,MT LIMON,PATATE THEOPHILE,MT DU SABLE",
      "from": "2024-02-19T03:00:00.000Z",
      "to": "2024-02-19T08:00:00.000Z",
      "id": "f38fc8a1f3ab5a438d5358b4ecd5d2e9"
    },
    {
      "date": "Le vendredi 9 février 2024 de  09:00:00 à  12:00:00",
      "streets": "Saint Francois, Pointe Coton,Anse Ali et Morcellement Roche Bon Dieu",
      "from": "2024-02-09T05:00:00.000Z",
      "to": "2024-02-09T08:00:00.000Z",
      "id": "ddac5a94ab59f43e00561aa1fc8e785f"
    },
    {
      "date": "Le vendredi 22 décembre 2023 de  12:00:00 à  14:00:00",
      "streets": "Pallisade,Montagne Bois Noir,Montagne Malgache,Grande Montagne,Thambes,Coromandel,Batatran,Gravier,Brulee,Trefles,Roche Bon Dieu,Anse Ali,Pointe Cotton et St Francois",
      "from": "2023-12-22T08:00:00.000Z",
      "to": "2023-12-22T10:00:00.000Z",
      "id": "ffcc2c5c9d7f1a15068424af98ee8e4f"
    },
    {
      "date": "Le mercredi 15 novembre 2023 de  10:20:00 à  11:20:00",
      "streets": "PETIT BRULEE, TROIS SOLEIL, GRANDE MONTAGNE",
      "from": "2023-11-15T06:20:00.000Z",
      "to": "2023-11-15T07:20:00.000Z",
      "id": "61c8b3584912295491ee14362dfd89ba"
    },
    {
      "date": "Le samedi 28 octobre 2023 de  08:30:00 à  15:00:00",
      "streets": "LES ABONNES ANSE QUITOR ET DANS COCO",
      "from": "2023-10-28T04:30:00.000Z",
      "to": "2023-10-28T11:00:00.000Z",
      "id": "077ff0304f4ac8d4fed80343ea6a54d4"
    },
    {
      "date": "Le mercredi 4 octobre 2023 de  12:00:00 à  16:00:00",
      "streets": "Fond La Digue, Creve Coeur et Roseaux",
      "from": "2023-10-04T08:00:00.000Z",
      "to": "2023-10-04T12:00:00.000Z",
      "id": "9729cdfd36a9271bc2f709546bd069b6"
    },
    {
      "date": "Le samedi 9 septembre 2023 de  08:30:00 à  15:00:00",
      "streets": "MONTAGNE CABRIS EST",
      "from": "2023-09-09T04:30:00.000Z",
      "to": "2023-09-09T11:00:00.000Z",
      "id": "695efc33433b3bca47766c51c7dcb434"
    },
    {
      "date": "Le samedi 2 septembre 2023 de  08:30:00 à  15:00:00",
      "streets": "Coromandel, Batatran et Graviers",
      "from": "2023-09-02T04:30:00.000Z",
      "to": "2023-09-02T11:00:00.000Z",
      "id": "652bfa29ba1f0761c8ff8f64b9db8ce4"
    },
    {
      "date": "Le mardi 29 août 2023 de  08:00:00 à  12:00:00",
      "streets": "Pointe Lherbe, Accacia, Baie Aux Huitre, Pointe Laguel, Baie Diamant, Baie Malgache, Anse Goeland et Baie Du Nord",
      "from": "2023-08-29T04:00:00.000Z",
      "to": "2023-08-29T08:00:00.000Z",
      "id": "dc02880da760e9514452cb908e23ac2d"
    },
    {
      "date": "Le samedi 26 août 2023 de  14:00:00 à  15:00:00",
      "streets": "Le Chou",
      "from": "2023-08-26T10:00:00.000Z",
      "to": "2023-08-26T11:00:00.000Z",
      "id": "4d008374f2567b3bc7657400e86da4b7"
    },
    {
      "date": "Le samedi 26 août 2023 de  08:30:00 à  15:00:00",
      "streets": "Le Chou",
      "from": "2023-08-26T04:30:00.000Z",
      "to": "2023-08-26T11:00:00.000Z",
      "id": "c0eb6ee812d16582aab094ce543a3c56"
    },
    {
      "date": "Le samedi 26 août 2023 de  08:00:00 à  09:00:00",
      "streets": "Pointe Venus",
      "from": "2023-08-26T04:00:00.000Z",
      "to": "2023-08-26T05:00:00.000Z",
      "id": "d06eaf42284ad70a0fa4399c97930610"
    },
    {
      "date": "Le samedi 19 août 2023 de  08:30:00 à  15:00:00",
      "streets": "LES ABONNES DE MONTAGNE CHERIE, RODRIGUES.",
      "from": "2023-08-19T04:30:00.000Z",
      "to": "2023-08-19T11:00:00.000Z",
      "id": "7dbb41e55c2a5506ee42b9bb1eb0d50d"
    },
    {
      "date": "Le mercredi 16 août 2023 de  08:30:00 à  15:00:00",
      "streets": "LES ABONNES DE MORCELLEMENT BAIE MALGACHE.",
      "from": "2023-08-16T04:30:00.000Z",
      "to": "2023-08-16T11:00:00.000Z",
      "id": "7ca17cf74d8f2c8b47ccc430174287d0"
    },
    {
      "date": "Le samedi 12 août 2023 de  08:30:00 à  16:00:00",
      "streets": "BAIE MALGACHE",
      "from": "2023-08-12T04:30:00.000Z",
      "to": "2023-08-12T12:00:00.000Z",
      "id": "374a36da2a79976f713c7f883d104e02"
    },
    {
      "date": "Le vendredi 11 août 2023 de  08:30:00 à  12:00:00",
      "streets": "FOND BAIE AUX HUITRES--FOND LA BONTE",
      "from": "2023-08-11T04:30:00.000Z",
      "to": "2023-08-11T08:00:00.000Z",
      "id": "ed5b07b9c302df3a9581b442ab3a9721"
    },
    {
      "date": "Le mardi 1 août 2023 de  08:30:00 à  10:00:00",
      "streets": "Mangues, Montagne Du Sable et Fond Baie Malgache",
      "from": "2023-08-01T04:30:00.000Z",
      "to": "2023-08-01T06:00:00.000Z",
      "id": "2f12e380b355f0b99a2853eeb8fedc63"
    },
    {
      "date": "Le samedi 29 juillet 2023 de  08:30:00 à  15:00:00",
      "streets": "Orange, Vainqueur et Dans Bebe",
      "from": "2023-07-29T04:30:00.000Z",
      "to": "2023-07-29T11:00:00.000Z",
      "id": "11bd71c990f81f2229894c83ebe3d39c"
    },
    {
      "date": "Le mercredi 26 juillet 2023 de  08:30:00 à  15:00:00",
      "streets": "Grand La Fouche Corail",
      "from": "2023-07-26T04:30:00.000Z",
      "to": "2023-07-26T11:00:00.000Z",
      "id": "2e94efbffa6d58a0bd1e214b17bd63b9"
    },
    {
      "date": "Le samedi 22 juillet 2023 de  08:30:00 à  15:00:00",
      "streets": "Saint Gabriel, Latanier, Sainte Famille,Pompee, Eau Claire et Battue Madame",
      "from": "2023-07-22T04:30:00.000Z",
      "to": "2023-07-22T11:00:00.000Z",
      "id": "c500c6871fd3d6a8700be12d4ed9274d"
    },
    {
      "date": "Le samedi 15 juillet 2023 de  08:30:00 à  15:00:00",
      "streets": "LES ABONNES DE BAIE TOPAZE, CAMP PINTADE ET PLAINE MAHO.",
      "from": "2023-07-15T04:30:00.000Z",
      "to": "2023-07-15T11:00:00.000Z",
      "id": "0bc284ddc863c0c576a6016bc6028cc6"
    },
    {
      "date": "Le samedi 8 juillet 2023 de  08:30:00 à  15:00:00",
      "streets": "LES ABONNES DE POINTE MONIER, CAMP DU ROI ET HAUTEUR ACCACIA.",
      "from": "2023-07-08T04:30:00.000Z",
      "to": "2023-07-08T11:00:00.000Z",
      "id": "78e239dd1aba6f33bec8ac3dbd1540e8"
    },
    {
      "date": "Le jeudi 6 juillet 2023 de  08:30:00 à  15:00:00",
      "streets": "PAPAYES,MARECHAL",
      "from": "2023-07-06T04:30:00.000Z",
      "to": "2023-07-06T11:00:00.000Z",
      "id": "c29d458d182dcf22ec4da73d5e673e88"
    },
    {
      "date": "Le samedi 1 juillet 2023 de  08:30:00 à  15:00:00",
      "streets": "LES ABONNES DE GRAND VAR, ILE MICHEL, RIVIERE COCO ET TAMARIN",
      "from": "2023-07-01T04:30:00.000Z",
      "to": "2023-07-01T11:00:00.000Z",
      "id": "9be3fd3dce635cf2759f9e90c0c28c39"
    },
    {
      "date": "Le jeudi 29 juin 2023 de  09:00:00 à  15:30:00",
      "streets": "PAPAYES-QUATRE VENTS",
      "from": "2023-06-29T05:00:00.000Z",
      "to": "2023-06-29T11:30:00.000Z",
      "id": "ee617b31e796115afca863fddf32c0cc"
    },
    {
      "date": "Le jeudi 29 juin 2023 de  08:30:00 à  15:00:00",
      "streets": "Sygangue,Araukaria,Champs,Orange",
      "from": "2023-06-29T04:30:00.000Z",
      "to": "2023-06-29T11:00:00.000Z",
      "id": "7e4b1ee186b548dac4bfe32ad90f563d"
    },
    {
      "date": "Le samedi 24 juin 2023 de  08:30:00 à  15:00:00",
      "streets": "POINTE MONIER,CAMP DU ROI,HAUTEUR ACACIA,LUNION",
      "from": "2023-06-24T04:30:00.000Z",
      "to": "2023-06-24T11:00:00.000Z",
      "id": "5105d227d7a8f00ea3f1da98528d8f32"
    },
    {
      "date": "Le mardi 20 juin 2023 de  19:35:00 à  20:00:00",
      "streets": "Montagne Cabris,Roche Bondieu,St Francois,",
      "from": "2023-06-20T15:35:00.000Z",
      "to": "2023-06-20T16:00:00.000Z",
      "id": "dbfa8555b6aa824167bc8a0583558db0"
    },
    {
      "date": "Le samedi 17 juin 2023 de  08:30:00 à  15:00:00",
      "streets": "VENGAR,CITRONELLE.TERRE ROUGE",
      "from": "2023-06-17T04:30:00.000Z",
      "to": "2023-06-17T11:00:00.000Z",
      "id": "1c88202b17ac6fde17a02baf3b88cd1e"
    },
    {
      "date": "Le samedi 10 juin 2023 de  08:30:00 à  15:00:00",
      "streets": "LES ABONNES VANGARD, CITRONELLE ET TERRE ROUGE.",
      "from": "2023-06-10T04:30:00.000Z",
      "to": "2023-06-10T11:00:00.000Z",
      "id": "949950c909447ed21959eae222ba03eb"
    },
    {
      "date": "Le samedi 3 juin 2023 de  08:30:00 à  15:00:00",
      "streets": "LES ABONNES DE L UNION, PETIT GABRIEL ET BASSIN GALLARD.",
      "from": "2023-06-03T04:30:00.000Z",
      "to": "2023-06-03T11:00:00.000Z",
      "id": "05a6398bde6d5f3f2c5c31960528e32f"
    },
    {
      "date": "Le mardi 30 mai 2023 de  09:00:00 à  15:00:00",
      "streets": "THAMBES",
      "from": "2023-05-30T05:00:00.000Z",
      "to": "2023-05-30T11:00:00.000Z",
      "id": "238ea94f20166cc7bcd52ba778cfa746"
    },
    {
      "date": "Le samedi 27 mai 2023 de  08:30:00 à  15:00:00",
      "streets": "LES ABONNES DE FOND LA DIGUE, CREVE COEUR ET TERRE ROUGE.",
      "from": "2023-05-27T04:30:00.000Z",
      "to": "2023-05-27T11:00:00.000Z",
      "id": "9217fd960c2d7a0ecb0b89645015c88e"
    },
    {
      "date": "Le samedi 20 mai 2023 de  08:30:00 à  15:00:00",
      "streets": "SONGES-PORT SUD EST-MOUROUK-MONTAGNE CHERIE",
      "from": "2023-05-20T04:30:00.000Z",
      "to": "2023-05-20T11:00:00.000Z",
      "id": "535503505e78b2416f470bb0baa22f56"
    },
    {
      "date": "Le samedi 13 mai 2023 de  08:30:00 à  15:00:00",
      "streets": "LA FERME, PISTACHE, PIMENT, REPOSOIR, BAIE TOPAZE, MONTAGNE CROUPIER ET CAMP PINTADE",
      "from": "2023-05-13T04:30:00.000Z",
      "to": "2023-05-13T11:00:00.000Z",
      "id": "490d62deebf6cec6403ba814966c1d60"
    },
    {
      "date": "Le samedi 29 avril 2023 de  08:30:00 à  15:00:00",
      "streets": "MONTAGNE GOYAVE,JEAN TAC BALADIROU,",
      "from": "2023-04-29T04:30:00.000Z",
      "to": "2023-04-29T11:00:00.000Z",
      "id": "ebb1c611b9168f00384f156b91f01c31"
    },
    {
      "date": "Le samedi 15 avril 2023 de  08:30:00 à  15:00:00",
      "streets": "LA FOUCHE CORAIL, CASCADE JEAN LOUIS, PLAINE CORAIL",
      "from": "2023-04-15T04:30:00.000Z",
      "to": "2023-04-15T11:00:00.000Z",
      "id": "6e661c0cefdfa91d5bdef626b8099ab8"
    },
    {
      "date": "Le samedi 8 avril 2023 de  08:30:00 à  15:00:00",
      "streets": "PETIT BRULE-THAMES-MONTAGNE MALGACHE",
      "from": "2023-04-08T04:30:00.000Z",
      "to": "2023-04-08T11:00:00.000Z",
      "id": "359ca8342ca90399225e74f934f8b99a"
    },
    {
      "date": "Le mardi 4 avril 2023 de  12:00:00 à  15:00:00",
      "streets": "Saint Gabriel, Latanier et Sainte Famille",
      "from": "2023-04-04T08:00:00.000Z",
      "to": "2023-04-04T11:00:00.000Z",
      "id": "9889e3c547e7ee3d69ba0762a0a8c20c"
    },
    {
      "date": "Le samedi 1 avril 2023 de  08:30:00 à  15:00:00",
      "streets": "BEL AIR,TREFLES,RIVIERE BANANES,PATATES THEOPHILE, TROIS SOLEIL ET MONTAGNE CABRIS EST",
      "from": "2023-04-01T04:30:00.000Z",
      "to": "2023-04-01T11:00:00.000Z",
      "id": "1765e7824ecc6dda3fd05cdee28a947c"
    },
    {
      "date": "Le samedi 25 mars 2023 de  08:30:00 à  15:00:00",
      "streets": "LA FERME-ANSE NICOLAS-PISTACHE-PIMENT-REPOSOIRE-BAIE TOPAZE-MONTAGNECROUPIER -CAMP PINTADE",
      "from": "2023-03-25T04:30:00.000Z",
      "to": "2023-03-25T11:00:00.000Z",
      "id": "0de713f0cbb0d2ec815fcd97161d8817"
    },
    {
      "date": "Le vendredi 24 mars 2023 de  08:30:00 à  15:00:00",
      "streets": "La Ferme, Pistache, Piment, Baie Topaze, Montagne Croupier et Camp Pintade",
      "from": "2023-03-24T04:30:00.000Z",
      "to": "2023-03-24T11:00:00.000Z",
      "id": "f15378061713d37e3842ce383394620d"
    },
    {
      "date": "Le samedi 18 mars 2023 de  08:30:00 à  15:00:00",
      "streets": "Mangues, Montagne Du Sable, Grand La Fouche Mangue, La Ferme Manique",
      "from": "2023-03-18T04:30:00.000Z",
      "to": "2023-03-18T11:00:00.000Z",
      "id": "018c868a1c45f868270526e7a6cbe595"
    },
    {
      "date": "Le mardi 7 mars 2023 de  07:00:00 à  16:00:00",
      "streets": "SOUPIRS-MONTAGNE CHARLOT-MT FANAL-MALABAR-UNION",
      "from": "2023-03-07T03:00:00.000Z",
      "to": "2023-03-07T12:00:00.000Z",
      "id": "d232f423ab34c25b0b8766391db4e803"
    },
    {
      "date": "Le samedi 4 mars 2023 de  08:30:00 à  15:00:00",
      "streets": "LES ABONNES DORANGE, DANS BEBE ET MONTAGNE GOYAVES",
      "from": "2023-03-04T04:30:00.000Z",
      "to": "2023-03-04T11:00:00.000Z",
      "id": "d425c3018aab2e23539ae7dab8a88b38"
    },
    {
      "date": "Le vendredi 13 janvier 2023 de  09:30:00 à  16:00:00",
      "streets": "ST FRANCOIS",
      "from": "2023-01-13T05:30:00.000Z",
      "to": "2023-01-13T12:00:00.000Z",
      "id": "7d594a8e13da675602b32555c5a6d39d"
    },
    {
      "date": "Le vendredi 23 décembre 2022 de  16:00:00 à  18:00:00",
      "streets": "Terre Rouge, Grand Baie, Cygangue, Vangar et Citronelle",
      "from": "2022-12-23T12:00:00.000Z",
      "to": "2022-12-23T14:00:00.000Z",
      "id": "974b303b40826893ebb12bccd338abef"
    },
    {
      "date": "Le mercredi 21 décembre 2022 de  14:00:00 à  15:00:00",
      "streets": "MONT LIMON A BRULE, BRULE A RIVIERE BANANE, GRANDE MONTAGNE A POINTE COTON ET ST FRANCOIS, COROMANDEL A GRAVIER ET PALLISADE A MONTAGNE MALGACHE",
      "from": "2022-12-21T10:00:00.000Z",
      "to": "2022-12-21T11:00:00.000Z",
      "id": "cc16504e36c1a8f192c7b49069517401"
    },
    {
      "date": "Le mercredi 21 décembre 2022 de  11:00:00 à  12:00:00",
      "streets": "CASCADE JEAN LOUIS, ANSE QUITTOR, DANS COCO, PLAINE CORAIL (AIRPORT)",
      "from": "2022-12-21T07:00:00.000Z",
      "to": "2022-12-21T08:00:00.000Z",
      "id": "d082d4c287e9e5de58b456bf9a4f598e"
    },
    {
      "date": "Le mercredi 14 décembre 2022 de  12:00:00 à  13:30:00",
      "streets": "Citadel, Grand La Fouche Corail, Cascade Jean Louis, Corail Petite Butte, Anse Quitor, Dans Coco et Plaine Corail Airpot",
      "from": "2022-12-14T08:00:00.000Z",
      "to": "2022-12-14T09:30:00.000Z",
      "id": "8ebbe8e3cfba4cd865b0c491f0fefadd"
    },
    {
      "date": "Le mardi 13 décembre 2022 de  09:00:00 à  15:00:00",
      "streets": "LA FERME,PISTACHE",
      "from": "2022-12-13T05:00:00.000Z",
      "to": "2022-12-13T11:00:00.000Z",
      "id": "f34858da961847545be768c82778b1e1"
    },
    {
      "date": "Le samedi 26 novembre 2022 de  08:30:00 à  15:30:00",
      "streets": "MONTAGNE CROUPIER",
      "from": "2022-11-26T04:30:00.000Z",
      "to": "2022-11-26T11:30:00.000Z",
      "id": "cf3912f646c59f3eb0174ab9db11f6f1"
    },
    {
      "date": "Le mercredi 23 novembre 2022 de  09:00:00 à  16:00:00",
      "streets": "SONGES,PARC TORTUES,ANSE BALEINE.",
      "from": "2022-11-23T05:00:00.000Z",
      "to": "2022-11-23T12:00:00.000Z",
      "id": "2e3ac0113b96701738e95f9950a30110"
    },
    {
      "date": "Le samedi 19 novembre 2022 de  08:30:00 à  15:30:00",
      "streets": "Lataniers",
      "from": "2022-11-19T04:30:00.000Z",
      "to": "2022-11-19T11:30:00.000Z",
      "id": "8e4087401e795706e0250f5771ed49bf"
    },
    {
      "date": "Le vendredi 18 novembre 2022 de  08:30:00 à  16:00:00",
      "streets": "LA FERME, PISTACHE, PIMENT, REPOSOIR, MONTAGNE CROUPIER,BAIE TOPAZE,CAMP PINTADE",
      "from": "2022-11-18T04:30:00.000Z",
      "to": "2022-11-18T12:00:00.000Z",
      "id": "304e0b8dfe3b539cad8572a79265f39a"
    },
    {
      "date": "Le vendredi 11 novembre 2022 de  12:00:00 à  16:00:00",
      "streets": "ANSE RAFFIN,PARC TORTUE,ANSE BALEINE,SONGE,PORT SUD EST,MOUROUK,ANSE ENFER,MONTAGNE CHERIE",
      "from": "2022-11-11T08:00:00.000Z",
      "to": "2022-11-11T12:00:00.000Z",
      "id": "87d71d9da2adf9dd9a45afa38ac80a31"
    },
    {
      "date": "Le vendredi 11 novembre 2022 de  08:30:00 à  12:00:00",
      "streets": "MALARTIC,BASSIN GALLARD",
      "from": "2022-11-11T04:30:00.000Z",
      "to": "2022-11-11T08:00:00.000Z",
      "id": "e317127e31d9b5b6c8e7eb4ef969b409"
    },
    {
      "date": "Le samedi 5 novembre 2022 de  08:30:00 à  15:00:00",
      "streets": "Montagne du Sables et Mangues",
      "from": "2022-11-05T04:30:00.000Z",
      "to": "2022-11-05T11:00:00.000Z",
      "id": "222bb03cee99e4418744154175b65804"
    },
    {
      "date": "Le samedi 29 octobre 2022 de  08:30:00 à  15:00:00",
      "streets": "BAIE TOPAZE, MONTAGNE CROUPIER, MONTAGNE PLATE ET CAMP PINTADE",
      "from": "2022-10-29T04:30:00.000Z",
      "to": "2022-10-29T11:00:00.000Z",
      "id": "f6ddcf6fcf6b10605f8da71dc65de38a"
    },
    {
      "date": "Le samedi 22 octobre 2022 de  08:30:00 à  15:00:00",
      "streets": "Trois Soleil,Patate Theophile,Montagne Cabris.",
      "from": "2022-10-22T04:30:00.000Z",
      "to": "2022-10-22T11:00:00.000Z",
      "id": "d88b99eb9b4fadcd7cc5e18075de81bb"
    },
    {
      "date": "Le jeudi 20 octobre 2022 de  14:00:00 à  18:00:00",
      "streets": "MON LUBIN,DANS BEBE,MT LIMON,BRULE,RIVIERE BANANE,GRANDE MONTAGNE,POINTE COTTON,ST FRANCOIS,COROMANDEL,GRAVIER,PALISSADE,MONTAGNE MALGACHE",
      "from": "2022-10-20T10:00:00.000Z",
      "to": "2022-10-20T14:00:00.000Z",
      "id": "03864dcfce3b7ee4e6237d1b5288241b"
    },
    {
      "date": "Le jeudi 13 octobre 2022 de  09:00:00 à  13:00:00",
      "streets": "LA FERME,CITADELLE",
      "from": "2022-10-13T05:00:00.000Z",
      "to": "2022-10-13T09:00:00.000Z",
      "id": "f74b121a85239b4e27665481feab706b"
    },
    {
      "date": "Le samedi 1 octobre 2022 de  08:30:00 à  15:00:00",
      "streets": "CITRON DONIS,EAU VANNEE",
      "from": "2022-10-01T04:30:00.000Z",
      "to": "2022-10-01T11:00:00.000Z",
      "id": "0716732407f473c39b5d525b1ef8289e"
    },
    {
      "date": "Le samedi 24 septembre 2022 de  08:30:00 à  15:00:00",
      "streets": "BAIE TOPAZE-CAMP PINTADE-PLAINE MAO RODRIGUES",
      "from": "2022-09-24T04:30:00.000Z",
      "to": "2022-09-24T11:00:00.000Z",
      "id": "6804287ee76814a71568957b323f8d91"
    },
    {
      "date": "Le jeudi 15 septembre 2022 de  09:00:00 à  11:00:00",
      "streets": "SONGES,PARC TORTUES,ANSE RAFFIN",
      "from": "2022-09-15T05:00:00.000Z",
      "to": "2022-09-15T07:00:00.000Z",
      "id": "a1ea5ca4a2b609887f4817500525dfd4"
    },
    {
      "date": "Le mardi 13 septembre 2022 de  09:00:00 à  14:30:00",
      "streets": "MANICK,DANS GIRAUMON",
      "from": "2022-09-13T05:00:00.000Z",
      "to": "2022-09-13T10:30:00.000Z",
      "id": "e0cd3b611456d7a2c3574d90a22d4039"
    },
    {
      "date": "Le samedi 10 septembre 2022 de  08:30:00 à  15:30:00",
      "streets": "JARDIN MAMZEL",
      "from": "2022-09-10T04:30:00.000Z",
      "to": "2022-09-10T11:30:00.000Z",
      "id": "79bbe1e6e8b64981ea8af10f9196f898"
    },
    {
      "date": "Le samedi 3 septembre 2022 de  14:30:00 à  15:30:00",
      "streets": "LA FERME,PISTACHE,PIMENT,BAIE TOPAZE,CAMP PINTADE,GRAND LA FOURCHE CORAIL",
      "from": "2022-09-03T10:30:00.000Z",
      "to": "2022-09-03T11:30:00.000Z",
      "id": "b9f593b111aabb1bb614b3f03734defe"
    },
    {
      "date": "Le samedi 3 septembre 2022 de  08:00:00 à  09:00:00",
      "streets": "LA FERME,PISTACHE,PIMENT,BAIE TOPAZE,CAMP PINTADE,GRAND LA FOURCHE CORAIL",
      "from": "2022-09-03T04:00:00.000Z",
      "to": "2022-09-03T05:00:00.000Z",
      "id": "4c891f60a74e18ce8db6bab1c6826dd5"
    },
    {
      "date": "Le mercredi 31 août 2022 de  09:00:00 à  14:00:00",
      "streets": "GRANDE MONTAGE ET BRULE",
      "from": "2022-08-31T05:00:00.000Z",
      "to": "2022-08-31T10:00:00.000Z",
      "id": "72265726c85d87710e7ceeabf706756d"
    },
    {
      "date": "Le samedi 27 août 2022 de  14:30:00 à  15:30:00",
      "streets": "HAUTEUR ACACIA,CAMP DU ROI,LE CHOU",
      "from": "2022-08-27T10:30:00.000Z",
      "to": "2022-08-27T11:30:00.000Z",
      "id": "7604031cf94ad4e3fe1a743964005b08"
    },
    {
      "date": "Le samedi 27 août 2022 de  08:30:00 à  15:30:00",
      "streets": "JARDIN MAMZEL,LUNION",
      "from": "2022-08-27T04:30:00.000Z",
      "to": "2022-08-27T11:30:00.000Z",
      "id": "df52d1076c9438547f8bf063b0016d84"
    },
    {
      "date": "Le samedi 27 août 2022 de  08:00:00 à  09:00:00",
      "streets": "HAUTEUR ACACIA,CAMP DU ROI,LE CHOU",
      "from": "2022-08-27T04:00:00.000Z",
      "to": "2022-08-27T05:00:00.000Z",
      "id": "50d0d7115fea525c688b693488c58db9"
    },
    {
      "date": "Le vendredi 26 août 2022 de  08:30:00 à  13:00:00",
      "streets": "TAMARIN,ANSE RAFFIN",
      "from": "2022-08-26T04:30:00.000Z",
      "to": "2022-08-26T09:00:00.000Z",
      "id": "859269f0bee42059ff7640bb8242fd87"
    },
    {
      "date": "Le mardi 23 août 2022 de  08:30:00 à  15:00:00",
      "streets": "RIVIERE BANANES",
      "from": "2022-08-23T04:30:00.000Z",
      "to": "2022-08-23T11:00:00.000Z",
      "id": "26b23a0857b5ef2c1b5a6f793baffada"
    },
    {
      "date": "Le samedi 20 août 2022 de  08:30:00 à  15:00:00",
      "streets": "DANS SAMY",
      "from": "2022-08-20T04:30:00.000Z",
      "to": "2022-08-20T11:00:00.000Z",
      "id": "34f5f766e543f0d7858bdf0b329323e4"
    },
    {
      "date": "Le jeudi 18 août 2022 de  12:00:00 à  16:00:00",
      "streets": "FOND LA DIGUE,MONTAGNE FANAL,CAMP DU ROI(ENVIRON LE BON MARCHE)",
      "from": "2022-08-18T08:00:00.000Z",
      "to": "2022-08-18T12:00:00.000Z",
      "id": "dee97229a08cc021a80138ba8c9da39c"
    },
    {
      "date": "Le vendredi 12 août 2022 de  09:00:00 à  11:00:00",
      "streets": "MALARTIC,BASSIN GALLARD",
      "from": "2022-08-12T05:00:00.000Z",
      "to": "2022-08-12T07:00:00.000Z",
      "id": "6731179d297bf6b101c42869c16c7800"
    },
    {
      "date": "Le samedi 6 août 2022 de  15:00:00 à  16:00:00",
      "streets": "Vangard, Citronelle et Sygangue",
      "from": "2022-08-06T11:00:00.000Z",
      "to": "2022-08-06T12:00:00.000Z",
      "id": "be249a874d26242ac4928ea28915a291"
    },
    {
      "date": "Le samedi 6 août 2022 de  14:30:00 à  15:30:00",
      "streets": "Nassola, Montagne Bois Noir, Montagne Malgache, Petit Brule, Grande Montagne, Coromandel, Saponaire, Batatran, Graviers, Brule, Roche Bon Dieu, Anse Ally, Pointe Coton et Saint Francois",
      "from": "2022-08-06T10:30:00.000Z",
      "to": "2022-08-06T11:30:00.000Z",
      "id": "47662b31121d71761d8360a6fc78f4e5"
    },
    {
      "date": "Le samedi 6 août 2022 de  08:30:00 à  15:30:00",
      "streets": "Trefles, Trois Soleil,Patates Theophile et Montagne Cabris Est",
      "from": "2022-08-06T04:30:00.000Z",
      "to": "2022-08-06T11:30:00.000Z",
      "id": "98dac50501bbf83e29a4cfc719bee956"
    },
    {
      "date": "Le mardi 26 juillet 2022 de  14:30:00 à  17:30:00",
      "streets": "baie Lascar, Mont Venus, creve Coeur,English Bay,Terre Rouge,Caverne Provert,Jean Tac,Baladirou,Montagne Goyaves",
      "from": "2022-07-26T10:30:00.000Z",
      "to": "2022-07-26T13:30:00.000Z",
      "id": "af141b739ff08767f32ae8e37e168439"
    },
    {
      "date": "Le mercredi 20 juillet 2022 de  14:00:00 à  15:00:00",
      "streets": "Jean Tac,Baladirou et Montagne Goyaves",
      "from": "2022-07-20T10:00:00.000Z",
      "to": "2022-07-20T11:00:00.000Z",
      "id": "94a2e15edd940cd0c6e026a5bcda780c"
    },
    {
      "date": "Le vendredi 8 juillet 2022 de  14:00:00 à  15:00:00",
      "streets": "MONT LIMON,BRULEE,MT MALGACHE,RIVIERE BANANE,GDE MONTAGNE,PTE COTTON,TREFLES,ST FRANCOIS,COROMANDEL,GRAVIER",
      "from": "2022-07-08T10:00:00.000Z",
      "to": "2022-07-08T11:00:00.000Z",
      "id": "93b7377e0e754053d64a63acf91d0d3a"
    },
    {
      "date": "Le mercredi 6 juillet 2022 de  12:00:00 à  16:00:00",
      "streets": "Grande Montagne, Saint DOr et Brule",
      "from": "2022-07-06T08:00:00.000Z",
      "to": "2022-07-06T12:00:00.000Z",
      "id": "8154b1cb3fe33ac7b0f44676f7db8c52"
    },
    {
      "date": "Le samedi 2 juillet 2022 de  08:30:00 à  15:00:00",
      "streets": "Marechal et Papayes",
      "from": "2022-07-02T04:30:00.000Z",
      "to": "2022-07-02T11:00:00.000Z",
      "id": "d2471e59d696d8cc8f1a784bf6c8a51a"
    },
    {
      "date": "Le jeudi 30 juin 2022 de  09:00:00 à  11:00:00",
      "streets": "Oranges, Vainqueur,Dans Bebe et Chateau DEau",
      "from": "2022-06-30T05:00:00.000Z",
      "to": "2022-06-30T07:00:00.000Z",
      "id": "9a3e61a3355b26a8af2f9c43fcb4390e"
    },
    {
      "date": "Le vendredi 24 juin 2022 de  12:00:00 à  16:00:00",
      "streets": "Anse aux Anglais",
      "from": "2022-06-24T08:00:00.000Z",
      "to": "2022-06-24T12:00:00.000Z",
      "id": "e0bfb75dc0c6334185c784df71fc6e14"
    },
    {
      "date": "Le mercredi 22 juin 2022 de  09:00:00 à  11:00:00",
      "streets": "PETIT BRULE,THAMBES,MONTAGNE MALGAHES.",
      "from": "2022-06-22T05:00:00.000Z",
      "to": "2022-06-22T07:00:00.000Z",
      "id": "73a7a0da30e26f2f98f7b30e9051f2f0"
    },
    {
      "date": "Le mardi 21 juin 2022 de  09:00:00 à  14:30:00",
      "streets": "saponnaire,montagne cabris est",
      "from": "2022-06-21T05:00:00.000Z",
      "to": "2022-06-21T10:30:00.000Z",
      "id": "076eead8ac2d4fc8319d6f7278c0eccb"
    },
    {
      "date": "Le samedi 18 juin 2022 de  08:30:00 à  15:30:00",
      "streets": "Coromandel, Batatran, Gravier et Anse Femi",
      "from": "2022-06-18T04:30:00.000Z",
      "to": "2022-06-18T11:30:00.000Z",
      "id": "02701941508a026f9424df17d8227879"
    },
    {
      "date": "Le samedi 11 juin 2022 de  08:30:00 à  15:00:00",
      "streets": "Bel Air et Riviere Banane",
      "from": "2022-06-11T04:30:00.000Z",
      "to": "2022-06-11T11:00:00.000Z",
      "id": "e87109f4be22ce11b13354283bb3f03b"
    },
    {
      "date": "Le mardi 7 juin 2022 de  12:00:00 à  16:00:00",
      "streets": "Anse Raffin,Tamarin,Riviere Coco,Ile Michel et Grand Var",
      "from": "2022-06-07T08:00:00.000Z",
      "to": "2022-06-07T12:00:00.000Z",
      "id": "118c280b5424b8c8a42a52c8f91e308b"
    },
    {
      "date": "Le mardi 31 mai 2022 de  12:00:00 à  14:00:00",
      "streets": "Terre Rouge",
      "from": "2022-05-31T08:00:00.000Z",
      "to": "2022-05-31T10:00:00.000Z",
      "id": "3aa75604594ec7a5531c137f1f103ce1"
    },
    {
      "date": "Le mercredi 25 mai 2022 de  08:30:00 à  14:00:00",
      "streets": "Fond La Digue",
      "from": "2022-05-25T04:30:00.000Z",
      "to": "2022-05-25T10:00:00.000Z",
      "id": "c4657dda737e0516c004c74d3d67e0a8"
    },
    {
      "date": "Le jeudi 19 mai 2022 de  15:00:00 à  17:00:00",
      "streets": "Mont Lubin a Dan Bebe,Mont Limon a Grande Montagne,Brule a Riviere Banane,Trefles a Pointe Coton,Trefles a Montagne Cabris Est,Palissade a Montagne Malgache,Pointe Coton a St Francois",
      "from": "2022-05-19T11:00:00.000Z",
      "to": "2022-05-19T13:00:00.000Z",
      "id": "f8ef0c2814be5627fcc560b5febf75e7"
    },
    {
      "date": "Le mardi 26 avril 2022 de  12:00:00 à  16:00:00",
      "streets": "Malabar,Le Chou,Soupir et Montagne Charlot",
      "from": "2022-04-26T08:00:00.000Z",
      "to": "2022-04-26T12:00:00.000Z",
      "id": "7ddad18ea0bbdc73f37245c123f9d854"
    },
    {
      "date": "Le mercredi 6 avril 2022 de  13:00:00 à  15:00:00",
      "streets": "Songe,Anse Baleine,Parc Tortue",
      "from": "2022-04-06T09:00:00.000Z",
      "to": "2022-04-06T11:00:00.000Z",
      "id": "52d43c871cb3c57ea75da493465248d5"
    },
    {
      "date": "Le samedi 19 mars 2022 de  08:30:00 à  15:30:00",
      "streets": "Riviere coco, Port Sud Est, Mourouck, Anse Enfer et Montagne Cherie",
      "from": "2022-03-19T04:30:00.000Z",
      "to": "2022-03-19T11:30:00.000Z",
      "id": "4980aa2b91b626b4a9605b3834671b78"
    },
    {
      "date": "Le mardi 15 mars 2022 de  09:00:00 à  12:00:00",
      "streets": "Camp Pintade,Montagne Croupier,Baie Topaze,Montagne Plate",
      "from": "2022-03-15T05:00:00.000Z",
      "to": "2022-03-15T08:00:00.000Z",
      "id": "a0975471e20b08a475f04083919eda9b"
    }
  ]
}