{
  "slug": "saint-pierre",
  "name": "SAINT PIERRE",
  "district": "moka",
  "generated": "2026-01-07T17:04:01.065Z",
  "outageCount": 55,
  "firstOutage": "2022-03-13",
  "lastOutage": "2026-01-02",
  "outages": [
    {
      "date": "Le vendredi 2 janvier 2026 de  09:00:00 à  11:00:00",
      "streets": "REGION REDUIT/MOKA/SAINT PIERRE",
      "from": "2026-01-02T05:00:00.000Z",
      "to": "2026-01-02T07:00:00.000Z",
      "id": "4014f83f2b4db573c658ef4df9060630"
    },
    {
      "date": "Le mardi 11 novembre 2025 de  16:00:00 à  17:30:00",
      "streets": "MORCELLEMENT BLUEPRINT, CIRCONSTANCE, VILLAGE DE L-AVENIR, SCHOOL LANE, MOHIT ROAD ET MORC VRS No 1.",
      "from": "2025-11-11T12:00:00.000Z",
      "to": "2025-11-11T13:30:00.000Z",
      "id": "9c8293416ba1153ae0ae6c5370a9fccf"
    },
    {
      "date": "Le dimanche 2 novembre 2025 de  08:40:00 à  12:00:00",
      "streets": "Morc VRS 2,Lavenir  Saint Pierre",
      "from": "2025-11-02T04:40:00.000Z",
      "to": "2025-11-02T08:00:00.000Z",
      "id": "d24a6b8ae8a2f5eebdd4f32a1fbfcfb7"
    },
    {
      "date": "Le samedi 25 octobre 2025 de  08:00:00 à  15:00:00",
      "streets": "PETIT VERGER BRANCH RD,NICHOLAS RD, ROUSSET, CHANTENAY, MADHOO LANE ET LES ENVIRONS",
      "from": "2025-10-25T04:00:00.000Z",
      "to": "2025-10-25T11:00:00.000Z",
      "id": "75ec5538732905ea796d09e93e3e6bef"
    },
    {
      "date": "Le jeudi 9 octobre 2025 de  11:00:00 à  12:30:00",
      "streets": "CHANTENAY ROAD,PETIT VERGER",
      "from": "2025-10-09T07:00:00.000Z",
      "to": "2025-10-09T08:30:00.000Z",
      "id": "ae898d15464ff70aa57a6576374938a3"
    },
    {
      "date": "Le dimanche 21 septembre 2025 de  08:30:00 à  15:30:00",
      "streets": "Rte Bois Cheri, Roselyn Cottage, Riviere Baptiste, Petit Verger et Le Pouce",
      "from": "2025-09-21T04:30:00.000Z",
      "to": "2025-09-21T11:30:00.000Z",
      "id": "72dc60c6fbb89587a3e796d079307225"
    },
    {
      "date": "Le dimanche 17 août 2025 de  08:00:00 à  14:30:00",
      "streets": "INDUSTRIAL ZONE SAINT PIERRE",
      "from": "2025-08-17T04:00:00.000Z",
      "to": "2025-08-17T10:30:00.000Z",
      "id": "fa912d47d392139092da1033c6b37909"
    },
    {
      "date": "Le jeudi 7 août 2025 de  15:30:00 à  19:00:00",
      "streets": "BOIS CHERI RD,PETIT VERGER",
      "from": "2025-08-07T11:30:00.000Z",
      "to": "2025-08-07T15:00:00.000Z",
      "id": "b2a05615a136fe6d8cb664710ca11094"
    },
    {
      "date": "Le dimanche 27 juillet 2025 de  08:30:00 à  15:30:00",
      "streets": "Route Bois Cheri, Riviere Baptiste, Francois Woo, en partie St Pierre et Le Pouce",
      "from": "2025-07-27T04:30:00.000Z",
      "to": "2025-07-27T11:30:00.000Z",
      "id": "0e29856e0c4b9b3919a71726831fb1ce"
    },
    {
      "date": "Le samedi 26 juillet 2025 de  08:30:00 à  15:00:00",
      "streets": "Morc Traffic Centre, Nicoliere Rd, Royal Road, Industrial Zone et Morc MDA",
      "from": "2025-07-26T04:30:00.000Z",
      "to": "2025-07-26T11:00:00.000Z",
      "id": "054e2732e40a0047262d57ae7d9d1b00"
    },
    {
      "date": "Le dimanche 6 avril 2025 de  06:00:00 à  12:00:00",
      "streets": "ST PIERRE",
      "from": "2025-04-06T02:00:00.000Z",
      "to": "2025-04-06T08:00:00.000Z",
      "id": "88fc5dfdc3e00bafd3155457e82f8c84"
    },
    {
      "date": "Le samedi 5 avril 2025 de  14:30:00 à  15:30:00",
      "streets": "LAgrement, LAvenir, Circonstance, La Laura, Malinga, Nouvelle Decouverte, Ripailles, Beau-Bois",
      "from": "2025-04-05T10:30:00.000Z",
      "to": "2025-04-05T11:30:00.000Z",
      "id": "6d7a9073372d8c8974d32522c65e4729"
    },
    {
      "date": "Le samedi 5 avril 2025 de  08:30:00 à  09:30:00",
      "streets": "LAgrement, LAvenir, Circonstance, La Laura, Malinga, Nouvelle Decouverte, Ripailles, Beau-Bois",
      "from": "2025-04-05T04:30:00.000Z",
      "to": "2025-04-05T05:30:00.000Z",
      "id": "2652ebdf012ecaa333e89f3911a4de32"
    },
    {
      "date": "Le samedi 22 mars 2025 de  10:50:00 à  11:10:00",
      "streets": "Morc Mount View,Lavenir",
      "from": "2025-03-22T06:50:00.000Z",
      "to": "2025-03-22T07:10:00.000Z",
      "id": "d3f69e1547757b4fa79105f5823cff48"
    },
    {
      "date": "Le dimanche 16 mars 2025 de  08:30:00 à  15:00:00",
      "streets": "CAUDAN SECURITY, CHEMIN LA POLICE, TROPIC KNITS, LES COCOTTES ET LES ENVIRONS",
      "from": "2025-03-16T04:30:00.000Z",
      "to": "2025-03-16T11:00:00.000Z",
      "id": "8fd96f7a8cfdd053f9fa3c88513c55c9"
    },
    {
      "date": "Le samedi 18 janvier 2025 de  08:30:00 à  16:45:00",
      "streets": "Malinga, La Laura Village, Roselyn Cottage Farm, La Laura et CWA Malinga",
      "from": "2025-01-18T04:30:00.000Z",
      "to": "2025-01-18T12:45:00.000Z",
      "id": "279b7dd1379f86e4015fe73e0d85ec0a"
    },
    {
      "date": "Le dimanche 12 janvier 2025 de  08:30:00 à  15:30:00",
      "streets": "MDA Housing Estate, CHA St Pierre, Winners, MCB, Traffic Centre, Morc MDA, Farmers Centre et CWA Verdun",
      "from": "2025-01-12T04:30:00.000Z",
      "to": "2025-01-12T11:30:00.000Z",
      "id": "aa120a058f715501aa89da752c9d4974"
    },
    {
      "date": "Le dimanche 8 décembre 2024 de  08:30:00 à  15:30:00",
      "streets": "Royal Road St Pierre, Le Cocotte, Le Facine Construction, Tropic Knits et en partie Zone Industrial St Pierre",
      "from": "2024-12-08T04:30:00.000Z",
      "to": "2024-12-08T11:30:00.000Z",
      "id": "517c6f55a55b4fd111c0b0c58f7fe1a5"
    },
    {
      "date": "Le mercredi 13 novembre 2024 de  18:15:00 à  18:45:00",
      "streets": "LAGREMENT,STE CATHERINE",
      "from": "2024-11-13T14:15:00.000Z",
      "to": "2024-11-13T14:45:00.000Z",
      "id": "650b255a79ed3285f9e01f474cc33079"
    },
    {
      "date": "Le jeudi 26 septembre 2024 de  11:20:00 à  12:20:00",
      "streets": "BOIS CHERI,INDUSTRIAL ZONE ST PIERRE, VERDUN",
      "from": "2024-09-26T07:20:00.000Z",
      "to": "2024-09-26T08:20:00.000Z",
      "id": "a05005e03e010e25d7a9720b2b25715b"
    },
    {
      "date": "Le lundi 26 août 2024 de  18:00:00 à  22:00:00",
      "streets": "TEMPL RD-ST CATHRINE-DESVEAUX RD LAGREMENT -MORC FRANGIPANE CIRCONSTANCE ST PIERRE",
      "from": "2024-08-26T14:00:00.000Z",
      "to": "2024-08-26T18:00:00.000Z",
      "id": "3414f66d09c1a17ab8b27636ca4c3e73"
    },
    {
      "date": "Le dimanche 18 août 2024 de  08:30:00 à  15:30:00",
      "streets": "LAVENIR, MORC FRANGIPANE, MORC BLUEPRINT, MORC L’AVENIR VRS 1, VILLAGE L’AVENIR et LES ENVIRONS",
      "from": "2024-08-18T04:30:00.000Z",
      "to": "2024-08-18T11:30:00.000Z",
      "id": "18d3d5b1063b4e7e30ea308876469c3b"
    },
    {
      "date": "Le vendredi 17 mai 2024 de  09:45:00 à  12:00:00",
      "streets": "La laura",
      "from": "2024-05-17T05:45:00.000Z",
      "to": "2024-05-17T08:00:00.000Z",
      "id": "535fe9160f05e455b1abf3f9e7fc4a55"
    },
    {
      "date": "Le jeudi 9 mai 2024 de  12:00:00 à  15:30:00",
      "streets": "Morc Traffic Centre,St Pierre",
      "from": "2024-05-09T08:00:00.000Z",
      "to": "2024-05-09T11:30:00.000Z",
      "id": "6ff46072ba23b1f815ce2ac7e96b0041"
    },
    {
      "date": "Le jeudi 4 avril 2024 de  09:00:00 à  15:00:00",
      "streets": "LAVENIR ST PIERRE",
      "from": "2024-04-04T05:00:00.000Z",
      "to": "2024-04-04T11:00:00.000Z",
      "id": "d63cff169bbd52c26230631801903ea2"
    },
    {
      "date": "Le dimanche 10 mars 2024 de  08:30:00 à  16:00:00",
      "streets": "MORC VRS LAGREMENT, NHDC LAVENIR ET CIRCONSTANCE.",
      "from": "2024-03-10T04:30:00.000Z",
      "to": "2024-03-10T12:00:00.000Z",
      "id": "4c66cd562b0fde246e1a8f0d1a96ff74"
    },
    {
      "date": "Le samedi 9 mars 2024 de  08:30:00 à  16:00:00",
      "streets": "LES ABONNES DE MALINGA ET LA LAURA.",
      "from": "2024-03-09T04:30:00.000Z",
      "to": "2024-03-09T12:00:00.000Z",
      "id": "5b7d03b530d320b8859046a18e7293a5"
    },
    {
      "date": "Le dimanche 3 mars 2024 de  08:30:00 à  16:00:00",
      "streets": "MALINGA, LA LAURA ET LES ENVIRONS",
      "from": "2024-03-03T04:30:00.000Z",
      "to": "2024-03-03T12:00:00.000Z",
      "id": "3ae8d76adec1d374bf832d348b6f0b4d"
    },
    {
      "date": "Le samedi 2 mars 2024 de  08:30:00 à  16:00:00",
      "streets": "MORC L’AVENIR VRS 2 ET LES ENVIRONS",
      "from": "2024-03-02T04:30:00.000Z",
      "to": "2024-03-02T12:00:00.000Z",
      "id": "6ad8b87c1f8dbcc02bc5c1fd6c19bd03"
    },
    {
      "date": "Le mardi 13 février 2024 de  15:00:00 à  16:00:00",
      "streets": "REGION MONTAGNE ORY,MOKA,HELVETIA,STPIERRE",
      "from": "2024-02-13T11:00:00.000Z",
      "to": "2024-02-13T12:00:00.000Z",
      "id": "83a8791790e4d880c3b3d735fda696e7"
    },
    {
      "date": "Le jeudi 8 février 2024 de  02:25:00 à  16:30:00",
      "streets": "LAgrement & Circonstance",
      "from": "2024-02-07T22:25:00.000Z",
      "to": "2024-02-07T12:30:00.000Z",
      "id": "0646761e2838ced80b93bd28060bc31b"
    },
    {
      "date": "Le jeudi 25 janvier 2024 de  10:00:00 à  12:30:00",
      "streets": "B CHERI RD VERS LE POUCE,ROSELINE COTTAGE",
      "from": "2024-01-25T06:00:00.000Z",
      "to": "2024-01-25T08:30:00.000Z",
      "id": "8211dfa1dd9021e550316fa0b8826544"
    },
    {
      "date": "Le lundi 27 novembre 2023 de  14:30:00 à  16:30:00",
      "streets": "RIVIERRE BAPTISTE, PETIT VERGER, SAINT PIERRE",
      "from": "2023-11-27T10:30:00.000Z",
      "to": "2023-11-27T12:30:00.000Z",
      "id": "909c4361074d10738536b03908868c8c"
    },
    {
      "date": "Le dimanche 5 novembre 2023 de  09:00:00 à  16:00:00",
      "streets": "BUSINESS PARK VIVEA",
      "from": "2023-11-05T05:00:00.000Z",
      "to": "2023-11-05T12:00:00.000Z",
      "id": "24aab05eb371ef88ff0625bba8f1fb80"
    },
    {
      "date": "Le dimanche 9 juillet 2023 de  15:30:00 à  16:00:00",
      "streets": "LA LAURA,MALENGA, LAGREMENT,L\"AVENIR,N DECOUVERTE,",
      "from": "2023-07-09T11:30:00.000Z",
      "to": "2023-07-09T12:00:00.000Z",
      "id": "39112ed54e32686611a682b4ab266b55"
    },
    {
      "date": "Le mercredi 7 juin 2023 de  11:15:00 à  12:15:00",
      "streets": "CHEMIN PORSCHE ST PIERRE",
      "from": "2023-06-07T07:15:00.000Z",
      "to": "2023-06-07T08:15:00.000Z",
      "id": "7caa194ac220e84f4519214e11fb9ff5"
    },
    {
      "date": "Le mercredi 7 juin 2023 de  09:50:00 à  11:50:00",
      "streets": "LES ABONNES DE PONT BADAL ST PIERRE DANS LES ENVIRONS DE LPG. (CHANGING OF LV POLE)",
      "from": "2023-06-07T05:50:00.000Z",
      "to": "2023-06-07T07:50:00.000Z",
      "id": "0488a38a6de037f719fbc4257c4ea536"
    },
    {
      "date": "Le dimanche 14 mai 2023 de  08:30:00 à  16:00:00",
      "streets": "Bloomage Office, MDA Pump, Larsen & Toubro, Cogir, Bayway, MDA Properties, Light House, ENL House et Ouranos",
      "from": "2023-05-14T04:30:00.000Z",
      "to": "2023-05-14T12:00:00.000Z",
      "id": "bc24c6ff5b130b2b4a3572430d1c96e0"
    },
    {
      "date": "Le samedi 8 avril 2023 de  08:30:00 à  16:00:00",
      "streets": "CIRCONSTANCE ST PIERRE-CREMATION RD-NHDC-MORC VRS ST PIERRE",
      "from": "2023-04-08T04:30:00.000Z",
      "to": "2023-04-08T12:00:00.000Z",
      "id": "7afc499aaad0055c59e4b76a8c389e42"
    },
    {
      "date": "Le lundi 27 mars 2023 de  10:10:00 à  11:30:00",
      "streets": "CIRCONSTANCE ST PIERRE",
      "from": "2023-03-27T06:10:00.000Z",
      "to": "2023-03-27T07:30:00.000Z",
      "id": "09ff955c4559a5b37b2bada076dbf567"
    },
    {
      "date": "Le samedi 25 février 2023 de  10:00:00 à  13:00:00",
      "streets": "LES ABONNES DE LAGREMENT ST PIERRE DANS LES ENVIRONS DE TAMIL TEMPLE ROAD ET LES RUELLES AVOISINANTES.",
      "from": "2023-02-25T06:00:00.000Z",
      "to": "2023-02-25T09:00:00.000Z",
      "id": "4f582a81b1096d293056558130b668ba"
    },
    {
      "date": "Le jeudi 2 février 2023 de  13:45:00 à  14:45:00",
      "streets": "MORC VRS 2 LAVENIR ST PIERRE",
      "from": "2023-02-02T09:45:00.000Z",
      "to": "2023-02-02T10:45:00.000Z",
      "id": "fcf48c3e1f8eae47bc7c6a43bd16fcd9"
    },
    {
      "date": "Le samedi 21 janvier 2023 de  08:30:00 à  16:00:00",
      "streets": "Tropic Knit, Hyvec, MDA et Industrial Zone St Pierre",
      "from": "2023-01-21T04:30:00.000Z",
      "to": "2023-01-21T12:00:00.000Z",
      "id": "0998fa0d73919f3dbe8a1e8b44c442ad"
    },
    {
      "date": "Le dimanche 8 janvier 2023 de  21:00:00 à  01:00:00",
      "streets": "LAGREMENT ST PIERRE",
      "from": "2023-01-08T17:00:00.000Z",
      "to": "2023-01-07T21:00:00.000Z",
      "id": "4932e9febc0aadfeb9826fee1a05724a"
    },
    {
      "date": "Le jeudi 1 décembre 2022 de  14:00:00 à  18:00:00",
      "streets": "LAGREMENT,CIRCONSTANCE ST PIERRE",
      "from": "2022-12-01T10:00:00.000Z",
      "to": "2022-12-01T14:00:00.000Z",
      "id": "eeff311a29e920c27e384e35d55e03a2"
    },
    {
      "date": "Le lundi 21 novembre 2022 de  14:00:00 à  17:00:00",
      "streets": "LAGREMENT ST PIERRE",
      "from": "2022-11-21T10:00:00.000Z",
      "to": "2022-11-21T13:00:00.000Z",
      "id": "6d74acb92b128bfa7e08228653501b3c"
    },
    {
      "date": "Le vendredi 18 novembre 2022 de  09:30:00 à  16:00:00",
      "streets": "Dagotiere Post Office et CWA Dagotiere",
      "from": "2022-11-18T05:30:00.000Z",
      "to": "2022-11-18T12:00:00.000Z",
      "id": "f32936e00b0ac05d7bf72ddf204d94e5"
    },
    {
      "date": "Le vendredi 18 novembre 2022 de  08:30:00 à  10:30:00",
      "streets": "La Laura, Malinga, LAvenir, Circonstance et Morc Frangipane",
      "from": "2022-11-18T04:30:00.000Z",
      "to": "2022-11-18T06:30:00.000Z",
      "id": "1e1628c4b20e7b6a16be6230b8d1fbae"
    },
    {
      "date": "Le lundi 19 septembre 2022 de  10:00:00 à  12:00:00",
      "streets": "MADOO LANE,PETIT VERGER",
      "from": "2022-09-19T06:00:00.000Z",
      "to": "2022-09-19T08:00:00.000Z",
      "id": "81981a0c86fe4e11d810f5dbfd590d93"
    },
    {
      "date": "Le dimanche 11 septembre 2022 de  08:30:00 à  16:00:00",
      "streets": "Zone Industrielle et dans les environs",
      "from": "2022-09-11T04:30:00.000Z",
      "to": "2022-09-11T12:00:00.000Z",
      "id": "aa935c82a21162138baa55343d08d076"
    },
    {
      "date": "Le samedi 6 août 2022 de  08:30:00 à  16:00:00",
      "streets": "Circonstance, LAgrement, Morc Frangipane 1 & 2, LAvenir Shivala, LAvenir School Lane et CWA Verdun",
      "from": "2022-08-06T04:30:00.000Z",
      "to": "2022-08-06T12:00:00.000Z",
      "id": "5ecadf4edd2c5fe29ce0a05412ae8485"
    },
    {
      "date": "Le jeudi 4 août 2022 de  08:30:00 à  14:00:00",
      "streets": "CAMP SAMY, ROUTE BOIS CHERI, CAMP LASERPE, CHATEAU VALORY ET DANS LES ENVIRONS DE LE BOCAGE",
      "from": "2022-08-04T04:30:00.000Z",
      "to": "2022-08-04T10:00:00.000Z",
      "id": "bb0c3ef87f9d0166a69e8a06318aa52e"
    },
    {
      "date": "Le jeudi 26 mai 2022 de  14:30:00 à  17:30:00",
      "streets": "College Nelson, SBM St Pierre, College Lorette, St Pierre Village, Rte Bois Cherie, Francois Woo, Khedaran, Le Pouce et Riv Baptiste",
      "from": "2022-05-26T10:30:00.000Z",
      "to": "2022-05-26T13:30:00.000Z",
      "id": "84b3e965fe1c3f7e513ffa16eeaf2c65"
    },
    {
      "date": "Le vendredi 6 mai 2022 de  09:30:00 à  15:30:00",
      "streets": "Temple Rd LAgrement, Market Lane, Cite Ste Catherine, Morc Desmarais, Shivala LAgrement, M.S.A. St Pierre, NHDC Circonstance, LPG Circonstance et Morc Frangipanes",
      "from": "2022-05-06T05:30:00.000Z",
      "to": "2022-05-06T11:30:00.000Z",
      "id": "5643f4dc1f80b947684902c0a6ada35f"
    },
    {
      "date": "Le dimanche 13 mars 2022 de  08:30:00 à  16:00:00",
      "streets": "La Laura Village, Malinga, Morc VRS 1,2,3, Roselyn Cottage, Fail LAvenir, CWA Beau-Bois, Ripailles, Azaree, MTS Ripailles, Rajabally Nouvelle Decouverte, Fodder, MOA et Government School",
      "from": "2022-03-13T04:30:00.000Z",
      "to": "2022-03-13T12:00:00.000Z",
      "id": "a91a80b72dcbb6e5a7eb8e072823955f"
    }
  ]
}