{
  "slug": "sebastopol",
  "name": "SEBASTOPOL",
  "district": "flacq",
  "generated": "2026-01-10T07:01:20.338Z",
  "outageCount": 15,
  "firstOutage": "2022-04-12",
  "lastOutage": "2025-12-10",
  "outages": [
    {
      "date": "Le mercredi 10 décembre 2025 de  21:00:00 à  22:00:00",
      "streets": "ROYAL ROAD NEAR SHIVALA",
      "from": "2025-12-10T17:00:00.000Z",
      "to": "2025-12-10T18:00:00.000Z",
      "id": "d2d828741779657ce9c95159390701a2"
    },
    {
      "date": "Le dimanche 12 octobre 2025 de  09:00:00 à  16:00:00",
      "streets": "dans les périmètres et rues suivante : Lesur, Résidence Clavet, Cent-Gaulette Road, Bombaye Road, Camp Sonnar, Soodin et Tourist Street",
      "from": "2025-10-12T05:00:00.000Z",
      "to": "2025-10-12T12:00:00.000Z",
      "id": "d978dc43a2ab027145a36730385d67fd"
    },
    {
      "date": "Le vendredi 4 avril 2025 de  09:40:00 à  10:40:00",
      "streets": "PELLEGRIN",
      "from": "2025-04-04T05:40:00.000Z",
      "to": "2025-04-04T06:40:00.000Z",
      "id": "89c772e41284eb46054da7eccbfc53bd"
    },
    {
      "date": "Le dimanche 16 mars 2025 de  08:30:00 à  12:00:00",
      "streets": "dans les périmètres et rues suivantes : Seetaram road, Eagle road et Kewal road",
      "from": "2025-03-16T04:30:00.000Z",
      "to": "2025-03-16T08:00:00.000Z",
      "id": "4dfb8a0fb05fad17be0c402b5774536f"
    },
    {
      "date": "Le lundi 28 octobre 2024 de  09:30:00 à  15:00:00",
      "streets": "dans les environs de Cent Gaulettes Road",
      "from": "2024-10-28T05:30:00.000Z",
      "to": "2024-10-28T11:00:00.000Z",
      "id": "e7d13ae7c90d9b90d8c3c0f82141a639"
    },
    {
      "date": "Le vendredi 16 août 2024 de  09:30:00 à  12:00:00",
      "streets": "Cent Gaulettes Road, Camp Bombay Road, Riverside Road et les ruelles avoisinantes",
      "from": "2024-08-16T05:30:00.000Z",
      "to": "2024-08-16T08:00:00.000Z",
      "id": "f9f711e717dc04fbf9c3706332f864e6"
    },
    {
      "date": "Le mardi 2 juillet 2024 de  09:30:00 à  14:00:00",
      "streets": "Pellegrin- SebatopolKewal Street and Seetaram Road",
      "from": "2024-07-02T05:30:00.000Z",
      "to": "2024-07-02T10:00:00.000Z",
      "id": "29de5277bacbc9faaa780bcb17be7ceb"
    },
    {
      "date": "Le jeudi 7 mars 2024 de  12:30:00 à  13:30:00",
      "streets": "CLAVET,WHOLE REGION OF SEBASTOPOL",
      "from": "2024-03-07T08:30:00.000Z",
      "to": "2024-03-07T09:30:00.000Z",
      "id": "d7106e03d5d60eeadc0ab9b3174d5374"
    },
    {
      "date": "Le samedi 11 novembre 2023 de  07:00:00 à  14:00:00",
      "streets": "DOMAINE ETOILE",
      "from": "2023-11-11T03:00:00.000Z",
      "to": "2023-11-11T10:00:00.000Z",
      "id": "0ff9ba4e4f6343b00563752740305fa7"
    },
    {
      "date": "Le lundi 12 juin 2023 de  13:00:00 à  14:00:00",
      "streets": "Les abonnés du village de Sébastopol habitant les rues et les régions suivantes : Soodin, Tourist, Camp Sonnar, Impasse Boodhoo et les ruelles avoisinantes",
      "from": "2023-06-12T09:00:00.000Z",
      "to": "2023-06-12T10:00:00.000Z",
      "id": "f1f1fd1e3fc14d528e8c332e1f0536d2"
    },
    {
      "date": "Le mercredi 5 avril 2023 de  09:30:00 à  11:30:00",
      "streets": "CHEMIN CENT GAULETTE SEBASTOPOL",
      "from": "2023-04-05T05:30:00.000Z",
      "to": "2023-04-05T07:30:00.000Z",
      "id": "02dc6ded539a6556e6753a8e5c638187"
    },
    {
      "date": "Le dimanche 6 novembre 2022 de  09:00:00 à  16:00:00",
      "streets": "Les abonnés du village de Sébastopol habitant les rues et les régions suivantes : Rajcoomar, Mosque, Soodin, Heaven, Tourist, Camp Sonnar, Sobrun, Cent Gaulettes, Bombay, Clavette, Gooly, impasse Petit Paquet, NHDC Sebastopol et les ruelles avoisinantes",
      "from": "2022-11-06T05:00:00.000Z",
      "to": "2022-11-06T12:00:00.000Z",
      "id": "bde32125761002a5cf88ce9907dfdedb"
    },
    {
      "date": "Le jeudi 22 septembre 2022 de  10:00:00 à  15:00:00",
      "streets": "MORC FLITEDOR NR POST OFFICE SEBASTOPOL",
      "from": "2022-09-22T06:00:00.000Z",
      "to": "2022-09-22T11:00:00.000Z",
      "id": "7850a4fca61cd2fb62e718f1f18bf08c"
    },
    {
      "date": "Le jeudi 23 juin 2022 de  10:00:00 à  11:00:00",
      "streets": "CLAVET-NHDC-GOVINDA RD SEBASTOPOL",
      "from": "2022-06-23T06:00:00.000Z",
      "to": "2022-06-23T07:00:00.000Z",
      "id": "6585a2555cc202d7f377b5d3b6702db3"
    },
    {
      "date": "Le mardi 12 avril 2022 de  12:00:00 à  15:00:00",
      "streets": "Les abonnés du villages de Lessur, Sébastopol et Cent Gaulettes habitant les rues et les régions suivantes : Route Royal Lessur, Beekoo, Kalimaye, Baitha Cemetery, Cité EDC, Boobun, Parot, Kestrel, Seetaram, Kewal, Parsad, Camp Sonar, Bosquet, Mosquée, Subron, Tourist, Cent Gaulettes, Boodhun, New Heaven, Soodin, Clavette Madhoo  et les ruelles avoisinantes",
      "from": "2022-04-12T08:00:00.000Z",
      "to": "2022-04-12T11:00:00.000Z",
      "id": "d5fa51568813031a72e525d9137e803f"
    }
  ]
}