{
  "slug": "tombeau-bay",
  "name": "TOMBEAU BAY",
  "district": "pamplemousses",
  "generated": "2026-02-19T10:12:14.279Z",
  "outageCount": 130,
  "firstOutage": "2022-03-27",
  "lastOutage": "2026-02-22",
  "outages": [
    {
      "date": "Le dimanche 22 février 2026 de  08:30:00 à  14:30:00",
      "streets": "DANS LES ENVIRONS DE MORC COPRIM, MORC CONCORDE, MORC LA COCHEYLE, RESIDENCE FLORIDA, LAND SETTLEMENT, SAINT JOSEPH ROAD ET UNE PARTIE DE LA ROUTE COTIERE",
      "from": "2026-02-22T04:30:00.000Z",
      "to": "2026-02-22T10:30:00.000Z",
      "id": "2b5c20ee6ba0b16778ed89516a21e630"
    },
    {
      "date": "Le samedi 14 février 2026 de  15:00:00 à  21:15:00",
      "streets": "FLORIDA TOMBEAU BAY",
      "from": "2026-02-14T11:00:00.000Z",
      "to": "2026-02-14T17:15:00.000Z",
      "id": "07fffb8b6d6a0e3cb2728320b130a51e"
    },
    {
      "date": "Le vendredi 13 février 2026 de  16:00:00 à  17:30:00",
      "streets": "DANS LES ENVIRONS DES RUES CORMORANTS, CARPES, CARANDINE, CAPITAINE, SIMLA WAY ET UNE PARTIE DE LA ROUTE COTIERE",
      "from": "2026-02-13T12:00:00.000Z",
      "to": "2026-02-13T13:30:00.000Z",
      "id": "8ed7ded190115dc0ee602ddd210c4d37"
    },
    {
      "date": "Le mercredi 4 février 2026 de  17:30:00 à  18:30:00",
      "streets": "SCHOOL LANE, COASTAL ROAD ET MORCELLEMENT SWAN.",
      "from": "2026-02-04T13:30:00.000Z",
      "to": "2026-02-04T14:30:00.000Z",
      "id": "49b443908b0cabdbe1927c07b829d222"
    },
    {
      "date": "Le mercredi 4 février 2026 de  16:20:00 à  17:30:00",
      "streets": "APRES ST MALO EN DIRECTION FINITION BAIE DE TOMBEAU.",
      "from": "2026-02-04T12:20:00.000Z",
      "to": "2026-02-04T13:30:00.000Z",
      "id": "96736ffc46827237413467cef73acea1"
    },
    {
      "date": "Le mercredi 4 février 2026 de  16:00:00 à  20:00:00",
      "streets": "ROUTE ROYALE DANS LES ENVIRONS STATION DE POLICE ET LA POSTE.",
      "from": "2026-02-04T12:00:00.000Z",
      "to": "2026-02-04T16:00:00.000Z",
      "id": "001d66aa08965ab711d3da08d3113f77"
    },
    {
      "date": "Le samedi 24 janvier 2026 de  10:00:00 à  11:30:00",
      "streets": "MORC MADHOO,MACADAM,NHDC",
      "from": "2026-01-24T06:00:00.000Z",
      "to": "2026-01-24T07:30:00.000Z",
      "id": "862ddd2c53f3e5850e2b282234597677"
    },
    {
      "date": "Le vendredi 23 janvier 2026 de  09:50:00 à  11:00:00",
      "streets": "ELISABETH VILLE, COMORANS, CARBES, CAPITAINES AVE, SIMLA WAY AND PART OF ROYAL ROAD",
      "from": "2026-01-23T05:50:00.000Z",
      "to": "2026-01-23T07:00:00.000Z",
      "id": "4f5ebc6cee34f6f532378eb29b23d569"
    },
    {
      "date": "Le mardi 20 janvier 2026 de  10:00:00 à  13:30:00",
      "streets": "RUE TOURTERELLE,PAILL EN QUEUE ROULLARD",
      "from": "2026-01-20T06:00:00.000Z",
      "to": "2026-01-20T09:30:00.000Z",
      "id": "f9a8eca564ce01d1128c9a6a96c46a13"
    },
    {
      "date": "Le lundi 15 décembre 2025 de  17:00:00 à  21:00:00",
      "streets": "JASMIN RD TOMBEAU BAY",
      "from": "2025-12-15T13:00:00.000Z",
      "to": "2025-12-15T17:00:00.000Z",
      "id": "5e48f2a38735ad76ddfe93ca1f2f3ba4"
    },
    {
      "date": "Le lundi 15 décembre 2025 de  11:30:00 à  15:00:00",
      "streets": "Rues Cocotiers,Tourterelles,Palmiers,Tamarinier",
      "from": "2025-12-15T07:30:00.000Z",
      "to": "2025-12-15T11:00:00.000Z",
      "id": "ee3cbeaf4d6271262ecdcaaeb02c7d20"
    },
    {
      "date": "Le dimanche 14 décembre 2025 de  15:00:00 à  19:00:00",
      "streets": "ELIZABETH VILLE",
      "from": "2025-12-14T11:00:00.000Z",
      "to": "2025-12-14T15:00:00.000Z",
      "id": "4812e4ce3edfbab419637f42a93bfbff"
    },
    {
      "date": "Le samedi 6 décembre 2025 de  09:00:00 à  12:00:00",
      "streets": "DANS LES ENVIRONS DE MORC FON SING, MORC ZENITH, MORC HAPPY VALLEY, MORC SWAN, MORC MAHADOO, MORC DECROIZILLES, MORC CHOONEE, MORCGOOGOOLA, SCHOOL LANE, DOCKERS VILLAGE, RESIDENCE BAYVILLAGE ET UNE PARTIE DE LA ROUTE COTIERE",
      "from": "2025-12-06T05:00:00.000Z",
      "to": "2025-12-06T08:00:00.000Z",
      "id": "850e9a687131038c73901db8781fd3d1"
    },
    {
      "date": "Le mardi 25 novembre 2025 de  12:15:00 à  14:30:00",
      "streets": "RUE COCHELLES,COPRIME,CONCORDE TOMBEAU BAY",
      "from": "2025-11-25T08:15:00.000Z",
      "to": "2025-11-25T10:30:00.000Z",
      "id": "870e49601c57603ef6978790197abd61"
    },
    {
      "date": "Le vendredi 21 novembre 2025 de  09:40:00 à  12:00:00",
      "streets": "BEAU RIVAGE, MORC SWAN",
      "from": "2025-11-21T05:40:00.000Z",
      "to": "2025-11-21T08:00:00.000Z",
      "id": "cb13d54d429c6ca40b0ee16006e310d3"
    },
    {
      "date": "Le jeudi 20 novembre 2025 de  17:00:00 à  21:00:00",
      "streets": "MORC BEAU RIVAGE TOMBEAU BAY",
      "from": "2025-11-20T13:00:00.000Z",
      "to": "2025-11-20T17:00:00.000Z",
      "id": "20fea79cb0d60e6cb4f3b1d97417dde8"
    },
    {
      "date": "Le mercredi 19 novembre 2025 de  15:30:00 à  18:00:00",
      "streets": "DANS LES ENVIIRONS DE MORC COPRIM, MORC CONCORDE, MORC LA COCHEYLE, RESIDENCE FLORIDA, LAND SETTLEMENT ET UNE PARTIE DE PORT CHAMBLY",
      "from": "2025-11-19T11:30:00.000Z",
      "to": "2025-11-19T14:00:00.000Z",
      "id": "bf06dff742cb479339e062ba0893ac71"
    },
    {
      "date": "Le samedi 8 novembre 2025 de  08:30:00 à  15:30:00",
      "streets": "LES ABONNES DE MORC ILOIS BAIE DU TOMBEAU HABITANT DANS LES ENVIRONS DES RUES CORMORANTS, MOUETTES, RESIDENCE TULIPES ET NHDC MACADAM",
      "from": "2025-11-08T04:30:00.000Z",
      "to": "2025-11-08T11:30:00.000Z",
      "id": "029dd741e7ad964fdf7ef964b18f5e0a"
    },
    {
      "date": "Le mardi 21 octobre 2025 de  15:30:00 à  16:45:00",
      "streets": "NR CLINIC AND POLICE STATION ROYAL ROAD TOMBEAU BAY",
      "from": "2025-10-21T11:30:00.000Z",
      "to": "2025-10-21T12:45:00.000Z",
      "id": "23875e2af505885ae21a2a05a793b969"
    },
    {
      "date": "Le mardi 7 octobre 2025 de  15:30:00 à  17:00:00",
      "streets": "DANS LES ENVIRONS DE MORC SWAN, MORC BEAU RIVAGE, CSHOOL LANE, LA ROUTE COTIERE ET CLINIQUE DU NORD",
      "from": "2025-10-07T11:30:00.000Z",
      "to": "2025-10-07T13:00:00.000Z",
      "id": "ee29054176dcbbede46a1159f43ec7cc"
    },
    {
      "date": "Le dimanche 5 octobre 2025 de  08:30:00 à  15:30:00",
      "streets": "DANS LES ENVIRONS DE PONT BRUNIQUEL ET DES RUES OURSIN, HOMARD ET UNE PARTIE DE LA RUE MACADAM",
      "from": "2025-10-05T04:30:00.000Z",
      "to": "2025-10-05T11:30:00.000Z",
      "id": "1aefdf32e3ddc3e049ec1f5478db0e35"
    },
    {
      "date": "Le mercredi 1 octobre 2025 de  16:00:00 à  17:15:00",
      "streets": "LA RUE COMORAN./CARPE",
      "from": "2025-10-01T12:00:00.000Z",
      "to": "2025-10-01T13:15:00.000Z",
      "id": "817af0f8de9db98b9fd37b032e80faa6"
    },
    {
      "date": "Le lundi 29 septembre 2025 de  15:00:00 à  17:30:00",
      "streets": "DANS LES ENVIRONS DE MORC COPRIM, MORC CONCORDE, MORC LA COCHEYLE, RESIDENCE FLORIDA, LAND SETTLEMENT ET UNE PARTIE DE PORT CHAMBLY",
      "from": "2025-09-29T11:00:00.000Z",
      "to": "2025-09-29T13:30:00.000Z",
      "id": "86d1206bd5f871205491578280f3ad85"
    },
    {
      "date": "Le dimanche 17 août 2025 de  08:30:00 à  15:30:00",
      "streets": "DANS LES ENVIRONS DE PONT BRUNIQUEL, EX DOCKERS FLAT, MAURITIUS MEAT AUTHORITY, NHDC MACADAM ET UNE PARTIE DE LA RUE MACADAM",
      "from": "2025-08-17T04:30:00.000Z",
      "to": "2025-08-17T11:30:00.000Z",
      "id": "8d8e74d10f1db1aff92145abae261698"
    },
    {
      "date": "Le dimanche 10 août 2025 de  14:30:00 à  15:30:00",
      "streets": "DANS LES ENVIRONS DE MORC COPRIM, MORC CONCORDE, MORC LA COCHEYLE, RESIDENCE FLORIDA ET LAND SETTLEMENT",
      "from": "2025-08-10T10:30:00.000Z",
      "to": "2025-08-10T11:30:00.000Z",
      "id": "3262c804ff006d0c2eb529da60c48211"
    },
    {
      "date": "Le dimanche 10 août 2025 de  08:30:00 à  15:30:00",
      "streets": "DANS LES ENVIRONS DE MORC COPRIM, MORC CONCORDE, MORC LA COCHEYLE, RESIDENCE FLORIDA, LAND SETTLEMENT ET UNE PARTIE DE PORT CHAMBLY",
      "from": "2025-08-10T04:30:00.000Z",
      "to": "2025-08-10T11:30:00.000Z",
      "id": "eaf6c19b598fcd5b9e77329db5fbb04b"
    },
    {
      "date": "Le jeudi 10 juillet 2025 de  16:00:00 à  17:00:00",
      "streets": "DANS LES ENVIRONS DE PONT BRUNIQUEL, EX DOCKERS FLAT ET NHDC MACADAM",
      "from": "2025-07-10T12:00:00.000Z",
      "to": "2025-07-10T13:00:00.000Z",
      "id": "843cc87165190ddd9ecd780fc602d5c2"
    },
    {
      "date": "Le mardi 8 juillet 2025 de  16:00:00 à  17:30:00",
      "streets": "CITE FLORIDA, RESIDENCE ST MALO AND SURROUNDINGS",
      "from": "2025-07-08T12:00:00.000Z",
      "to": "2025-07-08T13:30:00.000Z",
      "id": "c295c7d997d555d757a77ca68b103a5c"
    },
    {
      "date": "Le samedi 5 juillet 2025 de  09:15:00 à  10:30:00",
      "streets": "ROYAL ROAD, B COMPLEX, WASTE WATER AND SURROUNDINGS",
      "from": "2025-07-05T05:15:00.000Z",
      "to": "2025-07-05T06:30:00.000Z",
      "id": "00a5b39c8c1bd4956a2b1d91f34f9e20"
    },
    {
      "date": "Le dimanche 29 juin 2025 de  11:00:00 à  18:30:00",
      "streets": "MORC POONITH, LE GOULET ROAD.",
      "from": "2025-06-29T07:00:00.000Z",
      "to": "2025-06-29T14:30:00.000Z",
      "id": "4414dccf51be8c9b9ebfcef653a57318"
    },
    {
      "date": "Le mercredi 25 juin 2025 de  14:00:00 à  15:00:00",
      "streets": "Ave Peche,Pomme,Orange Morc Mahadoo",
      "from": "2025-06-25T10:00:00.000Z",
      "to": "2025-06-25T11:00:00.000Z",
      "id": "f76fe980e783e488843a172ce31d394d"
    },
    {
      "date": "Le jeudi 19 juin 2025 de  15:00:00 à  17:30:00",
      "streets": "DANS LES ENVIRONS DÁVENUE SSR, MORC ILOIS ET ELISABETHVILLE",
      "from": "2025-06-19T11:00:00.000Z",
      "to": "2025-06-19T13:30:00.000Z",
      "id": "3364c26c44b276751d30f01660748774"
    },
    {
      "date": "Le vendredi 11 avril 2025 de  09:50:00 à  13:00:00",
      "streets": "MORC MADOO",
      "from": "2025-04-11T05:50:00.000Z",
      "to": "2025-04-11T09:00:00.000Z",
      "id": "ddd62457d2d486c53848302b0e2f37ec"
    },
    {
      "date": "Le dimanche 23 mars 2025 de  21:00:00 à  00:00:00",
      "streets": "RUE DE PELICAN ELIZABETH VILLE TOMBEAU BAY",
      "from": "2025-03-23T17:00:00.000Z",
      "to": "2025-03-22T20:00:00.000Z",
      "id": "22b664c6bcaccf5ba7d74c5869386a6b"
    },
    {
      "date": "Le dimanche 23 mars 2025 de  09:00:00 à  16:00:00",
      "streets": "DANS LES ENVIRONS DE MORC COPRIM, MORC CONCORDE, MORC LA COCHEYLE, RESIDENCE FLORIDA, LE GOULET, ZONE INDUSTRIEL DE JIN FEI, ET UNE PARTIE DE PORT CHAMBLY",
      "from": "2025-03-23T05:00:00.000Z",
      "to": "2025-03-23T12:00:00.000Z",
      "id": "f7cb7c6ecbbb9a0defa82b4417e0a88c"
    },
    {
      "date": "Le samedi 8 mars 2025 de  10:00:00 à  14:30:00",
      "streets": "MORC ILOIS TOMBEAU BAY",
      "from": "2025-03-08T06:00:00.000Z",
      "to": "2025-03-08T10:30:00.000Z",
      "id": "bda640563ac531be9e0c3fa4d83cd9c2"
    },
    {
      "date": "Le dimanche 2 mars 2025 de  08:30:00 à  15:30:00",
      "streets": "DANS LES ENVIRONS DE LA RUE OURSIN",
      "from": "2025-03-02T04:30:00.000Z",
      "to": "2025-03-02T11:30:00.000Z",
      "id": "1c805ad0ab23ce037f4a960b42639d2d"
    },
    {
      "date": "Le vendredi 21 février 2025 de  10:20:00 à  11:30:00",
      "streets": "MACADAM ROAD, MORC ILOIS, NHDC AND SURROUNDINGS",
      "from": "2025-02-21T06:20:00.000Z",
      "to": "2025-02-21T07:30:00.000Z",
      "id": "1be07735898c8172ba8dcaa4363c5713"
    },
    {
      "date": "Le lundi 17 février 2025 de  11:10:00 à  13:15:00",
      "streets": "MORC LA COCHEYLE",
      "from": "2025-02-17T07:10:00.000Z",
      "to": "2025-02-17T09:15:00.000Z",
      "id": "9029ac98aae42e937c2d2295c1495ee0"
    },
    {
      "date": "Le lundi 17 février 2025 de  10:40:00 à  11:10:00",
      "streets": "MORC COPRIM",
      "from": "2025-02-17T06:40:00.000Z",
      "to": "2025-02-17T07:10:00.000Z",
      "id": "8bc4678d8bc41a83151a4ca6583b0eec"
    },
    {
      "date": "Le dimanche 19 janvier 2025 de  08:30:00 à  15:30:00",
      "streets": "DANS LES ENVIRONS DE NHDC, LA RUE MACADAM,DES RUES ORANGE, POMMIER, AVOCADO ET MORC MAHADOO-Planned",
      "from": "2025-01-19T04:30:00.000Z",
      "to": "2025-01-19T11:30:00.000Z",
      "id": "9cd9d630a818396cd77106c7169653c7"
    },
    {
      "date": "Le samedi 18 janvier 2025 de  09:00:00 à  13:00:00",
      "streets": "DANS LES ENVIRONS DE LA ROUTE COTIERE, ELIZABETHVILLE ET DE LA CARPES-Planned",
      "from": "2025-01-18T05:00:00.000Z",
      "to": "2025-01-18T09:00:00.000Z",
      "id": "b47f10ac006edfe285f445d41505d90c"
    },
    {
      "date": "Le mardi 22 octobre 2024 de  14:00:00 à  17:00:00",
      "streets": "DANS LES ENVIRONS DES RUES SSR, PAILLE EN QUEUE, COMORANS, CARPES, ELIZABETHVILLE ET UNE PARTIE DE LA ROUTE COTIERE",
      "from": "2024-10-22T10:00:00.000Z",
      "to": "2024-10-22T13:00:00.000Z",
      "id": "e4e47b1d00048a3b08fa2898760f71f4"
    },
    {
      "date": "Le dimanche 8 septembre 2024 de  13:30:00 à  19:00:00",
      "streets": "WHOLE OF TOMBEAU BAY.",
      "from": "2024-09-08T09:30:00.000Z",
      "to": "2024-09-08T15:00:00.000Z",
      "id": "a23d712c6ed1d2a5da33cc3b10bf6bcd"
    },
    {
      "date": "Le mardi 3 septembre 2024 de  09:00:00 à  12:00:00",
      "streets": "LA CONCORDE TOMBEAU BAY",
      "from": "2024-09-03T05:00:00.000Z",
      "to": "2024-09-03T08:00:00.000Z",
      "id": "c57d5a69f6a801ac28ac2f1cdcabd6d6"
    },
    {
      "date": "Le dimanche 11 août 2024 de  08:30:00 à  15:30:00",
      "streets": "DANS LES ENVIRONS DE MAURITIUS MEAT AUTHORITY, RUE DES HIRONDELLES, RUE PELICAN, GOODWILL ET UNE PARTIE DE LA ROUTE COTIERE",
      "from": "2024-08-11T04:30:00.000Z",
      "to": "2024-08-11T11:30:00.000Z",
      "id": "62cca55cdf97432867d3436a7af19e05"
    },
    {
      "date": "Le dimanche 4 août 2024 de  08:30:00 à  15:00:00",
      "streets": "DANS LES ENVIRONS DE PONT BRUNIQUEL ET RUE OURSIN",
      "from": "2024-08-04T04:30:00.000Z",
      "to": "2024-08-04T11:00:00.000Z",
      "id": "6310a39e888546e4a2e6a4e6df61b0d4"
    },
    {
      "date": "Le dimanche 28 juillet 2024 de  08:30:00 à  15:00:00",
      "streets": "DANS LES ENVIRONS DE ST MALO, DOCKERS VILLAGE, MORC FON SING, BAY VILLAGE, MORC ZENITH, MORC MAHADOO, MORC HAPPY VALLEY, MORC SWAN, MORC BEAU RIVAGE, MORC SENESTRA, MORC FILATURE, ROUILLARD LANE, AVENUE DES AIGLES, SCHOOL LANE, CLINIQUE DU NORD ET UNE PARTIE DE LA ROUTE COTIERE",
      "from": "2024-07-28T04:30:00.000Z",
      "to": "2024-07-28T11:00:00.000Z",
      "id": "0b9ef4021fec576b617cecd7a19f4b62"
    },
    {
      "date": "Le mercredi 10 juillet 2024 de  16:30:00 à  17:30:00",
      "streets": "T BAY RD UPTO WAN CHAP LAN,MACADAM,OURSIN,CAMARON ETC",
      "from": "2024-07-10T12:30:00.000Z",
      "to": "2024-07-10T13:30:00.000Z",
      "id": "9f1338cc34f6948280cb91f39340ee04"
    },
    {
      "date": "Le mercredi 10 juillet 2024 de  09:00:00 à  12:00:00",
      "streets": "Le Cocotier vers Jumbo",
      "from": "2024-07-10T05:00:00.000Z",
      "to": "2024-07-10T08:00:00.000Z",
      "id": "5d48c67a9ed1081f9939944cc0d2c152"
    },
    {
      "date": "Le mercredi 10 juillet 2024 de  08:30:00 à  16:30:00",
      "streets": "DANS LES ENVIRONS DES RUES FLAMMANT, PELICAN, PINGOUIN, CYGOGNE, HIRONDELLE, IMPASSE PHOENIX ET UNE PARTIE DE LA ROUTE ROYALE",
      "from": "2024-07-10T04:30:00.000Z",
      "to": "2024-07-10T12:30:00.000Z",
      "id": "4f9194057543c1e3b7d278fb15efa599"
    },
    {
      "date": "Le mercredi 3 juillet 2024 de  08:30:00 à  16:30:00",
      "streets": "DANS LES ENVIRONS DES RUES FLAMMANT,PELICAN, PINGOUIN, CYGOGNE, HIRONDELLE, IMPASSE PHOENIX ET UNE PARTIE DE LA ROUTE ROYAL",
      "from": "2024-07-03T04:30:00.000Z",
      "to": "2024-07-03T12:30:00.000Z",
      "id": "c9e75b82934f1491a65ef3b3ecbd7544"
    },
    {
      "date": "Le dimanche 30 juin 2024 de  08:30:00 à  16:00:00",
      "streets": "DANS LES ENVIRONS DE RESIDENCE FLORIDA,MORC LA COCHELLE,MORC CONCORDE,MORC COPRIM,MORC SWAN, TERMINUS, LAND SETTLEMENT,ET LHOTEL LES COCOTIERS",
      "from": "2024-06-30T04:30:00.000Z",
      "to": "2024-06-30T12:00:00.000Z",
      "id": "07d9ddbc967ec45c27f7c339051b80ea"
    },
    {
      "date": "Le samedi 15 juin 2024 de  08:00:00 à  12:00:00",
      "streets": "OURSIN ROAD, PONT BRUNIQUEL AND SURROUNDINGS",
      "from": "2024-06-15T04:00:00.000Z",
      "to": "2024-06-15T08:00:00.000Z",
      "id": "21280126411ec106b3b116d937bf2dfa"
    },
    {
      "date": "Le samedi 8 juin 2024 de  08:30:00 à  13:30:00",
      "streets": "DANS LES ENVIRONS DE MORC FILATURE ET ST MALO EXPORT",
      "from": "2024-06-08T04:30:00.000Z",
      "to": "2024-06-08T09:30:00.000Z",
      "id": "600d585d963fe4a609758d5880c76252"
    },
    {
      "date": "Le dimanche 2 juin 2024 de  08:30:00 à  16:30:00",
      "streets": "DANS LES ENVIRONS DE RESIDENCE FLORIDA, MORC LA COCHELLE, MORC CONCORDE, MORC COPRIM, MORC SWAN, TERMINUS ET LHOTEL LES COCOTIERS",
      "from": "2024-06-02T04:30:00.000Z",
      "to": "2024-06-02T12:30:00.000Z",
      "id": "38a6c962b3a1b0b9f22ac5ea0dd7534b"
    },
    {
      "date": "Le dimanche 26 mai 2024 de  09:30:00 à  12:00:00",
      "streets": "RUE DES OURSINS, PONT BRUNIQUEL ET RUE MACADAM.",
      "from": "2024-05-26T05:30:00.000Z",
      "to": "2024-05-26T08:00:00.000Z",
      "id": "174f5b0d4e08095366c00a86a6fae3a5"
    },
    {
      "date": "Le lundi 13 mai 2024 de  15:53:00 à  17:00:00",
      "streets": "ST JOSEPH ROAD TOMBEAU BAY",
      "from": "2024-05-13T11:53:00.000Z",
      "to": "2024-05-13T13:00:00.000Z",
      "id": "15aade26a818bb88ad1e409a69018a77"
    },
    {
      "date": "Le dimanche 12 mai 2024 de  14:00:00 à  15:30:00",
      "streets": "DANS LES ENVIRONS DE ST MALO, MORC MAHADOO, MORC ILOIS ET DE LA ROUTE COTIERE",
      "from": "2024-05-12T10:00:00.000Z",
      "to": "2024-05-12T11:30:00.000Z",
      "id": "efae430354da7d61183128bd70c84c0e"
    },
    {
      "date": "Le dimanche 12 mai 2024 de  08:30:00 à  16:30:00",
      "streets": "DANS LES ENVIRONS DE PONT BRUNIQUEL, NHDC MACADAM, SHIVALA ROAD, DOCKERS FLAT ET UNE PARTIE DE LA RUE MACADAM",
      "from": "2024-05-12T04:30:00.000Z",
      "to": "2024-05-12T12:30:00.000Z",
      "id": "fc56a29499039eba6040908cb22cd485"
    },
    {
      "date": "Le mercredi 8 mai 2024 de  15:15:00 à  17:45:00",
      "streets": "MORC COPRIM,MORC LA COCHYELLE, AVE CONCORDE ET LES ALENTOURS DE HOTEL LE COCOTIER",
      "from": "2024-05-08T11:15:00.000Z",
      "to": "2024-05-08T13:45:00.000Z",
      "id": "f5aa1d6ce1b2d502915fad8301aa64d0"
    },
    {
      "date": "Le jeudi 2 mai 2024 de  09:30:00 à  15:30:00",
      "streets": "DANS LES ENVIRONS DE EX DOCKERS FLAT",
      "from": "2024-05-02T05:30:00.000Z",
      "to": "2024-05-02T11:30:00.000Z",
      "id": "059de00c20b415800724ef36790ceb9e"
    },
    {
      "date": "Le jeudi 25 avril 2024 de  10:00:00 à  15:30:00",
      "streets": "DANS LES ENVIRONS DE ROUTE SAINT JOSEPH ET LAND SETTLEMENT",
      "from": "2024-04-25T06:00:00.000Z",
      "to": "2024-04-25T11:30:00.000Z",
      "id": "c88392c49840eec9c5700da59bd0c095"
    },
    {
      "date": "Le samedi 20 avril 2024 de  09:00:00 à  14:00:00",
      "streets": "DANS LES ENVIRONS DE MORC LA COCHELLE",
      "from": "2024-04-20T05:00:00.000Z",
      "to": "2024-04-20T10:00:00.000Z",
      "id": "7cbcad1f2aa191c417d6a318386eceb8"
    },
    {
      "date": "Le jeudi 18 avril 2024 de  11:45:00 à  13:30:00",
      "streets": "MORC SWAN BEAU RIVAGE TOMBEAU BAY",
      "from": "2024-04-18T07:45:00.000Z",
      "to": "2024-04-18T09:30:00.000Z",
      "id": "3cfaaa7c1dca20c9c8575a2942547056"
    },
    {
      "date": "Le mercredi 17 avril 2024 de  11:30:00 à  12:30:00",
      "streets": "MORC BEAU RIVAGE TOMBEAU BAY",
      "from": "2024-04-17T07:30:00.000Z",
      "to": "2024-04-17T08:30:00.000Z",
      "id": "e7ea2e8e5fc3791a462737f19610697e"
    },
    {
      "date": "Le vendredi 12 avril 2024 de  16:00:00 à  17:30:00",
      "streets": "LE SENTINELLES-MEUBLES LAVAL PONT BRUNIQUEL",
      "from": "2024-04-12T12:00:00.000Z",
      "to": "2024-04-12T13:30:00.000Z",
      "id": "da22d448e531e80eeb81b403bc38f3e6"
    },
    {
      "date": "Le mercredi 10 avril 2024 de  11:00:00 à  14:00:00",
      "streets": "BRUNIKEL TOMBAY BAY",
      "from": "2024-04-10T07:00:00.000Z",
      "to": "2024-04-10T10:00:00.000Z",
      "id": "833219145b7b4fdcfd5cfad0c09ee654"
    },
    {
      "date": "Le mardi 26 mars 2024 de  14:40:00 à  15:40:00",
      "streets": "DOCKERS FLAT, ROYAL ROAD, PELICAN ST, PENGUIN ST ET LES ALENTOURS",
      "from": "2024-03-26T10:40:00.000Z",
      "to": "2024-03-26T11:40:00.000Z",
      "id": "ec64b38248b6a43babe0527891b0aa89"
    },
    {
      "date": "Le vendredi 22 mars 2024 de  16:20:00 à  18:15:00",
      "streets": "ELIZABETHVILLE BAIE DU TOMBEAU.",
      "from": "2024-03-22T12:20:00.000Z",
      "to": "2024-03-22T14:15:00.000Z",
      "id": "c9bd809c5f8016822f4903e1917c271d"
    },
    {
      "date": "Le vendredi 15 mars 2024 de  11:20:00 à  12:00:00",
      "streets": "MORC ILOIS, NHDC, LONGER TOLLE",
      "from": "2024-03-15T07:20:00.000Z",
      "to": "2024-03-15T08:00:00.000Z",
      "id": "aa3229c6252125d9a70c12680ae5db65"
    },
    {
      "date": "Le mardi 5 mars 2024 de  15:00:00 à  17:00:00",
      "streets": "DANS LES ENVIRONS DE SAINT JOSEPH ROAD, MORC LA COCHELLE, MORC CONCORDE, MORC COPRIM, LHOTEL LES COCOTIERS ET LA ZONE INDUSTRIELLE DE JIN FEI",
      "from": "2024-03-05T11:00:00.000Z",
      "to": "2024-03-05T13:00:00.000Z",
      "id": "8563d27ef29765e8f16af1ab3ec414c8"
    },
    {
      "date": "Le dimanche 18 février 2024 de  08:50:00 à  11:00:00",
      "streets": "LE GOULET RD, PORT CHAMBLY, MORC SWAN",
      "from": "2024-02-18T04:50:00.000Z",
      "to": "2024-02-18T07:00:00.000Z",
      "id": "5cb9fd5149b4bc91b1df8c25856b4164"
    },
    {
      "date": "Le dimanche 28 janvier 2024 de  09:30:00 à  15:00:00",
      "streets": "DANS LES ENVIRONS DE LA ROUTE COTIERE, MORC SWAN, MORC LA COCHELLE ET MORC BEAU RIVAGE",
      "from": "2024-01-28T05:30:00.000Z",
      "to": "2024-01-28T11:00:00.000Z",
      "id": "2ee07166890f891059f1c4a686f6fae7"
    },
    {
      "date": "Le dimanche 28 janvier 2024 de  07:00:00 à  13:00:00",
      "streets": "MORC LA COCHELLE TOMBEAU BAY",
      "from": "2024-01-28T03:00:00.000Z",
      "to": "2024-01-28T09:00:00.000Z",
      "id": "da14202fcda2e6892ff4a50fb4502d6b"
    },
    {
      "date": "Le jeudi 18 janvier 2024 de  15:30:00 à  17:00:00",
      "streets": "SCHOOL RD, PAILLE EN QUEUE RD ET LES ALENTOURS",
      "from": "2024-01-18T11:30:00.000Z",
      "to": "2024-01-18T13:00:00.000Z",
      "id": "8fce82661bcaa4f7f6feafd95d9bb305"
    },
    {
      "date": "Le vendredi 22 décembre 2023 de  22:00:00 à  00:00:00",
      "streets": "MORC LA COCHEYLE",
      "from": "2023-12-22T18:00:00.000Z",
      "to": "2023-12-21T20:00:00.000Z",
      "id": "7d9944263ab133518c07465b17c799d2"
    },
    {
      "date": "Le dimanche 10 décembre 2023 de  09:00:00 à  16:00:00",
      "streets": "DANS LES ENVIRONS DE PONT BRUNIQUEL, NHDC MACADAM, SHIVALA ROAD, DOCKERS FLAT ET UNE PARTIE DE LA RUE MACADAM",
      "from": "2023-12-10T05:00:00.000Z",
      "to": "2023-12-10T12:00:00.000Z",
      "id": "015494183c93baa08e9fff293c81deaf"
    },
    {
      "date": "Le vendredi 1 décembre 2023 de  10:00:00 à  11:00:00",
      "streets": "MORC SWAN, AVE DES ROSES, AVE DALIA, AVE CAPUCINE, AVE ANTHURIUM",
      "from": "2023-12-01T06:00:00.000Z",
      "to": "2023-12-01T07:00:00.000Z",
      "id": "29c8857b8acff5aaf212ec19cc48f496"
    },
    {
      "date": "Le vendredi 24 novembre 2023 de  10:00:00 à  13:00:00",
      "streets": "Pont Bruniquel,Lai Fat Fur",
      "from": "2023-11-24T06:00:00.000Z",
      "to": "2023-11-24T09:00:00.000Z",
      "id": "0fb3bd662f9b68cbb7d4f3cbb784a234"
    },
    {
      "date": "Le jeudi 9 novembre 2023 de  15:30:00 à  17:00:00",
      "streets": "DANS LES ENVIRONS DE RESIDENCE ROCHE BOIS, ROUTE ABATTOIR ET UNE PARTIE DE LA RUE MACADAM",
      "from": "2023-11-09T11:30:00.000Z",
      "to": "2023-11-09T13:00:00.000Z",
      "id": "972ae1d790eba2a85df7bb4ece02efeb"
    },
    {
      "date": "Le lundi 6 novembre 2023 de  18:15:00 à  20:30:00",
      "streets": "MORC LA COCHELLE, MORC CONCORDE TOMBEAU BAY",
      "from": "2023-11-06T14:15:00.000Z",
      "to": "2023-11-06T16:30:00.000Z",
      "id": "7032bf38bb2a9f5621b40a37d7cb404e"
    },
    {
      "date": "Le dimanche 5 novembre 2023 de  08:30:00 à  19:00:00",
      "streets": "DANS LES ENVIRONS DE LA ROUTE COTIERE, PONT BRUNIQUEL, EX DOCKERS FLAT ET MAURITIUS MEAT AUTHORITY",
      "from": "2023-11-05T04:30:00.000Z",
      "to": "2023-11-05T15:00:00.000Z",
      "id": "180d7cb01f92e2c10757914fb6cd88b0"
    },
    {
      "date": "Le vendredi 27 octobre 2023 de  14:00:00 à  16:00:00",
      "streets": "MORC SWAN ,EN PARTIE ROYAL ROAD",
      "from": "2023-10-27T10:00:00.000Z",
      "to": "2023-10-27T12:00:00.000Z",
      "id": "aecdbf8580cb96293b9e02815f46261b"
    },
    {
      "date": "Le lundi 23 octobre 2023 de  10:55:00 à  12:30:00",
      "streets": "TOMBEAU BAY DANS LES ALENTOURS DE PONT BRUNIQUEL",
      "from": "2023-10-23T06:55:00.000Z",
      "to": "2023-10-23T08:30:00.000Z",
      "id": "54d28296eaa16f82d78eac148d0b6a24"
    },
    {
      "date": "Le lundi 9 octobre 2023 de  15:30:00 à  16:30:00",
      "streets": "ST JOSEPH,PORT CHAMBLY UPTO TERMINUS T BAY",
      "from": "2023-10-09T11:30:00.000Z",
      "to": "2023-10-09T12:30:00.000Z",
      "id": "5fb4a0483c6c0389086fa700f1f79fa3"
    },
    {
      "date": "Le vendredi 6 octobre 2023 de  15:00:00 à  17:30:00",
      "streets": "DANS LES ENVIRONS DE RESIDENCE FLORIDA, MORC LA COCHELLE, MORC CONCORDE, MORC COPRIM, TERMINUS ET LHOTEL LES COCOTIERS",
      "from": "2023-10-06T11:00:00.000Z",
      "to": "2023-10-06T13:30:00.000Z",
      "id": "b06e0af1f7152bf8a31c8181c775803b"
    },
    {
      "date": "Le jeudi 21 septembre 2023 de  11:30:00 à  15:30:00",
      "streets": "RUE DES ORANGES MORC MAHADOO BAIE DU TOMBEAU",
      "from": "2023-09-21T07:30:00.000Z",
      "to": "2023-09-21T11:30:00.000Z",
      "id": "94af3ca4220036e56fdb4733d26e96e0"
    },
    {
      "date": "Le mardi 5 septembre 2023 de  15:30:00 à  17:00:00",
      "streets": "DANS LES ENVIRONS DE LAND SETTLEMENT ET MORC POONITH",
      "from": "2023-09-05T11:30:00.000Z",
      "to": "2023-09-05T13:00:00.000Z",
      "id": "152539595628c67a557eab6d7cb22d9d"
    },
    {
      "date": "Le dimanche 30 juillet 2023 de  09:00:00 à  16:00:00",
      "streets": "ZONE INDUISTRIELLE DE JIN FEI  HABITANT DANS LES ENVIRONS DE LA ROUTE SAINT JOSEPH, LAND SETTLEMENT,TERMINUS LE GOULET ET RESIDENCE FLORIDA",
      "from": "2023-07-30T05:00:00.000Z",
      "to": "2023-07-30T12:00:00.000Z",
      "id": "e93aa0e1d67f5fcd718014f5f20d0696"
    },
    {
      "date": "Le samedi 29 juillet 2023 de  13:00:00 à  16:00:00",
      "streets": "CITE ILOIS T-BAY",
      "from": "2023-07-29T09:00:00.000Z",
      "to": "2023-07-29T12:00:00.000Z",
      "id": "a67f35fd7e2c50c6503c99a67aee3b0d"
    },
    {
      "date": "Le samedi 29 juillet 2023 de  12:00:00 à  15:00:00",
      "streets": "LES ABONNES DE MORC CHAGOSSIEN HABITANT DANS LES ENVIRONS DE AVENUE TROIS FRERES",
      "from": "2023-07-29T08:00:00.000Z",
      "to": "2023-07-29T11:00:00.000Z",
      "id": "01402bafd41574c01fb69526fa247b0b"
    },
    {
      "date": "Le samedi 29 juillet 2023 de  09:00:00 à  12:00:00",
      "streets": "DANS LES ENVIRONS DE LA RUE MACADAM",
      "from": "2023-07-29T05:00:00.000Z",
      "to": "2023-07-29T08:00:00.000Z",
      "id": "3a6f05d49da587bc4e2c372fcd2e340e"
    },
    {
      "date": "Le jeudi 27 juillet 2023 de  09:00:00 à  16:00:00",
      "streets": "DANS LES ENVIRONS DES RUES PONT BRUNIQUEL, LANGOUSTE, HOMARD ET CRABES",
      "from": "2023-07-27T05:00:00.000Z",
      "to": "2023-07-27T12:00:00.000Z",
      "id": "bd795933330600ee1f6c8428bf4871ae"
    },
    {
      "date": "Le samedi 22 juillet 2023 de  09:00:00 à  14:30:00",
      "streets": "LES ABONNES DE ELIZABETHVILLE BAIE DU TOMBEAU HABITANT DANS LES ENVIRONS DES RUES CARPES, MARSOUINS ET CRABES",
      "from": "2023-07-22T05:00:00.000Z",
      "to": "2023-07-22T10:30:00.000Z",
      "id": "cc9ac8291538ad2d4312a0e3b1c66aeb"
    },
    {
      "date": "Le mercredi 12 juillet 2023 de  09:00:00 à  15:00:00",
      "streets": "DANS LES ENVIRONS DES RUES PONT BRUNIQUEL, OURSIN,LANGOUSTE, HOMARD ET MACADAM",
      "from": "2023-07-12T05:00:00.000Z",
      "to": "2023-07-12T11:00:00.000Z",
      "id": "76fec39b97bbe83b0698f970cabf53f7"
    },
    {
      "date": "Le dimanche 2 juillet 2023 de  08:30:00 à  14:30:00",
      "streets": "DANS LES ENVIRONS DES RUES PONT BRUNIQUEL, OURSIN, LANGOUSTE, HOMARD ET MACADAM",
      "from": "2023-07-02T04:30:00.000Z",
      "to": "2023-07-02T10:30:00.000Z",
      "id": "403b83d3023344e2811cc92a10d2d79e"
    },
    {
      "date": "Le jeudi 15 juin 2023 de  13:00:00 à  17:00:00",
      "streets": "LES ABONNES DE MORC ILOIS BAIE DU TOMBEAU HABITANT DANS LES ENVIRONS DES RUES CORMORAN, LILE MOPATE, TROIS FRERE ET DIEGO GARCIA",
      "from": "2023-06-15T09:00:00.000Z",
      "to": "2023-06-15T13:00:00.000Z",
      "id": "b385bb9f5e5fbb78fdc9e20a4ff1b4c7"
    },
    {
      "date": "Le mardi 30 mai 2023 de  15:30:00 à  17:30:00",
      "streets": "EX DOCKERS FLAT TOMBEAU BAY",
      "from": "2023-05-30T11:30:00.000Z",
      "to": "2023-05-30T13:30:00.000Z",
      "id": "4fefec78bb50f6731f554a63e4001168"
    },
    {
      "date": "Le mardi 23 mai 2023 de  09:00:00 à  12:30:00",
      "streets": "MORC ILOIS",
      "from": "2023-05-23T05:00:00.000Z",
      "to": "2023-05-23T08:30:00.000Z",
      "id": "6a57bf12ae409c162899aa4170339317"
    },
    {
      "date": "Le dimanche 21 mai 2023 de  08:30:00 à  15:00:00",
      "streets": "DANS LES ENVIRONS DE LA RUE OURSIN ET PONT BRUNIQUEL",
      "from": "2023-05-21T04:30:00.000Z",
      "to": "2023-05-21T11:00:00.000Z",
      "id": "0db70b38a3d9b2f734823e0eec5c6699"
    },
    {
      "date": "Le lundi 8 mai 2023 de  14:30:00 à  16:30:00",
      "streets": "DANS LES ENVIRONS DE LA ROUTE COTIERE, MORC SWAN, MORC CONCORDE ET ELIZABETHVILLE",
      "from": "2023-05-08T10:30:00.000Z",
      "to": "2023-05-08T12:30:00.000Z",
      "id": "90ad5efd234d8a13f4cfd59555c2368c"
    },
    {
      "date": "Le dimanche 30 avril 2023 de  09:30:00 à  10:30:00",
      "streets": "DANS LES ENVIRONS DE LA ROUTE COTIERE, SCHOOL LANE, BLUE LAGOON, CLINIQUE DU NORD ET MORC SWAN",
      "from": "2023-04-30T05:30:00.000Z",
      "to": "2023-04-30T06:30:00.000Z",
      "id": "e57a4efcc56cac21b8f866120d4b2f0e"
    },
    {
      "date": "Le dimanche 23 avril 2023 de  08:30:00 à  16:00:00",
      "streets": "UNE PARTIE DE PORT CHAMBLY ET SAINT JOSEPH ROAD",
      "from": "2023-04-23T04:30:00.000Z",
      "to": "2023-04-23T12:00:00.000Z",
      "id": "589510b5b04958292e684963eca29f30"
    },
    {
      "date": "Le mercredi 29 mars 2023 de  15:30:00 à  16:30:00",
      "streets": "UNE PARTIE DE LA COCHELLE ET UNE PARTIE DE LA CONCORDE BAIE DU TOMBEAU",
      "from": "2023-03-29T11:30:00.000Z",
      "to": "2023-03-29T12:30:00.000Z",
      "id": "bc4df46e357bf5f6e149e410a4c39697"
    },
    {
      "date": "Le mercredi 29 mars 2023 de  14:30:00 à  17:00:00",
      "streets": "DANS LES ENVIRONS DE MORC CONCORDE",
      "from": "2023-03-29T10:30:00.000Z",
      "to": "2023-03-29T13:00:00.000Z",
      "id": "28edba41667a805606701654dae56cd6"
    },
    {
      "date": "Le dimanche 26 février 2023 de  14:00:00 à  15:00:00",
      "streets": "DANS LES ENVIRONS DE LA ROUTE COTIERE, RUE OURSIN, PONT BRUNIQUEL, SCHOOL LANE, ELIZABETH VILLE, MACADAM ROAD, MORC LA COCHELLE, SAINT MALO ET MORC SWAN",
      "from": "2023-02-26T10:00:00.000Z",
      "to": "2023-02-26T11:00:00.000Z",
      "id": "226cca8f39e00ca490ae53b3b0127af9"
    },
    {
      "date": "Le dimanche 26 février 2023 de  08:30:00 à  09:15:00",
      "streets": "DANS LES ENVIRONS DE LA ROUTE COTIERE, RUE OURSIN, PONT BRUNIQUEL, SCHOOL LANE, ELIZABETH VILLE, MACADAM ROAD, MORC LA COCHELLE, SAINT MALO ET MORC SWAN",
      "from": "2023-02-26T04:30:00.000Z",
      "to": "2023-02-26T05:15:00.000Z",
      "id": "f2cb193ba9e36a9a6841d2010ab77d6a"
    },
    {
      "date": "Le dimanche 26 février 2023 de  08:15:00 à  14:00:00",
      "streets": "DANS LES ENVIRONS DE LA ROUTE COTIERE, EX DOCKERS FLAT, MACADAM ROAD ET MORC CHAGOSSIEN",
      "from": "2023-02-26T04:15:00.000Z",
      "to": "2023-02-26T10:00:00.000Z",
      "id": "a9e5b6e34d2dc6e83bf7ebd340a23b08"
    },
    {
      "date": "Le mardi 21 février 2023 de  17:30:00 à  19:00:00",
      "streets": "MORC SWAN, LARC EN CIEL, BLUE LAGOON, HAPPY VALLEY.",
      "from": "2023-02-21T13:30:00.000Z",
      "to": "2023-02-21T15:00:00.000Z",
      "id": "8ad176952c792854aba6f77122e5d2e5"
    },
    {
      "date": "Le mardi 21 février 2023 de  14:45:00 à  15:45:00",
      "streets": "V A V ELIZABETHVILLE COTE LA MER-MARSOUIN ST,CARPE ST,ROUGET ST AND NEARBY REGION",
      "from": "2023-02-21T10:45:00.000Z",
      "to": "2023-02-21T11:45:00.000Z",
      "id": "1f110055f08c4955d411c856fbb89c7a"
    },
    {
      "date": "Le mardi 21 février 2023 de  12:45:00 à  13:45:00",
      "streets": "PONT BRUNIQUEL,HOMARD ST,CRABE ST,OURSIN ST,OURITE ST",
      "from": "2023-02-21T08:45:00.000Z",
      "to": "2023-02-21T09:45:00.000Z",
      "id": "8e77135836569fbf39b231ba13956d5c"
    },
    {
      "date": "Le lundi 13 février 2023 de  15:30:00 à  17:00:00",
      "streets": "LES ABONNES DE BAIE DU TOMBEAU DANS LES ENVIRONS DE ELIZABETH VILLE ET LES RUELLES AVOISINANTES.",
      "from": "2023-02-13T11:30:00.000Z",
      "to": "2023-02-13T13:00:00.000Z",
      "id": "5cf177a836524a97800fd6dfb3dcaff1"
    },
    {
      "date": "Le mercredi 14 décembre 2022 de  15:30:00 à  17:00:00",
      "streets": "PARTIE BAIE DU TOMBEAU, CHEMIN MACADAM ET CHEMIN SENTINELLE.",
      "from": "2022-12-14T11:30:00.000Z",
      "to": "2022-12-14T13:00:00.000Z",
      "id": "01361196c172a672639c12ccc1aead9f"
    },
    {
      "date": "Le jeudi 1 décembre 2022 de  07:00:00 à  16:00:00",
      "streets": "NEW DOCKERS VILLAGE T.BAY",
      "from": "2022-12-01T03:00:00.000Z",
      "to": "2022-12-01T12:00:00.000Z",
      "id": "b7d32f06c6d5ea023fe10fba94ed9153"
    },
    {
      "date": "Le lundi 28 novembre 2022 de  15:30:00 à  17:00:00",
      "streets": "TOMBEAU BAY NEAR SIMLA SUPERMARKET",
      "from": "2022-11-28T11:30:00.000Z",
      "to": "2022-11-28T13:00:00.000Z",
      "id": "05f81a8d19212092be3bc44b071537ea"
    },
    {
      "date": "Le dimanche 30 octobre 2022 de  09:00:00 à  14:00:00",
      "streets": "LES ABONNES DE BAIE DU TOMBEAU HABITANT DANS LES ENVIRONS DE LA ROUTE COTIERE, SCHOOL LANE, MORC HAPPY VALLEY, CLINIQUE DU NORD, MORC LA COCHELLE, MORC BEAU RIVAGE ET MORC SWAN",
      "from": "2022-10-30T05:00:00.000Z",
      "to": "2022-10-30T10:00:00.000Z",
      "id": "014b7924b99ed41b3b7e50a94369989c"
    },
    {
      "date": "Le mercredi 14 septembre 2022 de  09:00:00 à  12:00:00",
      "streets": "ELIZABETH VILLE TOMBEAU BAY",
      "from": "2022-09-14T05:00:00.000Z",
      "to": "2022-09-14T08:00:00.000Z",
      "id": "267b628223efb6287e38c8df0f4eb5ca"
    },
    {
      "date": "Le jeudi 18 août 2022 de  12:15:00 à  14:15:00",
      "streets": "MORC COPRIM,PART OF ROYAL ROAD NEAR JUMBO R TERRE",
      "from": "2022-08-18T08:15:00.000Z",
      "to": "2022-08-18T10:15:00.000Z",
      "id": "2181a1cacc13c3fb5bbf509ccfc1245c"
    },
    {
      "date": "Le vendredi 29 juillet 2022 de  09:00:00 à  15:00:00",
      "streets": "LES ABONNES HABITANT MORC MAHADOO BAIE DU TOMBEAU DANS LES ENVIRONS DES RUES PAPAYE, KIWI, COC, LIME ET UNE PARTIE DU RUE SERGE COUTET",
      "from": "2022-07-29T05:00:00.000Z",
      "to": "2022-07-29T11:00:00.000Z",
      "id": "ef7c3542c250e08fcfde5ae9546f9a3a"
    },
    {
      "date": "Le vendredi 24 juin 2022 de  11:15:00 à  12:15:00",
      "streets": "Morc Mignot Tombeau Bay",
      "from": "2022-06-24T07:15:00.000Z",
      "to": "2022-06-24T08:15:00.000Z",
      "id": "2d986d0bc439278ca510e9461d639510"
    },
    {
      "date": "Le jeudi 16 juin 2022 de  14:30:00 à  17:00:00",
      "streets": "LES ABONNES HABITANT BAIE DU TOMBEAU DANS LES ENVIRONS DE MORC CHOONEEA ET MORC DESCROIZILLES",
      "from": "2022-06-16T10:30:00.000Z",
      "to": "2022-06-16T13:00:00.000Z",
      "id": "25e5b93452497305eac7a26151e92049"
    },
    {
      "date": "Le mercredi 8 juin 2022 de  13:30:00 à  14:30:00",
      "streets": "MORC LA COCHEYLE,ROYAL ROAD FROM HOTEL COCOTIERS TOWARDS JUMBO",
      "from": "2022-06-08T09:30:00.000Z",
      "to": "2022-06-08T10:30:00.000Z",
      "id": "6fbdc8c8f6e5f47587e4d9d6d378d3ab"
    },
    {
      "date": "Le jeudi 2 juin 2022 de  15:30:00 à  17:00:00",
      "streets": "LES ABONNES HABITANT BAIE DU TOMBEAU DANS LES ENVIRONS DE ZONE INDUSTRIELLE JIN FEI,MORC COPRIM, MORC LA CONCORDE, RESIDENCE FLORIDA ET CHEMIN LA BAIE",
      "from": "2022-06-02T11:30:00.000Z",
      "to": "2022-06-02T13:00:00.000Z",
      "id": "b1ac0ab658691aeeee06432c67ad26b7"
    },
    {
      "date": "Le mercredi 18 mai 2022 de  16:00:00 à  17:00:00",
      "streets": "SCHOOL RD TOMBEAU BAY NR NHDC",
      "from": "2022-05-18T12:00:00.000Z",
      "to": "2022-05-18T13:00:00.000Z",
      "id": "b8cef8065d561d7f12cd1640a6681444"
    },
    {
      "date": "Le samedi 14 mai 2022 de  08:30:00 à  15:30:00",
      "streets": "LES ABONNES DE BAIE DU TOMBEAU HABITANT DANS LES ENVIRONS DE PONT BRUNIQUEL ET RUE OURSIN",
      "from": "2022-05-14T04:30:00.000Z",
      "to": "2022-05-14T11:30:00.000Z",
      "id": "508ce612d8e98de7f8b139ddac0080d9"
    },
    {
      "date": "Le samedi 16 avril 2022 de  09:00:00 à  10:00:00",
      "streets": "DANS LES ENVIRONS DE LA ROUTE COTIERE, CORMORANS,PAILLE EN QUEUE, MACADAM ET SCHOOL LANE",
      "from": "2022-04-16T05:00:00.000Z",
      "to": "2022-04-16T06:00:00.000Z",
      "id": "ee022f6475b02ce4dec8fa9dd4b63e34"
    },
    {
      "date": "Le samedi 16 avril 2022 de  08:30:00 à  15:00:00",
      "streets": "DANS LES ENVIRONS DE LA RUE CORMORANS",
      "from": "2022-04-16T04:30:00.000Z",
      "to": "2022-04-16T11:00:00.000Z",
      "id": "0bea5a1775bd0393530158219847be34"
    },
    {
      "date": "Le jeudi 7 avril 2022 de  15:00:00 à  16:30:00",
      "streets": "Morc Senestra Tombeau Bay",
      "from": "2022-04-07T11:00:00.000Z",
      "to": "2022-04-07T12:30:00.000Z",
      "id": "aecfe2765e7f0eeacbbef4669317eaaa"
    },
    {
      "date": "Le dimanche 27 mars 2022 de  08:30:00 à  12:00:00",
      "streets": "LES ABONNES DE BAIE DU TOMBEAU HABITANT DANS LES ENVIRONS DE LA ROUTE COTIERE, MORC FON SING, MORC ZENITH, MORC HAPPY VALLEY, ROUILLARD LANE ET SCHOOL LANE",
      "from": "2022-03-27T04:30:00.000Z",
      "to": "2022-03-27T08:00:00.000Z",
      "id": "533dad658bd7719d063115e746b9aa74"
    }
  ]
}