{
  "slug": "trou-aux-biches",
  "name": "TROU AUX BICHES",
  "district": "pamplemousses",
  "generated": "2026-02-06T13:23:25.410Z",
  "outageCount": 57,
  "firstOutage": "2022-04-10",
  "lastOutage": "2026-02-06",
  "outages": [
    {
      "date": "Le vendredi 6 février 2026 de  11:00:00 à  12:00:00",
      "streets": "COASTAL RD TROU AUX BICHES-MORC MON CHOISY",
      "from": "2026-02-06T07:00:00.000Z",
      "to": "2026-02-06T08:00:00.000Z",
      "id": "5449ed46e3f510bf66c99262623baac8"
    },
    {
      "date": "Le vendredi 6 février 2026 de  10:50:00 à  12:00:00",
      "streets": "POINTE AUX BICHES, 9EME MILE TRIOLET ET 20 PIEDS ROAD",
      "from": "2026-02-06T06:50:00.000Z",
      "to": "2026-02-06T08:00:00.000Z",
      "id": "adc8baa37342213a11ca48f8864895d2"
    },
    {
      "date": "Le mardi 3 février 2026 de  15:00:00 à  17:00:00",
      "streets": "Dans les environs de Supermarche POPO et Trio Road et POINTE AUX BICHES",
      "from": "2026-02-03T11:00:00.000Z",
      "to": "2026-02-03T13:00:00.000Z",
      "id": "c6409479b7d4642d14ef52c19e5c5a2d"
    },
    {
      "date": "Le mercredi 21 janvier 2026 de  15:00:00 à  17:30:00",
      "streets": "TROU AUX BICHES",
      "from": "2026-01-21T11:00:00.000Z",
      "to": "2026-01-21T13:30:00.000Z",
      "id": "bd79f8542216261735eb021cafd76905"
    },
    {
      "date": "Le vendredi 2 janvier 2026 de  07:00:00 à  11:00:00",
      "streets": "FLEURY SUR MER TROU AUX BICHES",
      "from": "2026-01-02T03:00:00.000Z",
      "to": "2026-01-02T07:00:00.000Z",
      "id": "73fefb6078ac2142e33df18f8d75f205"
    },
    {
      "date": "Le mercredi 31 décembre 2025 de  09:15:00 à  11:15:00",
      "streets": "TROU AUX BICHES VILLAGE FROM SUPERMARKET POPO UP TO NEMORIN GOVT SCHOOL",
      "from": "2025-12-31T05:15:00.000Z",
      "to": "2025-12-31T07:15:00.000Z",
      "id": "c487e9c84b0b914d49ad2ffad562615a"
    },
    {
      "date": "Le vendredi 19 décembre 2025 de  12:30:00 à  14:00:00",
      "streets": "MORC JUBHOO TROU AUX BICHES",
      "from": "2025-12-19T08:30:00.000Z",
      "to": "2025-12-19T10:00:00.000Z",
      "id": "0dc45f21793c55ec3eaa8bed4757ef9f"
    },
    {
      "date": "Le jeudi 13 novembre 2025 de  12:00:00 à  16:00:00",
      "streets": "DANS LES ENVIRONS DE AVENUE SIRENE ET MORC RAMDANEE",
      "from": "2025-11-13T08:00:00.000Z",
      "to": "2025-11-13T12:00:00.000Z",
      "id": "f60a391d2239ea4853687d805d0ec75d"
    },
    {
      "date": "Le dimanche 7 septembre 2025 de  08:30:00 à  15:00:00",
      "streets": "POINTE AUX BICHES",
      "from": "2025-09-07T04:30:00.000Z",
      "to": "2025-09-07T11:00:00.000Z",
      "id": "57d8498e56f8fa6a0a682bcd2be8817e"
    },
    {
      "date": "Le mardi 26 août 2025 de  09:00:00 à  15:00:00",
      "streets": "TROU AUX BICHES DANS LES ENVIRONS DE COASTAL ROAD ET SUPERMARCHE POPO, POINTE AUX BICHES, UNE PARTIE DE TRIO ROAD ET POINTE AUX PIMENTS DANS LES ENVIRONS DE MORCELLEMENT FAIRWAYS",
      "from": "2025-08-26T05:00:00.000Z",
      "to": "2025-08-26T11:00:00.000Z",
      "id": "16e51c510166b293016d1d08699e2c00"
    },
    {
      "date": "Le samedi 16 août 2025 de  11:00:00 à  16:00:00",
      "streets": "FROM CHEMIN LA GARE TBS TOWARDS POLICE STATION, CUMCUMA LANE",
      "from": "2025-08-16T07:00:00.000Z",
      "to": "2025-08-16T12:00:00.000Z",
      "id": "4b085d852eb206538b8fd85d7ab2dfed"
    },
    {
      "date": "Le mercredi 9 juillet 2025 de  14:00:00 à  16:00:00",
      "streets": "MORC RAMDANEE",
      "from": "2025-07-09T10:00:00.000Z",
      "to": "2025-07-09T12:00:00.000Z",
      "id": "f44f972ba0c6744fc8635e58b29e62f9"
    },
    {
      "date": "Le mardi 18 février 2025 de  08:30:00 à  13:00:00",
      "streets": "TROU AUX BICHES ROAD, MORCELLEMENT JHUBOO, FLEURY SUR MER, ONE WAY",
      "from": "2025-02-18T04:30:00.000Z",
      "to": "2025-02-18T09:00:00.000Z",
      "id": "8e510bd0bede58788becccffff3b3373"
    },
    {
      "date": "Le mercredi 15 janvier 2025 de  09:30:00 à  12:30:00",
      "streets": "MORC ASTITVA-Unplanned",
      "from": "2025-01-15T05:30:00.000Z",
      "to": "2025-01-15T08:30:00.000Z",
      "id": "951ae5fcda82d9cee093ad6f5ef75c7a"
    },
    {
      "date": "Le lundi 13 janvier 2025 de  10:00:00 à  12:00:00",
      "streets": "Trou aux Biches Coastal Rd, Morc Ramdanee, Pte aux Biches, Morc Fairways et Mon Choisy dans les environs de PLM Azur et Choisy Les Bains",
      "from": "2025-01-13T06:00:00.000Z",
      "to": "2025-01-13T08:00:00.000Z",
      "id": "407b438552653a99774a0a44e745e43a"
    },
    {
      "date": "Le samedi 28 décembre 2024 de  11:00:00 à  13:00:00",
      "streets": "AVE HIBISCUS MORC JUBHOO TROU AUX BICHES",
      "from": "2024-12-28T07:00:00.000Z",
      "to": "2024-12-28T09:00:00.000Z",
      "id": "d17655b2114a439b2479a3b2d01d545a"
    },
    {
      "date": "Le mardi 26 novembre 2024 de  14:55:00 à  16:30:00",
      "streets": "TROU AUX BICHESPTE AUX BICHES",
      "from": "2024-11-26T10:55:00.000Z",
      "to": "2024-11-26T12:30:00.000Z",
      "id": "edd2248ada274ca0256e2d607c65f027"
    },
    {
      "date": "Le mercredi 9 octobre 2024 de  12:30:00 à  16:00:00",
      "streets": "Morc Elayah,Trou aux Biches",
      "from": "2024-10-09T08:30:00.000Z",
      "to": "2024-10-09T12:00:00.000Z",
      "id": "f915acabee7b8ab4567eb5f500b75b0a"
    },
    {
      "date": "Le samedi 28 septembre 2024 de  14:00:00 à  15:00:00",
      "streets": "MON CHOISY ET TROU AUX BICHES DANS LES ENVIRONS DE CASUARINA, COASTAL RD TROU AUX BICHES ET CORAL AZUR",
      "from": "2024-09-28T10:00:00.000Z",
      "to": "2024-09-28T11:00:00.000Z",
      "id": "bd673a06033e369a29cb2e3aae72a098"
    },
    {
      "date": "Le samedi 28 septembre 2024 de  08:00:00 à  09:00:00",
      "streets": "MON CHOISY ET TROU AUX BICHES DANS LES ENVIRONS DE CASUARINA, COASTAL RD TROU AUX BICHES ET CORAL AZUR",
      "from": "2024-09-28T04:00:00.000Z",
      "to": "2024-09-28T05:00:00.000Z",
      "id": "e4dc40cde8df606b43d6ffab4ce995b1"
    },
    {
      "date": "Le jeudi 13 juin 2024 de  16:00:00 à  17:30:00",
      "streets": "Trou aux Biches,Pte aux Biches,Pte aux Piments",
      "from": "2024-06-13T12:00:00.000Z",
      "to": "2024-06-13T13:30:00.000Z",
      "id": "e9abab62911c0ea309e592ef657511b7"
    },
    {
      "date": "Le dimanche 9 juin 2024 de  08:30:00 à  15:30:00",
      "streets": "POINTE AUX BICHES DANS LES ENVIRONS DE DIAMANT BLEU",
      "from": "2024-06-09T04:30:00.000Z",
      "to": "2024-06-09T11:30:00.000Z",
      "id": "63fc04bd37deaf591289c63cad8aec55"
    },
    {
      "date": "Le mercredi 6 mars 2024 de  10:10:00 à  12:15:00",
      "streets": "HOTEL LE PALMISTE, POPO SUPERMARKET ET LES ALENTOURS",
      "from": "2024-03-06T06:10:00.000Z",
      "to": "2024-03-06T08:15:00.000Z",
      "id": "f6e9209499d9d418cabeeb67b8446bdc"
    },
    {
      "date": "Le mercredi 21 février 2024 de  12:00:00 à  16:00:00",
      "streets": "Trou aux biches Rd, les ruelle avoisinante. Dans les environs de patisserie florensuc",
      "from": "2024-02-21T08:00:00.000Z",
      "to": "2024-02-21T12:00:00.000Z",
      "id": "9608fcb1a5500bc049f3e3b6faddb845"
    },
    {
      "date": "Le samedi 10 février 2024 de  08:30:00 à  14:30:00",
      "streets": "Pointe aux Biches, Morc. Ramdanee, Pointe aux Piments, Residence Mon Iles et dans les environs de Senior Citizen a Trou aux Biches",
      "from": "2024-02-10T04:30:00.000Z",
      "to": "2024-02-10T10:30:00.000Z",
      "id": "471f745016e763f9bb501c1975e7d020"
    },
    {
      "date": "Le mardi 30 janvier 2024 de  00:40:00 à  02:00:00",
      "streets": "MORC RAMDANEE, PART OF TROU AUX BICHES, PART OF POINTE AUX PIMENT",
      "from": "2024-01-29T20:40:00.000Z",
      "to": "2024-01-28T22:00:00.000Z",
      "id": "62cd691d2f058a4b941be33138f01feb"
    },
    {
      "date": "Le mardi 26 décembre 2023 de  20:00:00 à  23:00:00",
      "streets": "RAMSAMY RD- MAGIC RD TROU AUX BICHES",
      "from": "2023-12-26T16:00:00.000Z",
      "to": "2023-12-26T19:00:00.000Z",
      "id": "6f9f5c4bf2475b82c0ec22c9c3d7e63a"
    },
    {
      "date": "Le dimanche 17 décembre 2023 de  08:30:00 à  14:00:00",
      "streets": "Morcellement Jhuboo Phase 2, Avenue Flamboyant, Avenue Camelia, Dans Les environs de Morcellement Tobago et Morcellement Ramdanee",
      "from": "2023-12-17T04:30:00.000Z",
      "to": "2023-12-17T10:00:00.000Z",
      "id": "fb017962f57a6f1fe920c151f003b953"
    },
    {
      "date": "Le lundi 11 décembre 2023 de  08:30:00 à  09:30:00",
      "streets": "TROU AUX BICHES",
      "from": "2023-12-11T04:30:00.000Z",
      "to": "2023-12-11T05:30:00.000Z",
      "id": "44cde4f4bf19f0e6fcca551f1971908e"
    },
    {
      "date": "Le dimanche 10 décembre 2023 de  08:30:00 à  12:00:00",
      "streets": "SANDONA RD-TROU AUX BICHES RD",
      "from": "2023-12-10T04:30:00.000Z",
      "to": "2023-12-10T08:00:00.000Z",
      "id": "d0deac44db7d0cf4b358af86ff899053"
    },
    {
      "date": "Le dimanche 26 novembre 2023 de  09:00:00 à  12:00:00",
      "streets": "BARNES COMPLEX TROU AUX BICHES NR POLICE STATION",
      "from": "2023-11-26T05:00:00.000Z",
      "to": "2023-11-26T08:00:00.000Z",
      "id": "bbf21cebbf2a10a526c654cabdf77cdf"
    },
    {
      "date": "Le dimanche 19 novembre 2023 de  08:30:00 à  13:30:00",
      "streets": "Morc Jhuboo No.1 et dans les environs",
      "from": "2023-11-19T04:30:00.000Z",
      "to": "2023-11-19T09:30:00.000Z",
      "id": "4950fc8238483a10e126096d9533c54e"
    },
    {
      "date": "Le samedi 28 octobre 2023 de  19:30:00 à  20:30:00",
      "streets": "COASTAL ROAD",
      "from": "2023-10-28T15:30:00.000Z",
      "to": "2023-10-28T16:30:00.000Z",
      "id": "5aa3470bb096898279144a0010ccf379"
    },
    {
      "date": "Le samedi 28 octobre 2023 de  16:00:00 à  17:00:00",
      "streets": "MORC JHUBOO ROYAL ROAD TROU AUX BICHESNEAR SUPERMARKET POPO",
      "from": "2023-10-28T12:00:00.000Z",
      "to": "2023-10-28T13:00:00.000Z",
      "id": "502a0cd9c74e4a0e7caa362577fc5c2e"
    },
    {
      "date": "Le dimanche 15 octobre 2023 de  08:30:00 à  15:00:00",
      "streets": "Trou Aux Biches Village,  Dans Les environs De Supermarché Popo",
      "from": "2023-10-15T04:30:00.000Z",
      "to": "2023-10-15T11:00:00.000Z",
      "id": "631f0697853e40a98320a0b62e8abb35"
    },
    {
      "date": "Le dimanche 8 octobre 2023 de  08:30:00 à  15:30:00",
      "streets": "Morcellement Tobago et dans les environs de Chemin Père Laval, Mariam Villa, Centre de Communautaire de Trou Aux Biches et Scuba Dive",
      "from": "2023-10-08T04:30:00.000Z",
      "to": "2023-10-08T11:30:00.000Z",
      "id": "2dafe6adf9a1524f08daa401e0d410d4"
    },
    {
      "date": "Le dimanche 1 octobre 2023 de  10:00:00 à  13:00:00",
      "streets": "MORC MASCAREIGNES ET DANS LES ENVIRONS HOTEL LE PALMISTE.",
      "from": "2023-10-01T06:00:00.000Z",
      "to": "2023-10-01T09:00:00.000Z",
      "id": "7743a43b3cb2c8554e80e9351c1a9e5a"
    },
    {
      "date": "Le dimanche 1 octobre 2023 de  08:00:00 à  13:30:00",
      "streets": "Morcellement Mascareignes Phase 2, dans les environs de Supermarché Popo",
      "from": "2023-10-01T04:00:00.000Z",
      "to": "2023-10-01T09:30:00.000Z",
      "id": "ace4f184b69e1bcaee2ec95d0d7a270e"
    },
    {
      "date": "Le dimanche 17 septembre 2023 de  08:30:00 à  14:00:00",
      "streets": "Les abonnés de Morc Mascareigne, Les Corallines, Villa Sunshine, Villa Alexis à Trou Aux Biches et les alentours",
      "from": "2023-09-17T04:30:00.000Z",
      "to": "2023-09-17T10:00:00.000Z",
      "id": "0ef2392f9989873803d52beb79d17ff8"
    },
    {
      "date": "Le dimanche 10 septembre 2023 de  08:30:00 à  15:00:00",
      "streets": "Morcellement Ellayah  Trou aux Biches",
      "from": "2023-09-10T04:30:00.000Z",
      "to": "2023-09-10T11:00:00.000Z",
      "id": "70540bda4ed547f6d69922cebfdaa986"
    },
    {
      "date": "Le dimanche 3 septembre 2023 de  08:30:00 à  13:30:00",
      "streets": "LES ABONNES DU MORC ASHVIVA TROU AUX BICHES.",
      "from": "2023-09-03T04:30:00.000Z",
      "to": "2023-09-03T09:30:00.000Z",
      "id": "06910297cc53d0ad67604886b9044841"
    },
    {
      "date": "Le dimanche 25 juin 2023 de  08:30:00 à  14:30:00",
      "streets": "MORC ASTITVA TROU AUX BICHES",
      "from": "2023-06-25T04:30:00.000Z",
      "to": "2023-06-25T10:30:00.000Z",
      "id": "24add2091cca666864edf4bd2fbf15bb"
    },
    {
      "date": "Le mardi 6 juin 2023 de  10:00:00 à  14:00:00",
      "streets": "MORC RAMDHANEE TROU AUX BICHES.",
      "from": "2023-06-06T06:00:00.000Z",
      "to": "2023-06-06T10:00:00.000Z",
      "id": "85f6b206ed10819e2bb11be8a8590e1d"
    },
    {
      "date": "Le dimanche 14 mai 2023 de  08:30:00 à  14:00:00",
      "streets": "Chemin Fleury sur mer No1 et No2, une partie de Route Royale Trou Aux Biches, les environs de quincaillerie Horizon",
      "from": "2023-05-14T04:30:00.000Z",
      "to": "2023-05-14T10:00:00.000Z",
      "id": "95e41e21842ef532d6e1c2d32dd7f724"
    },
    {
      "date": "Le samedi 29 avril 2023 de  08:30:00 à  13:00:00",
      "streets": "Morc Mascareigne Phase 1, Villa Corail, Coastal Road Trou Aux Biches et quartier avoisinant.",
      "from": "2023-04-29T04:30:00.000Z",
      "to": "2023-04-29T09:00:00.000Z",
      "id": "0e0cbc81560ee14c1b071b6e040c25d7"
    },
    {
      "date": "Le samedi 15 avril 2023 de  08:30:00 à  13:00:00",
      "streets": "Chemin vingt pieds, Morc Bhogun, Trou aux Biches Road, Trou Aux Biches village, Morc Jhuboo",
      "from": "2023-04-15T04:30:00.000Z",
      "to": "2023-04-15T09:00:00.000Z",
      "id": "b12e90f081ae11f4b7e7407ebaff7f00"
    },
    {
      "date": "Le dimanche 19 mars 2023 de  08:30:00 à  14:30:00",
      "streets": "Route Côtière Trou Aux Biches, Morc Ellayah, Morc Sagittaire, Morc Tobago, Morc Trinidad, Morcellement Ramdanee, Route Père Laval et Route Côtière Pointe Aux Biches",
      "from": "2023-03-19T04:30:00.000Z",
      "to": "2023-03-19T10:30:00.000Z",
      "id": "a27204f3bbb487fd6c6c1c4888e9dc31"
    },
    {
      "date": "Le vendredi 16 décembre 2022 de  11:00:00 à  12:00:00",
      "streets": "TROU AUX BICHES,POINTE AUX BICHES,PART OF TRIOLET,CHEMIN VINGT PIEDS",
      "from": "2022-12-16T07:00:00.000Z",
      "to": "2022-12-16T08:00:00.000Z",
      "id": "02dc5565e0373ade668f803df6f2ddb6"
    },
    {
      "date": "Le mercredi 23 novembre 2022 de  13:30:00 à  15:00:00",
      "streets": "MORC JHUBOO",
      "from": "2022-11-23T09:30:00.000Z",
      "to": "2022-11-23T11:00:00.000Z",
      "id": "53f407934ff3c4e3a8d4baad368d184c"
    },
    {
      "date": "Le dimanche 20 novembre 2022 de  08:30:00 à  15:30:00",
      "streets": "Les abonnés habitant dans les environs de Chemin 20 Pied Triolet, Morcellement Bois Chandelle, Morcellement Bhogun, Garage TBS, cimetières Road, Shivala Road, Notre Dame de Fatima, Kumkuma Road, Trou Aux Biches Road, Morcellement Jhubboo, Fleurit sur Mer et Morcellement Kangali",
      "from": "2022-11-20T04:30:00.000Z",
      "to": "2022-11-20T11:30:00.000Z",
      "id": "38240f4a277ca736eca66e1943b83971"
    },
    {
      "date": "Le dimanche 13 novembre 2022 de  08:30:00 à  15:30:00",
      "streets": "Les abonnés habitant dès Route Côtière Trou Aux Biches, Morcellement Sagittaire Trou Aux Biches, Morcellement Ellayah, Morcellement Tobago, Route Père Laval, Morcellement Astitva, Morcellement Ramdanee et Route Côtière Pointe Aux Biches",
      "from": "2022-11-13T04:30:00.000Z",
      "to": "2022-11-13T11:30:00.000Z",
      "id": "b0f7ef5e77845fe674bf0a6f8c311974"
    },
    {
      "date": "Le lundi 19 septembre 2022 de  10:00:00 à  11:00:00",
      "streets": "POINTE AUX BICHES AUX ALENTOURS LA VERANDA",
      "from": "2022-09-19T06:00:00.000Z",
      "to": "2022-09-19T07:00:00.000Z",
      "id": "0356e4d04e7572999f6a663faed08a20"
    },
    {
      "date": "Le jeudi 25 août 2022 de  08:00:00 à  15:30:00",
      "streets": "Les abonnés habitant Morcellement Tobago, Route Père Laval, Morcellement Astitva, Morcellement Ramdanee, Trio Développent et Route Côtière Pointe Aux Biches",
      "from": "2022-08-25T04:00:00.000Z",
      "to": "2022-08-25T11:30:00.000Z",
      "id": "d815e6af8675187b751719c5e4476e86"
    },
    {
      "date": "Le dimanche 24 juillet 2022 de  08:30:00 à  15:30:00",
      "streets": "Coastal Road Pointe aux Biches, Trio Road Trou Aux Biches, Morcellement Ramdanee Pointe Aux Biches, Morcellement Astitva, Morcellement Mascareignes, Trio Road Triolet, Sewraz Road Triolet, Maheshwar Nagri Triolet et Morcellement Ellayah",
      "from": "2022-07-24T04:30:00.000Z",
      "to": "2022-07-24T11:30:00.000Z",
      "id": "0b9c2f67ae4c7ec3f85ec1c781cc8c65"
    },
    {
      "date": "Le vendredi 13 mai 2022 de  10:00:00 à  13:00:00",
      "streets": "JHUBOO RD-KUMKUMA RD-TROU AUX BICHES RD",
      "from": "2022-05-13T06:00:00.000Z",
      "to": "2022-05-13T09:00:00.000Z",
      "id": "66af53c45bc9821e9d920a4507044758"
    },
    {
      "date": "Le samedi 7 mai 2022 de  14:00:00 à  16:00:00",
      "streets": "Morc Jhuboo Trou aux Biches",
      "from": "2022-05-07T10:00:00.000Z",
      "to": "2022-05-07T12:00:00.000Z",
      "id": "fef281f7634d9e8e739070894e280cd7"
    },
    {
      "date": "Le dimanche 10 avril 2022 de  08:30:00 à  14:00:00",
      "streets": "les abonnes dans les environ de cote ouest a morcellement Jhubboo",
      "from": "2022-04-10T04:30:00.000Z",
      "to": "2022-04-10T10:00:00.000Z",
      "id": "5e28b546c1c6188d8a300ee2d19be2b8"
    }
  ]
}