{
  "slug": "upper-vale",
  "name": "UPPER VALE",
  "district": "rivieredurempart",
  "generated": "2026-02-07T07:10:43.446Z",
  "outageCount": 18,
  "firstOutage": "2022-04-05",
  "lastOutage": "2025-12-24",
  "outages": [
    {
      "date": "Le mercredi 24 décembre 2025 de  18:00:00 à  22:00:00",
      "streets": "RAMGOOLAM ROAD, SSR ROAD ET LES ENVIRONS.",
      "from": "2025-12-24T14:00:00.000Z",
      "to": "2025-12-24T18:00:00.000Z",
      "id": "b37e25a9be51787e643fd0b985e3e7b2"
    },
    {
      "date": "Le mercredi 10 décembre 2025 de  16:20:00 à  21:00:00",
      "streets": "ROYAL ROAD UPPER VALE DANS LES ENVIRONS SPEED CAMERA.",
      "from": "2025-12-10T12:20:00.000Z",
      "to": "2025-12-10T17:00:00.000Z",
      "id": "64c8af54630133f2d5e1520c125e5a0b"
    },
    {
      "date": "Le jeudi 19 juin 2025 de  08:30:00 à  02:00:00",
      "streets": "COLONEL YELDAM, MOSQUE ROAD ET DANS LES PARAGES DE UPPER VALE",
      "from": "2025-06-19T04:30:00.000Z",
      "to": "2025-06-18T22:00:00.000Z",
      "id": "09b6b9a4cd177840ae040aeae3c71f22"
    },
    {
      "date": "Le mercredi 9 avril 2025 de  15:00:00 à  17:00:00",
      "streets": "Vale towards Chemin Vingt Pieds",
      "from": "2025-04-09T11:00:00.000Z",
      "to": "2025-04-09T13:00:00.000Z",
      "id": "66b156ed7831103af46bc0fcb0e28013"
    },
    {
      "date": "Le samedi 22 février 2025 de  08:00:00 à  10:00:00",
      "streets": "UPPER VALE",
      "from": "2025-02-22T04:00:00.000Z",
      "to": "2025-02-22T06:00:00.000Z",
      "id": "d78d4c90ba3f70fc5fa9051178ed1680"
    },
    {
      "date": "Le lundi 27 janvier 2025 de  17:00:00 à  22:00:00",
      "streets": "UPPER VALE",
      "from": "2025-01-27T13:00:00.000Z",
      "to": "2025-01-27T18:00:00.000Z",
      "id": "ac3f866f25049e4f21122e8213368c68"
    },
    {
      "date": "Le lundi 20 janvier 2025 de  15:00:00 à  16:30:00",
      "streets": "CHEMIN SSR ET UNE PARTIE DE LA ROUTE ROYALE.",
      "from": "2025-01-20T11:00:00.000Z",
      "to": "2025-01-20T12:30:00.000Z",
      "id": "353bcd16d13d1e39dc242f9cdab994b5"
    },
    {
      "date": "Le lundi 9 décembre 2024 de  09:00:00 à  10:00:00",
      "streets": "BOUNDARY OF FOND DU SAC UPPER VALE & LOWER VALE, WHOLE AREA OF VALE",
      "from": "2024-12-09T05:00:00.000Z",
      "to": "2024-12-09T06:00:00.000Z",
      "id": "5051b30163de7d5d776f8e612cbcefc8"
    },
    {
      "date": "Le mardi 22 octobre 2024 de  11:00:00 à  12:30:00",
      "streets": "UPPER VALE",
      "from": "2024-10-22T07:00:00.000Z",
      "to": "2024-10-22T08:30:00.000Z",
      "id": "f3447cb928ffbb1cf0d97764f12a9bf7"
    },
    {
      "date": "Le mercredi 16 octobre 2024 de  12:00:00 à  16:00:00",
      "streets": "MOSQUE ROAD UPPER VALE",
      "from": "2024-10-16T08:00:00.000Z",
      "to": "2024-10-16T12:00:00.000Z",
      "id": "b693c255f2fe075400e59b2ad43a7fc7"
    },
    {
      "date": "Le lundi 16 septembre 2024 de  19:00:00 à  22:00:00",
      "streets": "CASHMIRE ROAD,ROYAL ROAD,ABDOOL RAZACK MOHAMED STREET",
      "from": "2024-09-16T15:00:00.000Z",
      "to": "2024-09-16T18:00:00.000Z",
      "id": "1c40beaed705e7a6397bfff6a560ac76"
    },
    {
      "date": "Le mardi 9 juillet 2024 de  10:00:00 à  12:30:00",
      "streets": "SSR ROAD, ROYAL ROAD AND SURROUNDINGS",
      "from": "2024-07-09T06:00:00.000Z",
      "to": "2024-07-09T08:30:00.000Z",
      "id": "08ff55f6b59d4ffa5b8d78e5e36e6258"
    },
    {
      "date": "Le mardi 28 mai 2024 de  09:45:00 à  12:00:00",
      "streets": "SSR Road & Morc Sucre D-Or",
      "from": "2024-05-28T05:45:00.000Z",
      "to": "2024-05-28T08:00:00.000Z",
      "id": "2496465a8034575794038aa5f6198495"
    },
    {
      "date": "Le mardi 23 avril 2024 de  13:00:00 à  14:00:00",
      "streets": "ROYAL RD UPPER VALE",
      "from": "2024-04-23T09:00:00.000Z",
      "to": "2024-04-23T10:00:00.000Z",
      "id": "978424da545b4cd3f1aed4192f293118"
    },
    {
      "date": "Le mercredi 1 novembre 2023 de  11:00:00 à  15:00:00",
      "streets": "LOWER VALE,UPPER VALE",
      "from": "2023-11-01T07:00:00.000Z",
      "to": "2023-11-01T11:00:00.000Z",
      "id": "dca96ad2cec78973420ba8455602a599"
    },
    {
      "date": "Le lundi 21 novembre 2022 de  12:45:00 à  14:45:00",
      "streets": "UPPER VALE",
      "from": "2022-11-21T08:45:00.000Z",
      "to": "2022-11-21T10:45:00.000Z",
      "id": "9047758ffb57c1d6b3c8fd32a260bb3c"
    },
    {
      "date": "Le dimanche 6 novembre 2022 de  08:30:00 à  15:00:00",
      "streets": "Lower & Upper VALE",
      "from": "2022-11-06T04:30:00.000Z",
      "to": "2022-11-06T11:00:00.000Z",
      "id": "332f1f07dd1a7ce98c07d5f507e0e8ee"
    },
    {
      "date": "Le mardi 5 avril 2022 de  08:30:00 à  15:00:00",
      "streets": "THE VALE",
      "from": "2022-04-05T04:30:00.000Z",
      "to": "2022-04-05T11:00:00.000Z",
      "id": "b35980032a643047c3beee822e2751bd"
    }
  ]
}